4,13,1,2,0,0,0,9.2661e-05,1.1141e-11,0,70,22.969,4.9273e-09,-0.48674,1.3877e-06,0.010414,1.0746e-05,5153.7,2.592e+05,9.3132e-09,1.164,1.6205e-07,0.93745,160.59,0.94967,-8.3553e-09,4.6145e-10,1,1721,0,2,0,-6.5193e-09,70,2.5897e+05,1721,2.592e+05,1.0411e+09
5,13,1,2,0,0,0,-0.00037624,-2.16e-12,0,77,20.063,5.2302e-09,-1.7222,7.8976e-07,0.003176,5.0683e-06,5153.8,2.592e+05,2.4214e-08,2.2122,-5.9605e-08,0.94925,273.22,0.31016,-8.4311e-09,1.4536e-10,1,1721,0,2,0,-1.0245e-08,77,2.5202e+05,1721,2.592e+05,1.0411e+09
8,13,1,1,22,0,0,3.756e-06,2.2737e-13,0,76,80.625,3.6187e-09,-0.51047,4.1053e-06,0.012713,8.5775e-06,5153.6,2.52e+05,2.4028e-07,-1.8686,6.333e-08,0.99815,232.66,-2.8869,-7.8114e-09,1.5072e-10,1,1721,0,2.8,0,-4.191e-09,76,2.4482e+05,1721,2.52e+05,1.0411e+09
9,13,1,2,0,0,0,0.00021075,2.6148e-12,0,117,67.844,3.9762e-09,0.90269,3.3975e-06,0.017048,9.6709e-06,5152.8,2.592e+05,-2.6077e-07,-1.981,-1.546e-07,0.98438,208.19,1.6355,-8.0814e-09,1.2858e-10,1,1721,0,2.8,0,-5.5879e-09,117,2.5202e+05,1721,2.592e+05,1.0411e+09
10,13,1,1,22,0,0,-6.4545e-05,-1.4779e-12,0,91,15.969,5.3531e-09,-2.417,5.6438e-07,0.012215,5.0329e-06,5153.7,2.52e+05,1.5646e-07,2.2325,-1.7136e-07,0.94411,272.25,0.78676,-8.3661e-09,1.6786e-10,1,1721,0,2.8,0,-2.794e-09,91,2.4482e+05,1721,2.52e+05,1.0411e+09
12,13,1,2,0,0,0,0.00011009,2.0464e-12,0,74,-3.2188,4.3534e-09,0.85656,-2.0489e-07,0.0041321,3.1106e-06,5153.6,2.592e+05,1.1176e-08,-0.89856,5.4017e-08,0.98238,328.53,0.13824,-8.2443e-09,-1.8215e-11,1,1721,0,2,0,-1.2107e-08,74,2.5202e+05,1721,2.592e+05,1.0411e+09
14,13,1,2,0,0,0,0.00021906,4.5475e-13,0,44,-9.8438,4.1762e-09,-2.5632,-4.0978e-07,0.0067371,9.1214e-06,5153.7,2.592e+05,1.0617e-07,-2.9532,-4.4703e-08,0.97635,210.72,-2.0172,-7.7403e-09,-3.5001e-10,1,1721,0,2,0,-8.8476e-09,44,2.5436e+05,1721,2.592e+05,1.0411e+09
15,13,1,1,23,59,44,-0.00010391,-1.1369e-12,0,4,-17.531,5.0374e-09,-3.0067,-8.4192e-07,0.0051789,9.0078e-06,5153.7,2.5918e+05,-5.7742e-08,-3.0481,-2.2352e-08,0.94303,197.59,0.097699,-8.1818e-09,-4.418e-10,1,1721,0,2,0,-1.0245e-08,4,2.5744e+05,1721,2.5918e+05,1.0411e+09
17,13,1,1,23,59,44,6.375e-05,-3.5243e-12,0,4,-102.94,4.183e-09,-2.3707,-5.2657e-06,0.0079533,9.1493e-06,5153.8,2.5918e+05,5.4017e-08,0.15789,-5.9605e-08,0.96476,203.75,-2.2662,-7.8114e-09,-1.4786e-10,1,1721,0,2,0,-1.071e-08,4,2.5477e+05,1721,2.5918e+05,1.0411e+09
18,13,1,2,0,0,0,0.00023232,1.819e-12,0,43,25.531,5.7535e-09,-0.8769,1.6186e-06,0.013634,5.0496e-06,5153.7,2.592e+05,1.8626e-08,2.2179,3.2037e-07,0.92789,265.06,-2.1317,-8.8118e-09,7.0717e-11,1,1721,0,2,0,-1.071e-08,43,2.5202e+05,1721,2.592e+05,1.0411e+09
21,13,1,1,22,0,0,-0.00027199,-2.3874e-12,0,65,23,5.177e-09,-0.82036,1.5367e-06,0.019595,9.4175e-06,5153.8,2.52e+05,1.1176e-07,1.1686,4.191e-07,0.93121,184,-2.1915,-8.5054e-09,3.8287e-10,1,1721,0,2,0,-1.1176e-08,65,2.4482e+05,1721,2.52e+05,1.0411e+09
22,13,1,2,0,0,0,0.00015476,9.0949e-13,0,34,23.688,5.6774e-09,-1.551,1.3299e-06,0.0061465,4.7386e-06,5153.7,2.592e+05,1.0617e-07,2.2208,9.127e-08,0.92563,266.69,-2.024,-8.6207e-09,1.0179e-10,1,1721,0,2,0,-1.7229e-08,34,2.5202e+05,1721,2.592e+05,1.0411e+09
24,13,1,1,23,59,44,1.3574e-06,-6.8212e-13,0,11,70.656,4.4445e-09,2.3343,3.7476e-06,0.00043605,9.222e-06,5153.7,2.5918e+05,-9.3132e-09,-1.9829,5.9605e-08,0.95931,198.91,-0.13967,-8.0875e-09,1.7001e-10,1,1721,0,2,0,4.191e-09,11,2.5202e+05,1721,2.5918e+05,1.0411e+09
25,13,1,2,0,0,0,6.0118e-05,2.3874e-12,0,107,-1.6563,4.6077e-09,-0.11797,-1.6391e-07,0.0019511,3.0193e-06,5153.6,2.592e+05,-4.0978e-08,-0.93517,2.9802e-08,0.9712,323.56,0.59966,-8.3718e-09,-6.0717e-12,1,1721,0,2.8,0,5.1223e-09,107,2.5246e+05,1721,2.592e+05,1.0411e+09
26,13,1,2,0,0,0,-0.00015363,1.3529e-11,0,63,-12.125,3.9802e-09,2.656,-7.8231e-07,0.020991,9.9726e-06,5153.7,2.592e+05,1.6391e-07,-2.9318,-2.5332e-07,0.98111,193.03,1.2133,-7.4021e-09,-4.8609e-10,1,1721,0,2,0,-6.0536e-09,63,2.5202e+05,1721,2.592e+05,1.0411e+09
28,13,1,2,0,0,0,0.00021956,3.5243e-12,0,25,-11.719,4.2745e-09,-1.6249,-3.4831e-07,0.018594,2.6133e-06,5153.6,2.592e+05,3.3714e-07,-0.87382,2.7753e-07,0.98155,338.66,-1.7985,-8.1011e-09,-4.4288e-11,1,1721,0,2,0,-1.071e-08,25,2.5202e+05,1721,2.592e+05,1.0411e+09
29,13,1,2,0,0,0,0.00039361,3.979e-12,0,9,-98.219,4.323e-09,0.50969,-5.1223e-06,0.0018193,8.6874e-06,5153.7,2.592e+05,6.5193e-08,0.16658,-6.7055e-08,0.96535,216.97,-1.1105,-8.026e-09,-2.4751e-10,1,1721,0,2,0,-9.3132e-09,9,2.5865e+05,1721,2.592e+05,1.0411e+09
9,13,1,2,2,0,0,0.00021077,2.6148e-12,0,118,77.063,3.8248e-09,1.9534,3.757e-06,0.017047,9.4529e-06,5152.8,2.664e+05,2.6077e-07,-1.981,-1.9372e-07,0.98438,203.34,1.6354,-7.5528e-09,1.4751e-10,1,1721,0,2.8,0,-5.5879e-09,118,2.5922e+05,1721,2.664e+05,1.0411e+09
15,13,1,2,1,59,44,-0.00010392,-1.1369e-12,0,5,-18.938,5.0163e-09,-1.9565,-1.2312e-06,0.0051791,9.0264e-06,5153.7,2.6638e+05,3.3528e-08,-3.0482,-1.0058e-07,0.94302,197.13,0.097722,-8.2653e-09,-3.7144e-10,1,1721,0,2,0,-1.0245e-08,5,2.5922e+05,1721,2.6638e+05,1.0411e+09
22,13,1,2,2,0,0,0.00015477,9.0949e-13,0,40,24.531,5.757e-09,-0.50091,1.3541e-06,0.0061463,5.1521e-06,5153.7,2.664e+05,-7.8231e-08,2.2207,7.4506e-08,0.92563,262.63,-2.0239,-8.8114e-09,1.0822e-10,1,1721,0,2,0,-1.7229e-08,40,2.5922e+05,1721,2.664e+05,1.0411e+09
12,13,1,2,2,0,0,0.0001101,2.0464e-12,0,86,-2.375,4.3755e-09,1.9069,-1.5646e-07,0.0041321,3.0119e-06,5153.6,2.664e+05,-3.7253e-08,-0.89862,7.8231e-08,0.98238,331.81,0.13813,-8.2307e-09,-1.0715e-12,1,1721,0,2,0,-1.2107e-08,86,2.5922e+05,1721,2.664e+05,1.0411e+09
24,13,1,2,2,0,0,1.3527e-06,-6.8212e-13,0,12,82.375,4.4666e-09,-2.8948,4.3064e-06,0.00043764,9.5554e-06,5153.7,2.664e+05,-1.8626e-08,-1.9829,3.7253e-09,0.95931,193.44,-0.14131,-8.0403e-09,1.9322e-10,1,1721,0,2,0,4.191e-09,12,2.5922e+05,1721,2.664e+05,1.0411e+09
25,13,1,2,1,59,44,6.0135e-05,2.3874e-12,0,15,1.9063,4.6473e-09,0.92991,1.2852e-07,0.0019515,3.0138e-06,5153.6,2.6638e+05,2.794e-08,-0.93523,1.3039e-08,0.9712,324.53,0.59967,-8.41e-09,4.0359e-11,1,1721,0,2,0,5.1223e-09,15,2.5922e+05,1721,2.6638e+05,1.0411e+09
14,13,1,2,2,0,0,0.00021906,4.5475e-13,0,45,-12.344,4.2034e-09,-1.513,-5.0291e-07,0.006737,9.1493e-06,5153.7,2.664e+05,1.5646e-07,-2.9532,7.8231e-08,0.97635,210.91,-2.0172,-7.8135e-09,-3.9287e-10,1,1721,0,2,0,-8.8476e-09,45,2.5922e+05,1721,2.664e+05,1.0411e+09
18,13,1,2,2,0,0,0.00023233,1.819e-12,0,49,24.406,5.7524e-09,0.17323,1.2778e-06,0.013634,5.2471e-06,5153.7,2.664e+05,-1.4342e-07,2.2178,1.7323e-07,0.92789,263.25,-2.1317,-8.9236e-09,7.8218e-11,1,1721,0,2,0,-1.071e-08,49,2.5922e+05,1721,2.664e+05,1.0411e+09
4,13,1,2,2,0,0,9.2741e-05,1.1141e-11,0,81,19.625,4.8948e-09,0.56345,1.1921e-06,0.010413,1.0476e-05,5153.7,2.664e+05,-2.3283e-07,1.1639,9.6858e-08,0.93746,167.59,0.94963,-8.2521e-09,2.8965e-10,1,1721,0,2,0,-6.5193e-09,81,2.5922e+05,1721,2.664e+05,1.0411e+09
29,13,1,2,2,0,0,0.00039363,3.979e-12,0,44,-100.25,4.3741e-09,1.5602,-5.2582e-06,0.0018191,8.7619e-06,5153.7,2.664e+05,1.0058e-07,0.16652,-3.7253e-09,0.96535,212.09,-1.1109,-8.0068e-09,-2.6287e-10,1,1721,0,2,0,-9.3132e-09,44,2.5922e+05,1721,2.664e+05,1.0411e+09
17,13,1,2,1,59,44,6.3724e-05,-3.5243e-12,0,5,-85.094,4.3777e-09,-1.3209,-4.4666e-06,0.0079543,8.693e-06,5153.8,2.6638e+05,2.2911e-07,0.15783,6.8918e-08,0.96476,214.44,-2.2659,-7.9439e-09,-2.7001e-10,1,1721,0,2,0,-1.071e-08,5,2.5934e+05,1721,2.6638e+05,1.0411e+09
2,13,1,2,2,0,0,0.0004134,1.3642e-12,0,40,24.219,4.6652e-09,-2.7098,1.1679e-06,0.011815,1.1398e-05,5153.6,2.664e+05,-6.8918e-08,1.1473,-1.3597e-07,0.93843,146.25,-2.6985,-7.9296e-09,4.7216e-10,1,1721,0,2,0,-1.7695e-08,40,2.5973e+05,1721,2.664e+05,1.0411e+09
27,13,1,2,2,0,0,-0.00019918,3.638e-12,0,65,-2.6563,5.7977e-09,-0.44728,-1.4342e-07,0.0056765,3.228e-06,5153.6,2.664e+05,-5.9605e-08,-0.91928,8.0094e-08,0.97607,322.09,0.852,-8.3711e-09,-1.3215e-11,1,1721,0,2,63,-1.9092e-08,65,2.6479e+05,1721,2.664e+05,1.0411e+09
31,13,1,2,4,0,0,0.00029547,2.0464e-12,0,129,69.906,3.9773e-09,-3.0995,3.757e-06,0.0081273,9.6597e-06,5153.8,2.736e+05,-1.6764e-08,-1.953,1.546e-07,0.98072,202.69,-0.82283,-7.7057e-09,2.243e-10,1,1721,0,2,0,-1.3504e-08,129,2.6642e+05,1721,2.736e+05,1.0411e+09
2,13,1,2,4,0,0,0.00041341,1.3642e-12,0,41,17.844,4.8288e-09,-1.6599,8.4937e-07,0.011817,1.0144e-05,5153.6,2.736e+05,1.3039e-08,1.1473,-2.5332e-07,0.93843,173.75,-2.6982,-7.9557e-09,4.1823e-10,1,1721,0,2,0,-1.7695e-08,41,2.6642e+05,1721,2.736e+05,1.0411e+09
25,13,1,2,4,0,0,6.0153e-05,2.3874e-12,0,22,6.125,4.6573e-09,1.9829,3.0547e-07,0.0019514,2.8592e-06,5153.6,2.736e+05,-7.6368e-08,-0.93529,0,0.9712,328.53,0.59926,-8.3578e-09,1.1e-10,1,1721,0,2,0,5.1223e-09,22,2.6642e+05,1721,2.736e+05,1.0411e+09
29,13,1,2,4,0,0,0.00039366,3.979e-12,0,48,-95.781,4.3166e-09,2.61,-5.0366e-06,0.0018187,8.896e-06,5153.7,2.736e+05,2.4214e-08,0.16646,4.8429e-08,0.96535,208.75,-1.1105,-7.9518e-09,-3.1537e-10,1,1721,0,2,0,-9.3132e-09,48,2.6642e+05,1721,2.736e+05,1.0411e+09
14,13,1,2,4,0,0,0.00021906,4.5475e-13,0,46,-11.313,4.2552e-09,-0.46292,-5.4389e-07,0.0067369,9.5274e-06,5153.7,2.736e+05,-2.6077e-08,-2.9533,7.6368e-08,0.97635,207.5,-2.0171,-7.9832e-09,-3.9002e-10,1,1721,0,2,0,-8.8476e-09,46,2.6642e+05,1721,2.736e+05,1.0411e+09
12,13,1,2,4,0,0,0.00011012,2.0464e-12,0,87,-1.3125,4.3313e-09,2.9571,-1.2666e-07,0.0041322,3.0454e-06,5153.6,2.736e+05,-7.0781e-08,-0.89868,-4.4703e-08,0.98238,331.03,0.1381,-8.1293e-09,5.786e-11,1,1721,0,2,0,-1.2107e-08,87,2.6642e+05,1721,2.736e+05,1.0411e+09
24,13,1,2,4,0,0,1.3481e-06,-6.8212e-13,0,13,75.031,4.453e-09,-1.8467,3.7849e-06,0.00043791,9.4119e-06,5153.7,2.736e+05,-1.8626e-08,-1.983,-5.5879e-09,0.95931,198.13,-0.13929,-8.0464e-09,1.9572e-10,1,1721,0,2,0,4.191e-09,13,2.6642e+05,1721,2.736e+05,1.0411e+09
27,13,1,2,4,0,0,-0.00019915,3.638e-12,0,66,0.96875,5.8624e-09,0.60295,2.3097e-07,0.0056769,3.2578e-06,5153.6,2.736e+05,-7.4506e-09,-0.91935,2.2352e-08,0.97607,322.63,0.85199,-8.4229e-09,2.9644e-11,1,1721,0,2,63,-1.9092e-08,66,2.6642e+05,1721,2.736e+05,1.0411e+09
21,13,1,2,4,0,0,-0.00027204,-2.3874e-12,0,75,10.719,4.9473e-09,2.33,3.39e-07,0.019597,1.1647e-05,5153.8,2.736e+05,0,1.1685,-3.7625e-07,0.93121,135.53,-2.1914,-7.9489e-09,3.7752e-10,1,1721,0,2,0,-1.1176e-08,75,2.6711e+05,1721,2.736e+05,1.0411e+09
30,13,1,2,3,59,44,-0.00026507,1.2733e-11,0,31,15.906,4.9056e-09,-0.34352,1.0002e-06,0.010857,3.5707e-06,5153.6,2.7358e+05,-1.0803e-07,-1.0282,-1.6764e-08,0.96226,310.75,1.6124,-8.6782e-09,1.7179e-10,1,1721,0,4,0,-4.6566e-09,31,2.6738e+05,1721,2.7358e+05,1.0411e+09
16,13,1,2,4,0,0,-0.00025143,-3.4106e-13,0,58,-4.7188,4.3727e-09,0.70241,-1.9185e-07,0.0067722,3.1609e-06,5153.6,2.736e+05,4.4703e-08,-0.88037,3.3528e-08,0.98313,325.41,0.027232,-8.2618e-09,-2.6073e-11,1,1721,0,2,0,-9.7789e-09,58,2.7169e+05,1721,2.736e+05,1.0411e+09
23,13,1,2,4,0,0,0.00012805,-3.7517e-12,0,83,-15.094,4.5959e-09,-1.4057,-1.004e-06,0.008137,8.205e-06,5153.8,2.736e+05,5.0291e-08,-3.0093,-1.4342e-07,0.95789,217.66,-2.9169,-8.0518e-09,-2.5144e-10,1,1721,0,2,0,-2.0489e-08,83,2.7191e+05,1721,2.736e+05,1.0411e+09
6,13,1,2,4,0,0,0.00040329,-1.3529e-11,0,8,-99.75,5.0606e-09,0.40095,-5.4222e-06,0.0075608,7.0855e-06,5153.7,2.736e+05,1.2107e-07,0.05849,-4.6566e-08,0.94023,231.72,-0.39874,-8.5204e-09,-3.4751e-10,1,1721,0,2,0,-5.1223e-09,8,2.7193e+05,1721,2.736e+05,1.0411e+09
31,13,1,2,6,0,0,0.00029549,2.0464e-12,0,130,77.625,3.9952e-09,-2.0494,4.1388e-06,0.008128,9.8497e-06,5153.8,2.808e+05,-1.5646e-07,-1.9531,1.2666e-07,0.98072,203.03,-0.82284,-7.7864e-09,2.3537e-10,1,1721,0,2,0,-1.3504e-08,130,2.7362e+05,1721,2.808e+05,1.0411e+09
27,13,1,2,6,0,0,-0.00019913,3.638e-12,0,78,4.2188,5.9038e-09,1.6533,2.3283e-07,0.0056766,3.2075e-06,5153.6,2.808e+05,-1.546e-07,-0.91941,3.7253e-09,0.97607,327,0.85188,-8.3514e-09,1.2786e-10,1,1721,0,2,63,-1.9092e-08,78,2.7362e+05,1721,2.808e+05,1.0411e+09
29,13,1,2,6,0,0,0.00039369,3.979e-12,0,49,-86.375,4.3502e-09,-2.6231,-4.5747e-06,0.0018202,8.6036e-06,5153.7,2.808e+05,-2.4214e-08,0.16641,5.0291e-08,0.96535,214.25,-1.1105,-7.9303e-09,-2.8323e-10,1,1721,0,2,0,-9.3132e-09,49,2.7362e+05,1721,2.808e+05,1.0411e+09
30,13,1,2,6,0,0,-0.00026498,1.2733e-11,0,32,19.344,4.9916e-09,0.70907,1.0077e-06,0.010856,3.5651e-06,5153.6,2.808e+05,-1.3225e-07,-1.0283,-6.333e-08,0.96226,315.31,1.6124,-8.6661e-09,1.6251e-10,1,1721,0,5.7,0,-4.6566e-09,32,2.7362e+05,1721,2.808e+05,1.0411e+09
21,13,1,2,6,0,0,-0.00027206,-2.3874e-12,0,83,22.969,4.8234e-09,-2.9031,9.2015e-07,0.019595,1.1239e-05,5153.8,2.808e+05,1.1362e-07,1.1684,-2.0675e-07,0.93122,142.5,-2.1914,-7.8393e-09,3.5894e-10,1,1721,0,2,0,-1.1176e-08,83,2.7362e+05,1721,2.808e+05,1.0411e+09
25,13,1,2,6,0,0,6.017e-05,2.3874e-12,0,25,5.5938,4.6184e-09,3.0333,2.7567e-07,0.001952,3.1721e-06,5153.6,2.808e+05,1.8626e-09,-0.93535,-4.8429e-08,0.9712,323.59,0.59907,-8.2793e-09,1.2179e-10,1,1721,0,2,0,5.1223e-09,25,2.7362e+05,1721,2.808e+05,1.0411e+09
14,13,1,2,6,0,0,0.00021907,4.5475e-13,0,49,-11.063,4.1787e-09,0.58727,-7.3574e-07,0.0067368,9.2201e-06,5153.7,2.808e+05,-5.9605e-08,-2.9533,5.2154e-08,0.97634,209.22,-2.0172,-7.9718e-09,-4.1752e-10,1,1721,0,2,0,-8.8476e-09,49,2.7362e+05,1721,2.808e+05,1.0411e+09
16,13,1,2,6,0,0,-0.00025143,-3.4106e-13,0,59,-3.0625,4.4563e-09,1.7527,7.4506e-08,0.0067723,3.3174e-06,5153.6,2.808e+05,4.4703e-08,-0.88043,1.099e-07,0.98313,327.63,0.027207,-8.2614e-09,1.8572e-11,1,1721,0,2,0,-9.7789e-09,59,2.7362e+05,1721,2.808e+05,1.0411e+09
23,13,1,2,6,0,0,0.00012802,-3.7517e-12,0,87,-16.375,4.6173e-09,-0.35553,-7.7859e-07,0.0081371,8.2478e-06,5153.8,2.808e+05,1.6391e-07,-3.0094,5.2154e-08,0.95789,217.88,-2.9169,-8.2243e-09,-3.6823e-10,1,1721,0,2,0,-2.0489e-08,87,2.7362e+05,1721,2.808e+05,1.0411e+09
5,13,1,2,6,0,0,-0.00037629,-2.16e-12,0,104,29.781,5.0381e-09,1.4277,1.6727e-06,0.0031776,5.2899e-06,5153.8,2.808e+05,-2.4214e-08,2.212,3.3528e-08,0.94925,272.03,0.31056,-8.375e-09,3.0716e-11,1,1721,0,2.8,0,-1.0245e-08,104,2.7409e+05,1721,2.808e+05,1.0411e+09
3,13,1,2,6,0,0,0.00014972,5.1159e-12,0,60,-91.406,5.4074e-09,-0.44722,-4.6436e-06,0.015928,6.726e-06,5153.7,2.808e+05,-1.2107e-07,-0.019882,1.8626e-07,0.93349,235.22,1.262,-8.8657e-09,-2.8858e-10,1,1721,0,2.8,0,-4.6566e-09,60,2.7593e+05,1721,2.808e+05,1.0411e+09
18,13,1,2,6,0,0,0.00023236,1.819e-12,0,74,24.563,5.4863e-09,2.2735,1.1623e-06,0.013634,4.8149e-06,5153.7,2.808e+05,2.794e-08,2.2177,-3.1106e-07,0.92789,267.97,-2.1317,-8.4682e-09,1.3358e-10,1,1721,0,2,0,-1.071e-08,74,2.7629e+05,1721,2.808e+05,1.0411e+09
13,13,1,2,6,0,0,0.00015563,-2.8422e-12,0,44,-13.75,3.9502e-09,0.42701,-7.6368e-07,0.0048696,9.0022e-06,5153.6,2.808e+05,2.2352e-08,-2.9251,-7.4506e-08,0.98361,217.06,2.0685,-7.8653e-09,-3.6323e-10,1,1721,0,2,0,-1.1176e-08,44,2.7686e+05,1721,2.808e+05,1.0411e+09
19,13,1,2,5,59,44,-0.00033625,-3.2969e-12,0,10,-94.344,4.5527e-09,0.057005,-4.9677e-06,0.0087823,8.5067e-06,5153.7,2.8078e+05,1.3597e-07,0.21006,6.5193e-08,0.96203,213.41,0.27509,-8.2243e-09,-3.3001e-10,1,1721,0,2,0,-1.4435e-08,10,2.7905e+05,1721,2.8078e+05,1.0411e+09
22,13,1,2,6,0,0,0.00015478,9.0949e-13,0,42,27.313,5.7185e-09,1.5996,1.3988e-06,0.0061458,4.895e-06,5153.7,2.808e+05,-1.248e-07,2.2206,-1.0058e-07,0.92563,266.19,-2.024,-8.7525e-09,9.6075e-11,1,1721,0,2,0,-1.7229e-08,42,2.7965e+05,1721,2.808e+05,1.0411e+09
30,13,1,2,8,0,0,-0.00026489,1.2733e-11,0,33,18.688,4.8509e-09,1.7592,7.9907e-07,0.010856,3.1814e-06,5153.6,2.88e+05,1.6019e-07,-1.0283,-2.4959e-07,0.96226,319.03,1.6124,-8.3328e-09,2.2037e-10,1,1721,0,8,0,-4.6566e-09,33,2.8082e+05,1721,2.88e+05,1.0411e+09
16,13,1,2,8,0,0,-0.00025143,-3.4106e-13,0,82,-2.1563,4.4213e-09,2.803,-3.3528e-08,0.0067723,3.3081e-06,5153.6,2.88e+05,-1.3225e-07,-0.88049,-2.0489e-08,0.98313,329.13,0.027182,-8.1186e-09,1.5072e-10,1,1721,0,2,0,-9.7789e-09,82,2.8082e+05,1721,2.88e+05,1.0411e+09
21,13,1,2,8,0,0,-0.00027207,-2.3874e-12,0,84,26.094,4.9641e-09,-1.8531,1.1381e-06,0.019598,9.7826e-06,5153.8,2.88e+05,2.9802e-07,1.1683,-1.9372e-07,0.93122,170.84,-2.1912,-7.8971e-09,3.2001e-10,1,1721,0,2,0,-1.1176e-08,84,2.8082e+05,1721,2.88e+05,1.0411e+09
3,13,1,2,8,0,0,0.00014976,5.1159e-12,0,61,-91.031,5.447e-09,0.60297,-4.5858e-06,0.015928,6.9756e-06,5153.7,2.88e+05,-1.8999e-07,-0.019945,7.0781e-08,0.93349,234.72,1.262,-8.845e-09,-3.7966e-10,1,1721,0,2.8,0,-4.6566e-09,61,2.8082e+05,1721,2.88e+05,1.0411e+09
27,13,1,2,8,0,0,-0.0001991,3.638e-12,0,97,3.4375,5.8006e-09,2.7035,1.6205e-07,0.0056768,3.3043e-06,5153.6,2.88e+05,2.2352e-08,-0.91947,-9.872e-08,0.97607,325.34,0.85185,-8.1589e-09,1.5572e-10,1,1721,0,2.8,63,-1.9092e-08,97,2.8082e+05,1721,2.88e+05,1.0411e+09
6,13,1,2,8,0,0,0.00040309,-1.3529e-11,0,145,-97.094,5.0966e-09,2.5012,-4.8727e-06,0.0075606,7.3835e-06,5153.7,2.88e+05,-1.8626e-08,0.058368,2.5705e-07,0.94022,224.59,-0.39866,-8.3439e-09,-2.8823e-10,1,1721,0,2,0,-5.1223e-09,145,2.8082e+05,1721,2.88e+05,1.0411e+09
18,13,1,2,8,0,0,0.00023237,1.819e-12,0,75,30.438,5.4027e-09,-2.9596,1.5441e-06,0.013633,4.7125e-06,5153.7,2.88e+05,1.0617e-07,2.2176,-1.3039e-07,0.92789,269.84,-2.1317,-8.34e-09,9.5718e-11,1,1721,0,2,0,-1.071e-08,75,2.8082e+05,1721,2.88e+05,1.0411e+09
31,13,1,2,8,0,0,0.0002955,2.0464e-12,0,131,64.938,4.022e-09,-0.99948,3.1088e-06,0.0081273,9.4362e-06,5153.8,2.88e+05,-1.1548e-07,-1.9531,-5.0291e-08,0.98072,211.75,-0.82263,-7.9103e-09,3.0751e-10,1,1721,0,2,0,-1.3504e-08,131,2.8082e+05,1721,2.88e+05,1.0411e+09
19,13,1,2,8,0,0,-0.00033627,-3.2969e-12,0,71,-90.813,4.5727e-09,1.1095,-4.4666e-06,0.0087827,8.7004e-06,5153.7,2.88e+05,3.7253e-08,0.21,1.3411e-07,0.96202,210.38,0.27514,-8.1478e-09,-4.0002e-10,1,1721,0,2,0,-1.4435e-08,71,2.8082e+05,1721,2.88e+05,1.0411e+09
22,13,1,2,8,0,0,0.00015479,9.0949e-13,0,75,28.656,5.5581e-09,2.6497,1.4491e-06,0.0061456,4.7404e-06,5153.7,2.88e+05,9.872e-08,2.2206,-4.2841e-08,0.92563,269.44,-2.0239,-8.5168e-09,8.036e-11,1,1721,0,2,0,-1.7229e-08,75,2.8082e+05,1721,2.88e+05,1.0411e+09
29,13,1,2,8,0,0,0.00039372,3.979e-12,0,63,-84.313,4.392e-09,-1.5724,-4.4759e-06,0.0018198,8.1453e-06,5153.7,2.88e+05,-1.3039e-07,0.16635,7.4506e-09,0.96534,221.94,-1.111,-8.0285e-09,-2.7394e-10,1,1721,0,2,0,-9.3132e-09,63,2.8082e+05,1721,2.88e+05,1.0411e+09
7,13,1,2,8,0,0,0.00016417,4.4338e-12,0,92,60.688,4.0195e-09,-0.95136,3.1255e-06,0.0060514,9.4213e-06,5153.7,2.88e+05,1.1176e-07,-1.957,-5.2154e-08,0.9757,202.88,-2.9219,-7.8775e-09,2.6823e-10,1,1721,0,2.8,0,-1.1176e-08,92,2.8181e+05,1721,2.88e+05,1.0411e+09
7,13,1,2,7,59,44,0.00016416,4.4338e-12,0,3,60.688,4.0195e-09,-0.9537,3.1255e-06,0.0060514,9.4231e-06,5153.7,2.8798e+05,1.1176e-07,-1.957,-5.2154e-08,0.9757,202.88,-2.9219,-7.8775e-09,2.6787e-10,1,1721,0,2,0,-1.1176e-08,3,2.8345e+05,1721,2.8798e+05,1.0411e+09
11,13,1,2,8,0,0,-0.0003394,-3.7517e-12,0,58,-17.938,6.1524e-09,-0.75058,-8.6054e-07,0.013807,1.1221e-05,5153.7,2.88e+05,-8.0094e-08,0.87941,2.4028e-07,0.88851,123.41,1.1356,-8.9611e-09,5.2502e-11,1,1721,0,2,0,-1.1642e-08,58,2.843e+05,1721,2.88e+05,1.0411e+09
8,13,1,2,7,59,44,3.7653e-06,2.2737e-13,0,4,61.438,3.5598e-09,-1.5449,2.9318e-06,0.012713,9.0674e-06,5153.6,2.8798e+05,8.5682e-08,-1.8689,-1.546e-07,0.99816,222.09,-2.8869,-7.5992e-09,4.4145e-10,1,1721,0,2,0,-4.191e-09,4,2.8637e+05,1721,2.8798e+05,1.0411e+09
1,13,1,2,8,0,0,0.00029094,2.2737e-12,0,106,9.75,4.4398e-09,-0.55,3.8184e-07,0.0015288,1.1524e-05,5153.7,2.88e+05,3.9116e-08,1.1656,4.2841e-08,0.9599,155.53,0.49951,-7.9389e-09,1.9822e-10,1,1721,0,2,0,8.3819e-09,106,2.8651e+05,1721,2.88e+05,1.0411e+09
1,13,1,2,7,59,44,0.00029094,2.2737e-12,0,0,9.75,4.4398e-09,-0.55233,3.8184e-07,0.0015288,1.1524e-05,5153.7,2.8798e+05,3.9116e-08,1.1656,4.2841e-08,0.9599,155.53,0.49951,-7.9389e-09,1.9858e-10,1,1721,0,2,0,8.3819e-09,0,2.8685e+05,1721,2.8798e+05,1.0411e+09
30,13,1,2,7,59,44,-0.00026489,1.2392e-11,0,13,18.688,4.8509e-09,1.7569,7.9907e-07,0.010856,3.1814e-06,5153.6,2.8798e+05,1.6019e-07,-1.0283,-2.4959e-07,0.96226,319.03,1.6124,-8.3328e-09,2.2037e-10,1,1721,0,2,0,-4.6566e-09,13,2.873e+05,1721,2.8798e+05,1.0411e+09
6,13,1,2,10,0,0,0.000403,-1.3529e-11,0,146,-88.188,5.0538e-09,-2.7317,-4.4461e-06,0.0075618,7.5363e-06,5153.7,2.952e+05,-1.1735e-07,0.058308,8.3819e-08,0.94022,222.16,-0.3987,-8.2075e-09,-1.9858e-10,1,1721,0,2,0,-5.1223e-09,146,2.8802e+05,1721,2.952e+05,1.0412e+09
18,13,1,2,10,0,0,0.00023238,1.819e-12,0,76,30.344,5.4209e-09,-1.9094,1.5665e-06,0.013633,4.9248e-06,5153.8,2.952e+05,2.2352e-07,2.2176,-1.0617e-07,0.92789,266.53,-2.1317,-8.3775e-09,7.4646e-11,1,1721,0,2,0,-1.071e-08,76,2.8802e+05,1721,2.952e+05,1.0412e+09
11,13,1,2,10,0,0,-0.00033943,-3.7517e-12,0,59,-17.813,6.1949e-09,0.29963,-7.5437e-07,0.013807,1.1001e-05,5153.7,2.952e+05,-1.7695e-07,0.87935,1.248e-07,0.88851,129.38,1.1356,-8.9725e-09,8.5718e-12,1,1721,0,2,0,-1.1642e-08,59,2.8802e+05,1721,2.952e+05,1.0412e+09
7,13,1,2,9,59,44,0.00016419,4.4338e-12,0,23,66.25,4.0334e-09,0.096378,3.4794e-06,0.0060512,9.5852e-06,5153.7,2.9518e+05,9.127e-08,-1.9571,5.2154e-08,0.9757,202.38,-2.9218,-7.95e-09,2.3787e-10,1,1721,0,2,0,-1.1176e-08,23,2.8802e+05,1721,2.9518e+05,1.0412e+09
3,13,1,2,10,0,0,0.0001498,5.1159e-12,0,62,-96.063,5.3109e-09,1.6531,-5.2191e-06,0.015928,6.8117e-06,5153.7,2.952e+05,-2.3842e-07,-0.020009,-3.6508e-07,0.93349,237,1.2621,-8.4939e-09,-1.8965e-10,1,1721,0,2.8,0,-4.6566e-09,62,2.8802e+05,1721,2.952e+05,1.0412e+09
19,13,1,2,10,0,0,-0.0003363,-3.2969e-12,0,72,-86.813,4.5802e-09,2.1597,-4.4126e-06,0.0087829,8.8383e-06,5153.7,2.952e+05,-2.2724e-07,0.20995,1.5274e-07,0.96202,211.22,0.27509,-8.0364e-09,-2.2358e-10,1,1721,0,2,0,-1.4435e-08,72,2.8802e+05,1721,2.952e+05,1.0412e+09
16,13,1,2,10,0,0,-0.00025143,-3.4106e-13,0,83,-4.1875,4.4002e-09,-2.43,-2.3097e-07,0.0067729,3.5986e-06,5153.6,2.952e+05,-8.5682e-08,-0.88055,-9.4995e-08,0.98313,325.75,0.027201,-8.1168e-09,1.7108e-10,1,1721,0,2,0,-9.7789e-09,83,2.8802e+05,1721,2.952e+05,1.0412e+09
22,13,1,2,10,0,0,0.00015479,9.0949e-13,0,77,33.344,5.5113e-09,-2.5833,1.6894e-06,0.0061446,5.0273e-06,5153.7,2.952e+05,3.1665e-08,2.2205,-2.6077e-08,0.92563,264.25,-2.0239,-8.4807e-09,3.5716e-11,1,1721,0,2.8,0,-1.7229e-08,77,2.8802e+05,1721,2.952e+05,1.0412e+09
30,13,1,2,9,59,44,-0.0002648,1.2392e-11,0,36,21.5,4.7691e-09,2.8071,9.6112e-07,0.010855,3.1944e-06,5153.6,2.9518e+05,1.6764e-07,-1.0284,-5.0291e-08,0.96227,318.09,1.6124,-8.2043e-09,1.6429e-10,1,1721,0,2.8,0,-4.6566e-09,36,2.8802e+05,1721,2.9518e+05,1.0412e+09
1,13,1,2,9,59,44,0.00029096,2.2737e-12,0,1,18.031,4.4602e-09,0.49787,9.6671e-07,0.0015303,1.1059e-05,5153.7,2.9518e+05,9.3132e-09,1.1656,3.3528e-08,0.9599,161.88,0.49947,-7.9546e-09,1.9787e-10,1,1721,0,2,0,8.3819e-09,1,2.8802e+05,1721,2.9518e+05,1.0412e+09
21,13,1,2,10,0,0,-0.00027209,-2.3874e-12,0,85,16.969,5.1845e-09,-0.80291,1.0021e-06,0.019599,9.656e-06,5153.8,2.952e+05,6.333e-08,1.1683,4.2282e-07,0.93122,178.59,-2.1913,-8.5264e-09,1.1393e-10,1,1721,0,2,0,-1.1176e-08,85,2.8802e+05,1721,2.952e+05,1.0412e+09
8,13,1,2,9,59,44,3.7667e-06,2.2737e-13,0,35,66.875,3.5962e-09,-0.49478,3.5781e-06,0.012713,9.1512e-06,5153.6,2.9518e+05,2.3469e-07,-1.869,7.6368e-08,0.99816,220.25,-2.8869,-7.7957e-09,2.9858e-10,1,1721,0,2,0,-4.191e-09,35,2.8802e+05,1721,2.9518e+05,1.0412e+09
32,13,1,2,10,0,0,-0.00052246,-3.5243e-12,0,76,19.531,5.1977e-09,0.67812,8.624e-07,0.011684,4.7181e-06,5153.8,2.952e+05,2.7381e-07,2.3008,-9.4995e-08,0.94989,280.28,-0.42186,-8.5343e-09,-4.1787e-11,1,1721,0,2,0,-3.2596e-09,76,2.888e+05,1721,2.952e+05,1.0412e+09
14,13,1,2,10,0,0,0.00021907,4.5475e-13,0,73,-10.281,3.9402e-09,2.6875,-5.1782e-07,0.0067361,8.6371e-06,5153.7,2.952e+05,1.1176e-08,-2.9534,-7.4506e-08,0.97634,219.06,-2.017,-7.6907e-09,-3.2894e-10,1,1721,0,2,0,-8.8476e-09,73,2.8991e+05,1721,2.952e+05,1.0412e+09
28,13,1,2,10,0,0,0.00021968,3.5243e-12,0,49,-3.6563,4.347e-09,-2.6571,-2.5705e-07,0.018596,3.0398e-06,5153.6,2.952e+05,2.8871e-07,-0.87412,2.6077e-08,0.98155,327.72,-1.7984,-7.9343e-09,2.868e-10,1,1721,0,2,0,-1.071e-08,49,2.9185e+05,1721,2.952e+05,1.0412e+09
20,13,1,2,10,0,0,7.8558e-05,1.3642e-12,0,65,34.594,5.6317e-09,-1.3414,1.8012e-06,0.0054423,5.0142e-06,5153.6,2.952e+05,7.4506e-08,2.164,1.2852e-07,0.9285,265.5,1.281,-8.6925e-09,3.5359e-11,1,1721,0,2,0,-7.9162e-09,65,2.9191e+05,1721,2.952e+05,1.0412e+09
11,13,1,2,12,0,0,-0.00033945,-3.7517e-12,0,64,-22.188,6.1981e-09,1.3498,-1.1865e-06,0.013807,1.0932e-05,5153.7,3.024e+05,-3.2969e-07,0.87928,-5.2154e-08,0.88851,134.28,1.1356,-8.8679e-09,6.7503e-11,1,1721,0,2,0,-1.1642e-08,64,2.9522e+05,1721,3.024e+05,1.0412e+09
32,13,1,2,12,0,0,-0.00052249,-3.5243e-12,0,79,33.594,5.0452e-09,1.7281,1.7732e-06,0.011685,4.8317e-06,5153.8,3.024e+05,8.1956e-08,2.3008,1.7136e-07,0.94989,277.72,-0.4217,-8.2939e-09,-2.1715e-10,1,1721,0,2,0,-3.2596e-09,79,2.9522e+05,1721,3.024e+05,1.0412e+09
6,13,1,2,12,0,0,0.0004029,-1.3529e-11,0,147,-85.188,5.0963e-09,-1.6815,-4.5486e-06,0.0075613,7.4729e-06,5153.7,3.024e+05,-1.1921e-07,0.058248,-1.844e-07,0.94022,226.09,-0.39876,-8.4314e-09,-9.4647e-11,1,1721,0,2,0,-5.1223e-09,147,2.9522e+05,1721,3.024e+05,1.0412e+09
28,13,1,2,12,0,0,0.00021971,3.5243e-12,0,50,1.8438,4.3305e-09,-1.6069,5.383e-07,0.018596,3.0771e-06,5153.6,3.024e+05,3.0175e-07,-0.87417,3.0361e-07,0.98155,327.09,-1.7984,-8.0889e-09,2.2072e-10,1,1721,0,2,0,-1.071e-08,50,2.9522e+05,1721,3.024e+05,1.0412e+09
19,13,1,2,12,0,0,-0.00033632,-3.2969e-12,0,74,-85.125,4.5077e-09,-3.0733,-4.4014e-06,0.0087826,8.652e-06,5153.7,3.024e+05,-1.6764e-07,0.20989,-5.4017e-08,0.96202,213.97,0.27508,-7.8943e-09,-1.6751e-10,1,1721,0,2,0,-1.4435e-08,74,2.9522e+05,1721,3.024e+05,1.0412e+09
1,13,1,2,12,0,0,0.00029097,2.2737e-12,0,2,16.625,4.5552e-09,1.5514,9.1642e-07,0.0015292,1.0515e-05,5153.7,3.024e+05,-1.6764e-08,1.1655,5.0291e-08,0.9599,175.81,0.49839,-7.9471e-09,2.0894e-10,1,1721,0,2,0,8.3819e-09,2,2.9522e+05,1721,3.024e+05,1.0412e+09
3,13,1,2,12,0,0,0.00014983,5.1159e-12,0,63,-93.25,5.1945e-09,2.7033,-4.923e-06,0.015928,6.2641e-06,5153.7,3.024e+05,9.6858e-08,-0.020069,-2.4773e-07,0.93349,241.84,1.2621,-8.2018e-09,-2.1465e-10,1,1721,0,2.8,0,-4.6566e-09,63,2.9522e+05,1721,3.024e+05,1.0412e+09
20,13,1,2,12,0,0,7.8567e-05,1.3642e-12,0,76,36.781,5.6606e-09,-0.29109,1.9185e-06,0.0054425,4.9509e-06,5153.6,3.024e+05,-1.8626e-08,2.1639,9.3132e-08,0.9285,266.41,1.281,-8.7532e-09,3.7502e-11,1,1721,0,2,0,-7.9162e-09,76,2.9522e+05,1721,3.024e+05,1.0412e+09
22,13,1,2,12,0,0,0.0001548,9.0949e-13,0,78,32,5.5677e-09,-1.533,1.6037e-06,0.0061443,5.1837e-06,5153.7,3.024e+05,1.4901e-07,2.2204,7.6368e-08,0.92563,261.28,-2.024,-8.5821e-09,-5.0359e-11,1,1721,0,2.8,0,-1.7229e-08,78,2.9522e+05,1721,3.024e+05,1.0412e+09
14,13,1,2,12,0,0,0.00021908,4.5475e-13,0,83,-15.156,4.0162e-09,-2.5456,-6.9104e-07,0.0067373,8.3931e-06,5153.7,3.024e+05,1.4901e-08,-2.9535,-9.6858e-08,0.97634,226.66,-2.017,-7.6925e-09,-3.3966e-10,1,1721,0,2,0,-8.8476e-09,83,2.9522e+05,1721,3.024e+05,1.0412e+09
16,13,1,2,12,0,0,-0.00025144,-3.4106e-13,0,85,-0.5625,4.2938e-09,-1.3795,-2.4959e-07,0.0067726,3.7309e-06,5153.6,3.024e+05,2.6077e-08,-0.88061,-7.2643e-08,0.98314,316.97,0.027015,-8.1607e-09,2.4965e-10,1,1721,0,2,0,-9.7789e-09,85,2.9522e+05,1721,3.024e+05,1.0412e+09
23,13,1,2,11,59,44,0.00012794,-3.7517e-12,0,21,-16.969,4.512e-09,2.7924,-9.5367e-07,0.0081365,8.4937e-06,5153.8,3.0238e+05,-1.2666e-07,-3.0095,-2.794e-08,0.95788,214.41,-2.9168,-7.9493e-09,-4.2037e-10,1,1721,0,2,0,-2.0489e-08,21,2.9806e+05,1721,3.0238e+05,1.0412e+09
17,13,1,2,12,0,0,6.3596e-05,-3.5243e-12,0,68,-97.469,4.4788e-09,-2.3512,-4.9975e-06,0.0079555,8.4508e-06,5153.8,3.024e+05,1.6019e-07,0.15754,-1.8626e-08,0.96474,215.72,-2.2659,-7.9807e-09,-1.5929e-10,1,1721,0,2,0,-1.071e-08,68,2.9815e+05,1721,3.024e+05,1.0412e+09
31,13,1,2,12,0,0,0.00029553,2.0464e-12,0,133,48.563,3.8448e-09,1.1006,2.5611e-06,0.0081283,8.7041e-06,5153.8,3.024e+05,1.6578e-07,-1.9532,-1.3597e-07,0.98072,219.5,-0.82254,-7.8075e-09,2.1322e-10,1,1721,0,2,0,-1.3504e-08,133,3.0203e+05,1721,3.024e+05,1.0412e+09
13,13,1,2,12,0,0,0.00015557,-2.8422e-12,0,61,-6.9688,3.9162e-09,-2.7054,-3.6694e-07,0.0048702,9.1046e-06,5153.6,3.024e+05,2.794e-08,-2.9253,7.4506e-08,0.9836,215.84,2.0684,-7.6571e-09,-4.1787e-10,1,1721,0,2,0,-1.1176e-08,61,3.0224e+05,1721,3.024e+05,1.0412e+09
20,13,1,2,14,0,0,7.8577e-05,1.3642e-12,0,81,37.875,5.6031e-09,0.7591,1.9539e-06,0.0054441,5.5376e-06,5153.6,3.096e+05,-8.1956e-08,2.1639,5.7742e-08,0.9285,255.13,1.2811,-8.7346e-09,5.0002e-12,1,1721,0,2,0,-7.9162e-09,81,3.0242e+05,1721,3.096e+05,1.0412e+09
1,13,1,2,14,0,0,0.00029099,2.2737e-12,0,25,10.875,4.5005e-09,2.6011,5.9418e-07,0.0015288,1.0395e-05,5153.7,3.096e+05,-3.539e-08,1.1655,-2.0489e-08,0.95991,178.56,0.49888,-7.8885e-09,2.4251e-10,1,1721,0,2,0,8.3819e-09,25,3.0242e+05,1721,3.096e+05,1.0412e+09
23,13,1,2,14,0,0,0.00012791,-3.7517e-12,0,22,-13.844,4.5152e-09,-2.4383,-8.4378e-07,0.0081355,8.1398e-06,5153.8,3.096e+05,-8.9407e-08,-3.0096,-1.397e-07,0.95788,221.44,-2.9168,-8.0214e-09,-3.7609e-10,1,1721,0,2,0,-2.0489e-08,22,3.0242e+05,1721,3.096e+05,1.0412e+09
32,13,1,2,14,0,0,-0.00052251,-3.5243e-12,0,80,32.094,4.9884e-09,2.7781,1.6484e-06,0.011684,5.4128e-06,5153.8,3.096e+05,-1.3597e-07,2.3007,2.2724e-07,0.94989,268.25,-0.4216,-8.2139e-09,-7.1789e-11,1,1721,0,2.8,0,-3.2596e-09,80,3.0242e+05,1721,3.096e+05,1.0412e+09
11,13,1,2,14,0,0,-0.00033948,-3.7517e-12,0,65,-28.125,6.0017e-09,2.3999,-1.5832e-06,0.013807,1.0395e-05,5153.7,3.096e+05,5.5879e-08,0.87922,-2.2724e-07,0.88851,138.03,1.1357,-8.45e-09,1.1608e-10,1,1721,0,2,0,-1.1642e-08,65,3.0242e+05,1721,3.096e+05,1.0412e+09
17,13,1,2,14,0,0,6.357e-05,-3.5243e-12,0,75,-81.813,4.5598e-09,-1.3013,-4.1649e-06,0.0079562,8.1044e-06,5153.8,3.096e+05,1.397e-07,0.15748,9.4995e-08,0.96474,222.78,-2.2656,-8.011e-09,-1.4858e-10,1,1721,0,2,0,-1.071e-08,75,3.0242e+05,1721,3.096e+05,1.0412e+09
28,13,1,2,14,0,0,0.00021973,3.5243e-12,0,79,-0.03125,4.4548e-09,-0.5568,1.993e-07,0.018596,4.027e-06,5153.6,3.096e+05,-1.4342e-07,-0.87423,2.0862e-07,0.98155,318.69,-1.7983,-8.5079e-09,2.5644e-10,1,1721,0,2.8,0,-1.071e-08,79,3.0242e+05,1721,3.096e+05,1.0412e+09
19,13,1,2,14,0,0,-0.00033635,-3.2969e-12,0,82,-87.375,4.5445e-09,-2.0231,-4.7479e-06,0.0087828,8.3987e-06,5153.7,3.096e+05,2.6077e-08,0.20983,-1.7881e-07,0.96202,218.09,0.27513,-8.0385e-09,-2.9644e-11,1,1721,0,2,0,-1.4435e-08,82,3.0242e+05,1721,3.096e+05,1.0412e+09
14,13,1,2,14,0,0,0.00021908,4.5475e-13,0,90,-16.469,4.143e-09,-1.4954,-8.3633e-07,0.0067375,8.3353e-06,5153.7,3.096e+05,2.3842e-07,-2.9535,8.1956e-08,0.97633,229.38,-2.017,-7.8768e-09,-5.0609e-10,1,1721,0,2.8,0,-8.8476e-09,90,3.0242e+05,1721,3.096e+05,1.0412e+09
31,13,1,2,14,0,0,0.00029555,2.0464e-12,0,139,50.656,3.7773e-09,2.1507,2.8126e-06,0.0081277,9.1083e-06,5153.8,3.096e+05,5.5879e-08,-1.9533,5.7742e-08,0.98073,211.75,-0.8225,-7.645e-09,9.8933e-11,1,1721,0,2,0,-1.3504e-08,139,3.0242e+05,1721,3.096e+05,1.0412e+09
13,13,1,2,14,0,0,0.00015555,-2.8422e-12,0,83,-8.0625,3.9445e-09,-1.6549,-4.4331e-07,0.0048694,8.6222e-06,5153.6,3.096e+05,-1.248e-07,-2.9253,7.8231e-08,0.9836,226.13,2.0681,-7.8e-09,-4.2002e-10,1,1721,0,2,0,-1.1176e-08,83,3.0242e+05,1721,3.096e+05,1.0412e+09
4,13,1,2,14,0,0,9.3215e-05,1.1141e-11,0,8,14.188,5.0949e-09,0.58113,9.872e-07,0.010412,1.077e-05,5153.7,3.096e+05,-1.3225e-07,1.1636,9.3132e-08,0.93747,161.31,0.94968,-8.3489e-09,1.3643e-10,1,1721,0,2,0,-6.5193e-09,8,3.0374e+05,1721,3.096e+05,1.0412e+09
32,13,1,2,13,59,44,-0.00052251,-3.5243e-12,0,3,32.094,4.9881e-09,2.7758,1.6484e-06,0.011684,5.411e-06,5153.8,3.0958e+05,-1.3597e-07,2.3007,2.2724e-07,0.94989,268.25,-0.4216,-8.2139e-09,-7.1789e-11,1,1721,0,2,0,-3.2596e-09,3,3.0461e+05,1721,3.0958e+05,1.0412e+09
10,13,1,2,14,0,0,-6.4622e-05,-1.4779e-12,0,101,30.375,5.3934e-09,-0.29919,1.7025e-06,0.012219,4.8727e-06,5153.7,3.096e+05,4.8429e-08,2.2321,1.546e-07,0.94411,274.47,0.7869,-8.7318e-09,-2.4287e-11,1,1721,0,2,0,-2.794e-09,101,3.07e+05,1721,3.096e+05,1.0412e+09
23,13,1,2,16,0,0,0.00012788,-3.7517e-12,0,23,-16.594,4.5673e-09,-1.3883,-1.0114e-06,0.008136,7.5456e-06,5153.8,3.168e+05,2.4214e-08,-3.0096,-1.8999e-07,0.95788,232.13,-2.9167,-8.0557e-09,-3.8252e-10,1,1721,0,2,0,-2.0489e-08,23,3.0962e+05,1721,3.168e+05,1.0412e+09
20,13,1,2,16,0,0,7.8586e-05,1.3642e-12,0,82,41.156,5.5695e-09,1.8095,1.9781e-06,0.0054441,5.696e-06,5153.6,3.168e+05,-8.1956e-08,2.1638,-1.2666e-07,0.9285,250.38,1.2809,-8.5746e-09,8.1075e-11,1,1721,0,2,0,-7.9162e-09,82,3.0962e+05,1721,3.168e+05,1.0412e+09
1,13,1,2,16,0,0,0.00029101,2.2737e-12,0,26,0.6875,4.5388e-09,-2.6319,-5.5879e-09,0.0015305,1.0794e-05,5153.7,3.168e+05,-7.4506e-09,1.1654,-5.4017e-08,0.95991,171.91,0.49888,-7.9103e-09,2.6001e-10,1,1721,0,2,0,8.3819e-09,26,3.0962e+05,1721,3.168e+05,1.0412e+09
13,13,1,2,16,0,0,0.00015553,-2.8422e-12,0,84,-12.625,3.9762e-09,-0.60478,-7.5065e-07,0.0048689,8.3949e-06,5153.6,3.168e+05,-1.1362e-07,-2.9254,-2.6077e-08,0.9836,230.5,2.0683,-7.8478e-09,-4.0252e-10,1,1721,0,2,0,-1.1176e-08,84,3.0962e+05,1721,3.168e+05,1.0412e+09
17,13,1,2,16,0,0,6.3545e-05,-3.5243e-12,0,76,-78.188,4.5591e-09,-0.2511,-4.0364e-06,0.0079574,7.8343e-06,5153.8,3.168e+05,-5.5879e-08,0.15742,9.127e-08,0.96474,233.16,-2.2658,-8.2046e-09,-1.4501e-10,1,1721,0,2,0,-1.071e-08,76,3.0962e+05,1721,3.168e+05,1.0412e+09
4,13,1,2,16,0,0,9.3295e-05,1.1141e-11,0,9,5.375,5.0774e-09,1.6312,2.7195e-07,0.010412,1.0872e-05,5153.7,3.168e+05,-2.645e-07,1.1635,-6.7055e-08,0.93747,162.28,0.94978,-8.2407e-09,2.1465e-10,1,1721,0,2,0,-6.5193e-09,9,3.0962e+05,1721,3.168e+05,1.0412e+09
10,13,1,2,16,0,0,-6.4632e-05,-1.4779e-12,0,102,38.969,5.357e-09,0.7509,2.306e-06,0.012221,5.3681e-06,5153.7,3.168e+05,-7.8231e-08,2.232,1.4342e-07,0.94411,266.69,0.78695,-8.6725e-09,-1.1072e-10,1,1721,0,2,0,-2.794e-09,102,3.0962e+05,1721,3.168e+05,1.0412e+09
32,13,1,2,15,59,44,-0.00052253,-3.5243e-12,0,4,35.469,5.0327e-09,-2.4573,1.8124e-06,0.011685,5.7258e-06,5153.8,3.1678e+05,-2.9802e-07,2.3006,1.1176e-07,0.94989,262.88,-0.42159,-8.2586e-09,-3.4644e-11,1,1721,0,2,0,-3.2596e-09,4,3.0962e+05,1721,3.1678e+05,1.0412e+09
11,13,1,2,16,0,0,-0.00033951,-3.7517e-12,0,96,-33,6.0256e-09,-2.8331,-1.8496e-06,0.013807,1.0461e-05,5153.7,3.168e+05,1.9558e-07,0.87916,-1.4342e-07,0.88851,135.5,1.1356,-8.4761e-09,1.9179e-10,1,1721,0,2,0,-1.1642e-08,96,3.0962e+05,1721,3.168e+05,1.0412e+09
31,13,1,2,16,0,0,0.00029556,2.0464e-12,0,140,50.813,3.7787e-09,-3.0826,2.6934e-06,0.0081264,1.0043e-05,5153.8,3.168e+05,4.2841e-08,-1.9533,6.8918e-08,0.98073,196.88,-0.82234,-7.641e-09,1.1072e-10,1,1721,0,2,0,-1.3504e-08,140,3.0973e+05,1721,3.168e+05,1.0412e+09
2,13,1,2,16,0,0,0.00041347,1.3642e-12,0,109,12.281,5.0202e-09,-1.6421,5.6438e-07,0.01182,1.033e-05,5153.6,3.168e+05,8.3819e-08,1.1469,-1.5087e-07,0.93844,167.69,-2.6978,-8.0618e-09,3.7716e-10,1,1721,0,2,0,-1.7695e-08,109,3.1022e+05,1721,3.168e+05,1.0412e+09
2,13,1,2,15,59,44,0.00041347,1.3642e-12,0,0,12.281,5.0199e-09,-1.6444,5.6438e-07,0.01182,1.033e-05,5153.6,3.1678e+05,8.3819e-08,1.1469,-1.5087e-07,0.93844,167.69,-2.6978,-8.0618e-09,3.7716e-10,1,1721,0,2,0,-1.7695e-08,0,3.106e+05,1721,3.1678e+05,1.0412e+09
7,13,1,2,16,0,0,0.00016429,4.4338e-12,0,49,50.469,3.9177e-09,-3.034,2.6245e-06,0.0060502,9.1624e-06,5153.7,3.168e+05,-5.2154e-08,-1.9572,-3.539e-08,0.97571,211.88,-2.9219,-7.735e-09,1.4822e-10,1,1721,0,2,0,-1.1176e-08,49,3.13e+05,1721,3.168e+05,1.0412e+09
8,13,1,2,16,0,0,3.7709e-06,2.2737e-13,0,38,52.563,3.4305e-09,2.6581,2.6412e-06,0.012712,8.9873e-06,5153.6,3.168e+05,-1.9744e-07,-1.8691,-7.8231e-08,0.99816,226.97,-2.8868,-7.4675e-09,1.6572e-10,1,1721,0,2,0,-4.191e-09,38,3.1319e+05,1721,3.168e+05,1.0412e+09
5,13,1,2,16,0,0,-0.00037637,-2.16e-12,0,25,34.438,5.2002e-09,0.39492,1.8664e-06,0.0031792,4.9528e-06,5153.8,3.168e+05,5.5879e-08,2.2117,3.3528e-08,0.94925,274.44,0.31068,-8.46e-09,5.0002e-12,1,1721,0,2,0,-1.0245e-08,25,3.1562e+05,1721,3.168e+05,1.0412e+09
8,13,1,2,15,59,44,3.7812e-06,2.2737e-13,0,5,52.563,3.4305e-09,2.6558,2.6412e-06,0.012712,8.9873e-06,5153.6,3.1678e+05,-1.9744e-07,-1.8691,-7.8231e-08,0.99816,226.97,-2.8868,-7.4675e-09,1.6572e-10,1,1721,0,2,0,-4.191e-09,5,3.1592e+05,1721,3.1678e+05,1.0412e+09
2,13,1,2,17,59,44,0.00041348,1.3642e-12,0,1,5.4688,5.0877e-09,-0.59411,4.0047e-07,0.011821,1.0027e-05,5153.6,3.2398e+05,1.9185e-07,1.1469,1.3411e-07,0.93844,175.13,-2.6979,-8.3128e-09,2.2572e-10,1,1721,0,2,0,-1.7695e-08,1,3.1682e+05,1721,3.2398e+05,1.0412e+09
23,13,1,2,18,0,0,0.00012786,-3.7517e-12,0,26,-19,4.687e-09,-0.33819,-1.1213e-06,0.0081362,7.4748e-06,5153.8,3.24e+05,1.5274e-07,-3.0097,6.5193e-08,0.95787,233,-2.9167,-8.2836e-09,-5.3002e-10,1,1721,0,2,0,-2.0489e-08,26,3.1682e+05,1721,3.24e+05,1.0412e+09
8,13,1,2,17,59,44,3.7826e-06,2.2737e-13,0,6,45.469,3.4641e-09,-2.5772,2.2408e-06,0.012713,9.2965e-06,5153.6,3.2398e+05,-1.1362e-07,-1.8692,-1.6391e-07,0.99816,220.72,-2.8868,-7.4678e-09,1.9501e-10,1,1721,0,2,0,-4.191e-09,6,3.1682e+05,1721,3.2398e+05,1.0412e+09
10,13,1,2,18,0,0,-6.4643e-05,-1.4779e-12,0,109,37.063,5.3292e-09,1.801,1.8608e-06,0.012221,5.886e-06,5153.7,3.24e+05,-3.5577e-07,2.2319,-1.1176e-08,0.94411,260.16,0.787,-8.4957e-09,7.0003e-11,1,1721,0,2,0,-2.794e-09,109,3.1682e+05,1721,3.24e+05,1.0412e+09
4,13,1,2,18,0,0,9.3374e-05,1.1141e-11,0,41,0.15625,4.9856e-09,2.6813,-5.5879e-08,0.010412,1.0641e-05,5153.7,3.24e+05,1.8626e-09,1.1635,-1.5646e-07,0.93747,161.94,0.9498,-7.9832e-09,2.3715e-10,1,1721,0,2,0,-6.5193e-09,41,3.1682e+05,1721,3.24e+05,1.0412e+09
13,13,1,2,18,0,0,0.00015551,-2.8422e-12,0,93,-17.406,4.0045e-09,0.44541,-1.0375e-06,0.0048693,8.3633e-06,5153.6,3.24e+05,1.6764e-08,-2.9254,-8.9407e-08,0.98359,231.63,2.0683,-7.8993e-09,-5.1002e-10,1,1721,0,2,0,-1.1176e-08,93,3.1682e+05,1721,3.24e+05,1.0412e+09
7,13,1,2,18,0,0,0.00016432,4.4338e-12,0,50,43.406,3.9284e-09,-1.9839,2.1774e-06,0.0060511,9.3896e-06,5153.7,3.24e+05,-4.4703e-08,-1.9573,-5.4017e-08,0.97571,207.41,-2.9218,-7.7464e-09,1.5465e-10,1,1721,0,2,0,-1.1176e-08,50,3.1682e+05,1721,3.24e+05,1.0412e+09
5,13,1,2,18,0,0,-0.00037638,-2.16e-12,0,73,40.25,5.2095e-09,1.4446,2.3227e-06,0.00318,5.6401e-06,5153.8,3.24e+05,3.7253e-08,2.2117,9.127e-08,0.94925,264.75,0.31109,-8.4511e-09,2.5001e-11,1,1721,0,2,0,-1.0245e-08,73,3.1682e+05,1721,3.24e+05,1.0412e+09
20,13,1,2,18,0,0,7.8596e-05,1.3642e-12,0,83,43.281,5.6081e-09,2.8598,2.2054e-06,0.0054439,5.696e-06,5153.6,3.24e+05,2.794e-08,2.1637,-1.695e-07,0.9285,248.78,1.2809,-8.5836e-09,1.15e-10,1,1721,0,2,0,-7.9162e-09,83,3.1682e+05,1721,3.24e+05,1.0412e+09
17,13,1,2,18,0,0,6.3519e-05,-3.5243e-12,0,77,-80.656,4.5288e-09,0.79905,-4.2878e-06,0.0079568,7.5232e-06,5153.8,3.24e+05,-1.0431e-07,0.15737,2.9802e-08,0.96474,237.19,-2.2658,-8.1907e-09,-1.9572e-10,1,1721,0,2,0,-1.071e-08,77,3.1682e+05,1721,3.24e+05,1.0412e+09
26,13,1,2,18,0,0,-0.00015275,1.3642e-11,0,18,-7.125,4.2252e-09,-0.45865,-2.3283e-07,0.020996,8.1994e-06,5153.7,3.24e+05,-1.9744e-07,-2.9323,2.0489e-07,0.98108,233.88,1.2134,-8.2821e-09,-4.3216e-10,1,1721,0,2,0,-6.0536e-09,18,3.1766e+05,1721,3.24e+05,1.0412e+09
16,13,1,2,18,0,0,-0.00025144,-3.4106e-13,0,19,5.5,4.2237e-09,1.7712,3.8929e-07,0.0067727,4.001e-06,5153.6,3.24e+05,-7.4506e-09,-0.88079,4.6566e-08,0.98314,314.81,0.027,-8.1414e-09,1.4072e-10,1,1721,0,2,0,-9.7789e-09,19,3.1792e+05,1721,3.24e+05,1.0412e+09
28,13,1,2,18,0,0,0.00021979,3.5243e-12,0,81,2.0313,4.243e-09,1.5436,-1.8626e-07,0.018597,4.407e-06,5153.6,3.24e+05,-2.6263e-07,-0.87435,-4.0606e-07,0.98156,306.75,-1.7983,-8.1821e-09,2.1572e-10,1,1721,0,2.8,0,-1.071e-08,81,3.2164e+05,1721,3.24e+05,1.0412e+09
15,13,1,2,18,0,0,-0.00010398,-1.1369e-12,0,81,-21.594,5.032e-09,0.16361,-1.2331e-06,0.0051832,7.0706e-06,5153.7,3.24e+05,2.9802e-08,-3.0487,3.1665e-08,0.943,230.75,0.098121,-8.3964e-09,-5.1109e-10,1,1721,0,2,0,-1.0245e-08,81,3.239e+05,1721,3.24e+05,1.0412e+09
10,13,1,2,20,0,0,-6.4654e-05,-1.4779e-12,0,110,39.531,5.2309e-09,2.8512,1.9111e-06,0.012222,5.9772e-06,5153.7,3.312e+05,-9.127e-08,2.2319,-1.8813e-07,0.94411,255.31,0.78695,-8.2293e-09,1.125e-10,1,1721,0,2.8,0,-2.794e-09,110,3.2402e+05,1721,3.312e+05,1.0412e+09
7,13,1,2,20,0,0,0.00016435,4.4338e-12,0,59,39.813,3.9223e-09,-0.93347,1.9744e-06,0.006051,9.9801e-06,5153.7,3.312e+05,1.3784e-07,-1.9573,-1.1176e-07,0.97571,195.66,-2.9221,-7.8196e-09,1.7144e-11,1,1721,0,2,0,-1.1176e-08,59,3.2402e+05,1721,3.312e+05,1.0412e+09
28,13,1,2,20,0,0,0.00021981,3.5243e-12,0,82,4.9063,4.0762e-09,2.5938,1.2293e-07,0.018597,4.0662e-06,5153.6,3.312e+05,1.3784e-07,-0.87441,-1.6578e-07,0.98156,308.09,-1.7983,-7.765e-09,1.5322e-10,1,1721,0,2.8,0,-1.071e-08,82,3.2402e+05,1721,3.312e+05,1.0412e+09
8,13,1,2,20,0,0,3.784e-06,2.2737e-13,0,42,44.906,3.4437e-09,-1.5246,2.1756e-06,0.012713,9.6001e-06,5153.6,3.312e+05,2.4214e-08,-1.8692,-2.0675e-07,0.99816,213.25,-2.8869,-7.5157e-09,2.3215e-10,1,1721,0,2,0,-4.191e-09,42,3.2402e+05,1721,3.312e+05,1.0412e+09
5,13,1,2,20,0,0,-0.0003764,-2.16e-12,0,80,39.906,5.1863e-09,2.4946,2.1122e-06,0.0031802,5.8915e-06,5153.8,3.312e+05,-1.1362e-07,2.2116,-5.5879e-09,0.94925,260.81,0.31116,-8.3339e-09,1.3608e-10,1,1721,0,2,0,-1.0245e-08,80,3.2402e+05,1721,3.312e+05,1.0412e+09
26,13,1,2,20,0,0,-0.00015265,1.3642e-11,0,20,-12.281,4.2855e-09,0.59153,-4.6007e-07,0.020995,8.1863e-06,5153.7,3.312e+05,-2.6077e-07,-2.9323,1.8626e-09,0.98107,237.75,1.2134,-8.265e-09,-5.7395e-10,1,1721,0,2,0,-6.0536e-09,20,3.2402e+05,1721,3.312e+05,1.0412e+09
2,13,1,2,20,0,0,0.00041349,1.3642e-12,0,2,-2.875,5.0956e-09,0.45847,-7.8231e-08,0.01182,1.0308e-05,5153.6,3.312e+05,5.4017e-08,1.1468,2.1607e-07,0.93844,171.81,-2.6979,-8.3193e-09,1.8751e-10,1,1721,0,2,0,-1.7695e-08,2,3.2402e+05,1721,3.312e+05,1.0412e+09
13,13,1,2,20,0,0,0.00015549,-2.8422e-12,0,96,-18.969,4.0584e-09,1.4958,-1.1399e-06,0.0048692,8.2944e-06,5153.6,3.312e+05,8.7544e-08,-2.9255,-6.1467e-08,0.98359,227.31,2.0682,-7.8396e-09,-5.1609e-10,1,1721,0,2.8,0,-1.1176e-08,96,3.2402e+05,1721,3.312e+05,1.0412e+09
4,13,1,2,20,0,0,9.3454e-05,1.1141e-11,0,86,1.1563,4.9388e-09,-2.5517,-2.0303e-07,0.010412,1.082e-05,5153.7,3.312e+05,1.4715e-07,1.1634,-1.0245e-07,0.93747,155.13,0.94976,-8.036e-09,3.3609e-10,1,1721,0,2,0,-6.5193e-09,86,3.2402e+05,1721,3.312e+05,1.0412e+09
15,13,1,2,20,0,0,-0.00010399,-1.1369e-12,0,82,-16.813,5.1081e-09,1.2137,-6.3889e-07,0.0051838,6.9141e-06,5153.7,3.312e+05,4.6566e-08,-3.0487,2.0489e-08,0.94299,233.75,0.098174,-8.4132e-09,-4.9645e-10,1,1721,0,2,0,-1.0245e-08,82,3.2402e+05,1721,3.312e+05,1.0412e+09
9,13,1,2,20,0,0,0.00021094,2.6148e-12,0,28,44.313,3.8973e-09,-1.1567,2.427e-06,0.017049,9.2704e-06,5152.8,3.312e+05,-2.6636e-07,-1.9815,2.6636e-07,0.98439,216.59,1.6353,-7.9878e-09,1.6429e-11,1,1721,0,2,0,-5.5879e-09,28,3.2494e+05,1721,3.312e+05,1.0412e+09
28,13,1,2,19,59,44,0.00021981,3.5243e-12,0,16,4.9063,4.0766e-09,2.5915,1.2107e-07,0.018597,4.0662e-06,5153.6,3.3118e+05,1.3784e-07,-0.87441,-1.6578e-07,0.98156,308.09,-1.7983,-7.765e-09,1.5322e-10,1,1721,0,2,0,-1.071e-08,16,3.2701e+05,1721,3.3118e+05,1.0412e+09
21,13,1,2,20,0,0,-0.00027217,-2.2737e-12,0,12,21.219,5.0381e-09,-1.8357,8.9221e-07,0.019603,9.7752e-06,5153.8,3.312e+05,3.0734e-07,1.168,-1.2107e-07,0.93123,167.78,-2.191,-7.9521e-09,4.1823e-10,1,1721,0,2,0,-1.1176e-08,12,3.2737e+05,1721,3.312e+05,1.0412e+09
24,13,1,2,20,0,0,1.3118e-06,-6.8212e-13,0,100,38.875,4.3609e-09,0.26265,1.8589e-06,0.00044293,8.7209e-06,5153.7,3.312e+05,9.3132e-09,-1.9835,1.4901e-08,0.95932,209.75,-0.13056,-8.0443e-09,-3.393e-11,1,1721,0,4,0,4.191e-09,100,3.2801e+05,1721,3.312e+05,1.0412e+09
15,13,1,2,22,0,0,-0.000104,-1.1369e-12,0,83,-17.094,5.1595e-09,2.2639,-7.8417e-07,0.0051838,7.0576e-06,5153.7,3.384e+05,-6.5193e-08,-3.0488,8.5682e-08,0.94299,235.88,0.098129,-8.3707e-09,-3.968e-10,1,1721,0,2,0,-1.0245e-08,83,3.3122e+05,1721,3.384e+05,1.0412e+09
9,13,1,2,22,0,0,0.00021096,2.6148e-12,0,29,34.688,3.9662e-09,-0.10603,1.8738e-06,0.017049,9.5312e-06,5152.8,3.384e+05,-2.5518e-07,-1.9816,9.3132e-09,0.98439,211.09,1.6354,-8.0911e-09,3.8573e-11,1,1721,0,2,0,-5.5879e-09,29,3.3122e+05,1721,3.384e+05,1.0412e+09
28,13,1,2,21,59,44,0.00021983,3.5243e-12,0,17,5.0313,4.1441e-09,-2.6415,2.4028e-07,0.018598,3.9451e-06,5153.6,3.3838e+05,2.1048e-07,-0.87447,-5.4017e-08,0.98156,312.75,-1.7983,-7.7882e-09,2.4965e-10,1,1721,0,2,0,-1.071e-08,17,3.3122e+05,1721,3.3838e+05,1.0412e+09
26,13,1,2,22,0,0,-0.00015255,1.3642e-11,0,21,-21.906,4.2062e-09,1.6417,-1.4454e-06,0.020995,8.2124e-06,5153.7,3.384e+05,-3.1106e-07,-2.9324,-4.1723e-07,0.98107,236.34,1.2134,-7.9721e-09,-4.118e-10,1,1721,0,2,0,-6.0536e-09,21,3.3122e+05,1721,3.384e+05,1.0412e+09
5,13,1,2,22,0,0,-0.00037641,-2.16e-12,0,81,40.844,5.1909e-09,-2.7384,2.0675e-06,0.0031807,6.2026e-06,5153.8,3.384e+05,-9.3132e-08,2.2115,-9.6858e-08,0.94925,256.19,0.31109,-8.3582e-09,1.6108e-10,1,1721,0,2,0,-1.0245e-08,81,3.3122e+05,1721,3.384e+05,1.0412e+09
8,13,1,2,22,0,0,3.7858e-06,2.2737e-13,0,47,47.719,3.5701e-09,-0.47442,2.3898e-06,0.012712,9.7528e-06,5153.6,3.384e+05,2.2165e-07,-1.8693,6.8918e-08,0.99816,209.81,-2.8869,-7.7621e-09,4.8216e-11,1,1721,0,2,0,-4.191e-09,47,3.3122e+05,1721,3.384e+05,1.0412e+09
24,13,1,2,22,0,0,1.3071e-06,-6.8212e-13,0,120,33.25,4.477e-09,1.3139,1.8403e-06,0.00044215,8.8438e-06,5153.7,3.384e+05,3.539e-08,-1.9835,-1.8626e-08,0.95932,205.19,-0.13169,-8.0768e-09,-1e-11,1,1721,0,4,0,4.191e-09,120,3.3122e+05,1721,3.384e+05,1.0412e+09
10,13,1,2,22,0,0,-6.4665e-05,-1.4779e-12,0,111,39.5,5.2716e-09,-2.3819,1.7732e-06,0.012222,5.7183e-06,5153.7,3.384e+05,1.7323e-07,2.2318,-1.7323e-07,0.94412,258.75,0.78697,-8.3521e-09,2.9144e-10,1,1721,0,2.8,0,-2.794e-09,111,3.3122e+05,1721,3.384e+05,1.0412e+09
21,13,1,2,22,0,0,-0.00027219,-2.2737e-12,0,21,13.406,5.1477e-09,-0.78548,1.0133e-06,0.019603,9.8739e-06,5153.8,3.384e+05,8.3819e-08,1.1679,4.2468e-07,0.93123,175.75,-2.1911,-8.5136e-09,2.3858e-10,1,1721,0,2,0,-1.1176e-08,21,3.3122e+05,1721,3.384e+05,1.0412e+09
18,13,1,2,22,0,0,0.00023247,1.819e-12,0,26,40.469,5.527e-09,-1.8918,2.1327e-06,0.013631,5.1279e-06,5153.8,3.384e+05,1.9372e-07,2.2172,-1.8626e-09,0.92789,258.78,-2.1316,-8.4432e-09,2.5072e-10,1,1721,0,2,0,-1.071e-08,26,3.3142e+05,1721,3.384e+05,1.0412e+09
24,13,1,2,21,59,44,1.3039e-06,-6.8212e-13,0,15,33.25,4.477e-09,1.3116,1.8403e-06,0.00044215,8.8438e-06,5153.7,3.3838e+05,3.539e-08,-1.9835,-1.8626e-08,0.95932,205.19,-0.13169,-8.0768e-09,-1e-11,1,1721,0,2,0,4.191e-09,15,3.323e+05,1721,3.3838e+05,1.0412e+09
17,13,1,2,22,0,0,6.3467e-05,-3.5243e-12,0,83,-92,4.3366e-09,2.8992,-4.7013e-06,0.0079579,7.8585e-06,5153.8,3.384e+05,5.4017e-08,0.15725,-6.8918e-08,0.96474,228.41,-2.2657,-7.9153e-09,-1.5715e-10,1,1721,0,2.8,0,-1.071e-08,83,3.3301e+05,1721,3.384e+05,1.0412e+09
12,13,1,2,22,0,0,0.00011025,2.0464e-12,0,75,6.8438,4.2805e-09,-0.15706,2.5332e-07,0.0041321,4.5225e-06,5153.6,3.384e+05,4.4703e-08,-0.89921,2.2352e-08,0.98239,303.13,0.13766,-8.1632e-09,1.0715e-10,1,1721,0,2,0,-1.2107e-08,75,3.341e+05,1721,3.384e+05,1.0412e+09
22,13,1,2,21,59,44,0.00015483,7.9581e-13,0,3,44,5.6445e-09,-2.5676,2.1718e-06,0.0061429,5.275e-06,5153.7,3.3838e+05,1.1735e-07,2.2201,1.4901e-08,0.92563,257.97,-2.024,-8.5729e-09,1.7286e-10,1,1721,0,2,0,-1.7229e-08,3,3.3668e+05,1721,3.3838e+05,1.0412e+09
24,13,1,3,0,0,0,1.2997e-06,-6.8212e-13,0,16,30.813,4.4127e-09,2.3585,1.695e-06,0.00044165,9.8385e-06,5153.7,3.456e+05,-2.0489e-08,-1.9836,4.4703e-08,0.95932,187.28,-0.12613,-8.0575e-09,5.7145e-11,1,1721,0,2,0,4.191e-09,16,3.3842e+05,1721,3.456e+05,1.0412e+09
26,13,1,3,0,0,0,-0.00015245,1.3642e-11,0,22,-23.594,4.1134e-09,2.6919,-1.3802e-06,0.020996,8.1845e-06,5153.7,3.456e+05,1.5832e-07,-2.9325,-2.3656e-07,0.98107,228.06,1.2134,-7.5492e-09,-4.5288e-10,1,1721,0,2,0,-6.0536e-09,22,3.3842e+05,1721,3.456e+05,1.0412e+09
18,13,1,3,0,0,0,0.00023248,1.819e-12,0,27,44.688,5.671e-09,-0.84177,2.6152e-06,0.013631,5.7705e-06,5153.8,3.456e+05,-1.8626e-09,2.2171,3.0547e-07,0.92789,251.69,-2.1315,-8.7875e-09,1.5679e-10,1,1721,0,2,0,-1.071e-08,27,3.3842e+05,1721,3.456e+05,1.0412e+09
9,13,1,3,0,0,0,0.00021098,2.6148e-12,0,120,28.438,3.9305e-09,0.94464,1.3467e-06,0.017051,1.0276e-05,5152.8,3.456e+05,-2.6822e-07,-1.9817,-1.8813e-07,0.98439,196.94,1.6354,-8.0418e-09,1.6429e-11,1,1721,0,2,0,-5.5879e-09,120,3.3842e+05,1721,3.456e+05,1.0412e+09
15,13,1,3,0,0,0,-0.000104,-1.1369e-12,0,107,-18.469,5.1499e-09,-2.9691,-9.0525e-07,0.0051842,7.2401e-06,5153.7,3.456e+05,-7.0781e-08,-3.0489,0,0.94299,232.19,0.098141,-8.3236e-09,-3.7109e-10,1,1721,0,2.8,0,-1.0245e-08,107,3.3842e+05,1721,3.456e+05,1.0412e+09
12,13,1,3,0,0,0,0.00011026,2.0464e-12,0,80,10.125,4.2988e-09,0.89306,5.0664e-07,0.0041323,4.5039e-06,5153.6,3.456e+05,2.2352e-08,-0.89927,3.539e-08,0.98239,301.75,0.13773,-8.1571e-09,9.7861e-11,1,1721,0,2,0,-1.2107e-08,80,3.3842e+05,1721,3.456e+05,1.0412e+09
17,13,1,3,0,0,0,6.3442e-05,-3.5243e-12,0,84,-90.188,4.3352e-09,-2.3339,-4.6063e-06,0.0079577,7.8976e-06,5153.8,3.456e+05,4.4703e-08,0.15719,-5.7742e-08,0.96474,228.38,-2.2657,-7.9082e-09,-1.6394e-10,1,1721,0,2.8,0,-1.071e-08,84,3.3842e+05,1721,3.456e+05,1.0412e+09
22,13,1,3,0,0,0,0.00015483,7.9581e-13,0,5,42.969,5.5892e-09,-1.515,2.3469e-06,0.0061425,5.4073e-06,5153.7,3.456e+05,9.4995e-08,2.2201,9.3132e-08,0.92563,254.03,-2.024,-8.5925e-09,1.8286e-10,1,1721,0,2,0,-1.7229e-08,5,3.3842e+05,1721,3.456e+05,1.0412e+09
5,13,1,3,0,0,0,-0.00037643,-2.16e-12,0,82,42.438,5.142e-09,-1.6883,1.9502e-06,0.0031807,5.8264e-06,5153.8,3.456e+05,3.9116e-08,2.2115,-6.333e-08,0.94925,258.22,0.31114,-8.4125e-09,2.5823e-10,1,1721,0,2,0,-1.0245e-08,82,3.3842e+05,1721,3.456e+05,1.0412e+09
25,13,1,3,0,0,0,6.0328e-05,2.3874e-12,0,98,9.5938,4.5473e-09,-0.079705,4.4331e-07,0.0019511,4.4834e-06,5153.6,3.456e+05,-3.1665e-08,-0.93588,1.1176e-08,0.97121,295.34,0.59769,-8.2786e-09,1.0179e-10,1,1721,0,2.8,0,5.1223e-09,98,3.3862e+05,1721,3.456e+05,1.0412e+09
17,13,1,2,23,59,44,6.3438e-05,-3.638e-12,0,18,-90.188,4.3352e-09,-2.3362,-4.6063e-06,0.0079577,7.8976e-06,5153.8,3.4558e+05,4.6566e-08,0.15719,-5.7742e-08,0.96474,228.38,-2.2657,-7.9082e-09,-1.6394e-10,1,1721,0,2,0,-1.071e-08,18,3.3895e+05,1721,3.4558e+05,1.0412e+09
28,13,1,3,0,0,0,0.00021986,3.5243e-12,0,18,9.125,4.2498e-09,-1.589,7.1339e-07,0.018598,3.9209e-06,5153.6,3.456e+05,3.39e-07,-0.87452,3.241e-07,0.98156,313.94,-1.7982,-8.0614e-09,8.4646e-11,1,1721,0,2,0,-1.071e-08,18,3.398e+05,1721,3.456e+05,1.0412e+09
25,13,1,2,23,59,44,6.0328e-05,2.3874e-12,0,5,9.5938,4.5473e-09,-0.082038,4.4517e-07,0.0019512,4.4834e-06,5153.6,3.4558e+05,-3.1665e-08,-0.93588,1.1176e-08,0.97121,295.34,0.59769,-8.2786e-09,1.0215e-10,1,1721,0,2,0,5.1223e-09,5,3.4001e+05,1721,3.4558e+05,1.0412e+09
14,13,1,3,0,0,0,0.0002191,4.5475e-13,0,15,-16.75,4.2848e-09,-2.528,-7.7672e-07,0.0067373,7.5363e-06,5153.7,3.456e+05,1.3039e-07,-2.9538,-3.3528e-08,0.97632,241.31,-2.0167,-7.8689e-09,-3.0287e-10,1,1721,0,2,0,-8.8476e-09,15,3.4051e+05,1721,3.456e+05,1.0412e+09
15,13,1,2,23,59,44,-0.000104,-1.1369e-12,0,7,-18.469,5.1499e-09,-2.9714,-9.0525e-07,0.0051842,7.2401e-06,5153.7,3.4558e+05,-7.0781e-08,-3.0489,0,0.94299,232.19,0.098141,-8.3236e-09,-3.7144e-10,1,1721,0,2,0,-1.0245e-08,7,3.4135e+05,1721,3.4558e+05,1.0412e+09
29,13,1,3,0,0,0,0.00039395,3.979e-12,0,14,-82.531,4.467e-09,0.54553,-4.3306e-06,0.0018193,7.5456e-06,5153.7,3.456e+05,6.1467e-08,0.16588,-5.2154e-08,0.96533,238.84,-1.111,-8.1207e-09,-2.4858e-10,1,1721,0,2,0,-9.3132e-09,14,3.448e+05,1721,3.456e+05,1.0412e+09
4,13,1,3,0,0,0,9.3614e-05,1.1141e-11,0,90,11,4.8816e-09,-0.4514,7.4506e-07,0.010411,1.1332e-05,5153.7,3.456e+05,1.3039e-08,1.1633,1.4342e-07,0.93748,149.22,0.94979,-8.3371e-09,2.768e-10,1,1721,0,2,0,-6.5193e-09,90,3.4505e+05,1721,3.456e+05,1.0412e+09
