1,13,1,2,0,0,0,0.00029088,2.2737e-12,0,90,21.719,4.438e-09,1.5323,1.017e-06,0.0015292,1.0131e-05,5153.7,2.592e+05,-1.8626e-08,1.1659,-9.3132e-09,0.95989,182.13,0.4998,-7.9225e-09,3.6466e-10,1,1721,0,2,0,8.3819e-09,90,2.5753e+05,1721,2.592e+05,1.0411e+09
3,13,1,2,0,0,0,0.00014961,5.1159e-12,0,52,-101.56,4.9448e-09,2.6855,-5.2452e-06,0.015927,6.6888e-06,5153.7,2.592e+05,1.3597e-07,-0.019702,-1.5646e-07,0.9335,233.25,1.2619,-8.1082e-09,-2.2537e-10,1,1721,0,2,0,-4.6566e-09,52,2.5202e+05,1721,2.592e+05,1.0411e+09
6,13,1,1,23,59,44,0.00040348,-1.3529e-11,0,6,-92.219,4.8366e-09,-1.7016,-4.7814e-06,0.0075604,7.9032e-06,5153.7,2.5918e+05,-1.2666e-07,0.058609,-7.2643e-08,0.94023,217.81,-0.39891,-8.3075e-09,-9.4647e-11,1,1721,0,2,0,-5.1223e-09,6,2.5547e+05,1721,2.5918e+05,1.0411e+09
7,13,1,2,0,0,0,0.00016404,4.4338e-12,0,63,77.594,4.157e-09,1.1311,4.1686e-06,0.0060512,8.5887e-06,5153.7,2.592e+05,1.8626e-08,-1.9568,6.8918e-08,0.97569,220.47,-2.9218,-7.9646e-09,5.5002e-11,1,1721,0,2,0,-1.1176e-08,63,2.5769e+05,1721,2.592e+05,1.0411e+09
11,13,1,2,0,0,0,-0.00033929,-3.7517e-12,0,31,-15,6.0385e-09,1.3319,-8.4192e-07,0.013807,1.0831e-05,5153.7,2.592e+05,-2.794e-07,0.87966,-7.0781e-08,0.8885,134.78,1.1355,-8.8475e-09,1.8894e-10,1,1721,0,2,0,-1.1642e-08,31,2.5408e+05,1721,2.592e+05,1.0411e+09
13,13,1,2,0,0,0,0.00015569,-2.8422e-12,0,25,1.9375,4.0512e-09,-2.7237,1.4529e-07,0.0048704,9.7025e-06,5153.6,2.592e+05,1.8626e-09,-2.9249,1.0617e-07,0.98362,205.28,2.0684,-7.6485e-09,-3.418e-10,1,1721,0,2,0,-1.1176e-08,25,2.5231e+05,1721,2.592e+05,1.0411e+09
14,13,1,2,0,0,0,0.00021906,4.5475e-13,0,44,-9.8438,4.1762e-09,-2.5632,-4.0978e-07,0.0067371,9.1214e-06,5153.7,2.592e+05,1.0617e-07,-2.9532,-4.4703e-08,0.97635,210.72,-2.0172,-7.7403e-09,-3.5001e-10,1,1721,0,2,0,-8.8476e-09,44,2.5202e+05,1721,2.592e+05,1.0411e+09
16,13,1,2,0,0,0,-0.00025142,-3.4106e-13,0,56,-11.219,4.2112e-09,-1.398,-5.7928e-07,0.0067725,3.3155e-06,5153.6,2.592e+05,1.8626e-09,-0.88026,-7.2643e-08,0.98313,328.28,0.02717,-8.1411e-09,5.7502e-11,1,1721,0,2,0,-9.7789e-09,56,2.5202e+05,1721,2.592e+05,1.0411e+09
18,13,1,1,22,0,0,0.0002323,1.819e-12,0,25,19.469,5.607e-09,-1.927,1.0375e-06,0.013635,4.489e-06,5153.8,2.52e+05,1.9558e-07,2.218,0,0.92789,270.91,-2.1318,-8.47e-09,1.7144e-10,1,1721,0,2,0,-1.071e-08,25,2.4482e+05,1721,2.52e+05,1.0411e+09
19,13,1,2,0,0,0,-0.00033618,-3.2969e-12,0,86,-87.281,4.2598e-09,-3.0911,-4.502e-06,0.0087818,9.0841e-06,5153.7,2.592e+05,-1.0617e-07,0.21023,-3.3528e-08,0.96203,205.75,0.27497,-7.8489e-09,-1.2643e-10,1,1721,0,2,0,-1.4435e-08,86,2.5202e+05,1721,2.592e+05,1.0411e+09
20,13,1,2,0,0,0,7.8508e-05,1.3642e-12,0,98,25.563,5.7463e-09,-0.30951,1.274e-06,0.0054401,4.8522e-06,5153.6,2.592e+05,-1.1176e-08,2.1643,7.4506e-08,0.9285,273.91,1.281,-8.7704e-09,1.1536e-10,1,1721,0,2.8,0,-7.9162e-09,98,2.5202e+05,1721,2.592e+05,1.0411e+09
21,13,1,2,0,0,0,-0.00027201,-2.3874e-12,0,66,12.125,5.2184e-09,0.22975,8.4192e-07,0.019593,9.8832e-06,5153.7,2.592e+05,-1.8626e-07,1.1686,3.2596e-07,0.93121,177.78,-2.1915,-8.5629e-09,3.2394e-10,1,1721,0,2,0,-1.1176e-08,66,2.5202e+05,1721,2.592e+05,1.0411e+09
22,13,1,1,22,0,0,0.00015476,9.0949e-13,0,33,21.469,5.721e-09,-2.6012,1.0021e-06,0.0061466,4.7199e-06,5153.7,2.52e+05,1.4156e-07,2.2209,3.7253e-09,0.92563,268.66,-2.024,-8.6082e-09,7.8575e-11,1,1721,0,2,0,-1.7229e-08,33,2.4482e+05,1721,2.52e+05,1.0411e+09
23,13,1,2,0,0,0,0.0001281,-3.7517e-12,0,79,-11.156,4.6073e-09,2.7775,-5.6438e-07,0.0081369,9.1996e-06,5153.8,2.592e+05,-1.4529e-07,-3.0092,-3.1665e-08,0.9579,203.06,-2.9171,-7.9189e-09,-3.7716e-10,1,1721,0,2,0,-2.0489e-08,79,2.5202e+05,1721,2.592e+05,1.0411e+09
25,13,1,1,22,0,0,6.0101e-05,2.3874e-12,0,106,-4.4063,4.4741e-09,-1.168,-2.645e-07,0.0019512,3.1982e-06,5153.6,2.52e+05,5.9605e-08,-0.93511,3.7253e-09,0.9712,325.41,0.5995,-8.2703e-09,3.5716e-13,1,1721,0,2,0,5.1223e-09,106,2.4482e+05,1721,2.52e+05,1.0411e+09
27,13,1,2,0,0,0,-0.00019921,3.638e-12,0,64,-6.125,5.6099e-09,-1.4974,-2.8126e-07,0.0056768,3.1963e-06,5153.6,2.592e+05,1.248e-07,-0.91923,3.7253e-09,0.97607,326.91,0.85187,-8.1714e-09,7.8575e-12,1,1721,0,2,63,-1.9092e-08,64,2.5202e+05,1721,2.592e+05,1.0411e+09
29,13,1,1,22,0,0,0.00039358,3.979e-12,0,8,-91.906,4.2716e-09,-0.54035,-4.692e-06,0.0018185,8.5421e-06,5153.7,2.52e+05,-1.0431e-07,0.16663,-1.4901e-08,0.96535,218.25,-1.1106,-7.9532e-09,-1.1608e-10,1,1721,0,2,0,-9.3132e-09,8,2.4482e+05,1721,2.52e+05,1.0411e+09
30,13,1,2,0,0,0,-0.00026526,1.1141e-11,0,95,9.625,4.582e-09,-2.4415,6.1467e-07,0.010856,2.956e-06,5153.6,2.592e+05,1.0803e-07,-1.0281,9.4995e-08,0.96226,322.34,1.6122,-8.1743e-09,9.2147e-11,1,1721,0,8,0,-4.6566e-09,95,2.5202e+05,1721,2.592e+05,1.0411e+09
32,13,1,2,0,0,0,-0.00052234,-3.5243e-12,0,52,21.438,5.1524e-09,1.7109,1.017e-06,0.011684,4.7944e-06,5153.8,2.592e+05,1.2293e-07,2.3011,1.4529e-07,0.94989,281.56,-0.42211,-8.3332e-09,-1.5251e-10,1,1721,0,2,0,-3.2596e-09,52,2.5202e+05,1721,2.592e+05,1.0411e+09
1,13,1,2,2,0,0,0.00029089,2.2737e-12,0,103,15.188,4.352e-09,2.5819,8.6427e-07,0.0015288,1.0081e-05,5153.7,2.664e+05,0,1.1658,-2.6077e-08,0.95989,184.88,0.50036,-7.9085e-09,3.6644e-10,1,1721,0,2,0,8.3819e-09,103,2.5922e+05,1721,2.664e+05,1.0411e+09
3,13,1,2,2,0,0,0.00014965,5.1159e-12,0,53,-102.16,4.9691e-09,-2.5475,-5.2191e-06,0.015927,6.4727e-06,5153.7,2.664e+05,1.8626e-07,-0.019761,-5.7742e-08,0.9335,237,1.2619,-8.1218e-09,-1.5465e-10,1,1721,0,2,0,-4.6566e-09,53,2.5922e+05,1721,2.664e+05,1.0411e+09
6,13,1,2,1,59,44,0.00040339,-1.3529e-11,0,7,-94.344,4.9188e-09,-0.65157,-4.923e-06,0.00756,7.4115e-06,5153.7,2.6638e+05,1.3039e-08,0.05855,-2.5146e-07,0.94023,228.5,-0.39872,-8.3489e-09,-2.3822e-10,1,1721,0,2,0,-5.1223e-09,7,2.5922e+05,1721,2.6638e+05,1.0411e+09
7,13,1,2,2,0,0,0.00016407,4.4338e-12,0,69,71.219,4.1666e-09,2.1812,3.7421e-06,0.0060508,8.7339e-06,5153.7,2.664e+05,-1.4342e-07,-1.9568,8.9407e-08,0.97569,221.78,-2.9218,-7.8996e-09,1.6322e-10,1,1721,0,2,0,-1.1176e-08,69,2.5922e+05,1721,2.664e+05,1.0411e+09
11,13,1,2,2,0,0,-0.00033932,-3.7517e-12,0,32,-21.563,5.8106e-09,2.3821,-1.2033e-06,0.013807,1.0414e-05,5153.7,2.664e+05,1.2107e-07,0.87959,-2.1979e-07,0.88851,137.91,1.1356,-8.4175e-09,2.3287e-10,1,1721,0,2,0,-1.1642e-08,32,2.5922e+05,1721,2.664e+05,1.0411e+09
13,13,1,2,2,0,0,0.00015567,-2.8422e-12,0,26,-1.1563,4.0187e-09,-1.6732,2.2352e-08,0.0048696,9.4436e-06,5153.6,2.664e+05,-1.2666e-07,-2.925,8.0094e-08,0.98362,214.41,2.0682,-7.7535e-09,-3.3537e-10,1,1721,0,2,0,-1.1176e-08,26,2.5922e+05,1721,2.664e+05,1.0411e+09
16,13,1,2,2,0,0,-0.00025142,-3.4106e-13,0,57,-7.6875,4.2862e-09,-0.34781,-4.6566e-07,0.0067721,3.3993e-06,5153.6,2.664e+05,1.0245e-07,-0.88031,9.3132e-09,0.98313,325.75,0.027201,-8.2275e-09,-1.9287e-11,1,1721,0,2,0,-9.7789e-09,57,2.5922e+05,1721,2.664e+05,1.0411e+09
19,13,1,2,2,0,0,-0.0003362,-3.2969e-12,0,87,-92.219,4.3059e-09,-2.041,-4.7982e-06,0.0087823,8.8848e-06,5153.7,2.664e+05,-3.9116e-08,0.21018,-1.0617e-07,0.96203,209.53,0.27503,-7.911e-09,-7.6075e-11,1,1721,0,2,0,-1.4435e-08,87,2.5922e+05,1721,2.664e+05,1.0411e+09
20,13,1,2,2,0,0,7.8517e-05,1.3642e-12,0,99,28.125,5.6049e-09,0.7407,1.3188e-06,0.0054416,5.0757e-06,5153.6,2.664e+05,-5.5879e-08,2.1642,4.6566e-08,0.9285,262.97,1.2811,-8.7568e-09,8.8218e-11,1,1721,0,2.8,0,-7.9162e-09,99,2.5922e+05,1721,2.664e+05,1.0411e+09
23,13,1,2,2,0,0,0.00012807,-3.7517e-12,0,82,-11.469,4.6084e-09,-2.4556,-7.1712e-07,0.0081364,9.0413e-06,5153.8,2.664e+05,-9.6858e-08,-3.0092,-1.7323e-07,0.95789,207.66,-2.917,-8.005e-09,-3.2287e-10,1,1721,0,2,0,-2.0489e-08,82,2.5922e+05,1721,2.664e+05,1.0411e+09
27,13,1,2,2,0,0,-0.00019918,3.638e-12,0,65,-2.6563,5.7977e-09,-0.44728,-1.4342e-07,0.0056765,3.228e-06,5153.6,2.664e+05,-5.9605e-08,-0.91928,8.0094e-08,0.97607,322.09,0.852,-8.3711e-09,-1.3215e-11,1,1721,0,2,63,-1.9092e-08,65,2.5922e+05,1721,2.664e+05,1.0411e+09
30,13,1,2,2,0,0,-0.00026518,1.1141e-11,0,97,15.031,4.7773e-09,-1.3914,9.3877e-07,0.010856,3.4589e-06,5153.6,2.664e+05,-1.546e-07,-1.0282,2.645e-07,0.96226,312.81,1.6124,-8.4561e-09,4.6073e-11,1,1721,0,11.3,0,-4.6566e-09,97,2.5922e+05,1721,2.664e+05,1.0411e+09
32,13,1,2,2,0,0,-0.00052236,-3.5243e-12,0,53,21.469,5.027e-09,2.761,1.1101e-06,0.011684,5.0068e-06,5153.8,2.664e+05,-1.0803e-07,2.3011,2.4959e-07,0.94989,273.91,-0.42204,-8.2511e-09,2.3215e-11,1,1721,0,2,0,-3.2596e-09,53,2.5922e+05,1721,2.664e+05,1.0411e+09
20,13,1,2,1,59,44,7.8518e-05,1.3642e-12,0,0,28.125,5.6052e-09,0.73837,1.3188e-06,0.0054416,5.0757e-06,5153.6,2.6638e+05,-5.5879e-08,2.1642,4.6566e-08,0.9285,262.97,1.2811,-8.7568e-09,8.8218e-11,1,1721,0,2,0,-7.9162e-09,0,2.6113e+05,1721,2.6638e+05,1.0411e+09
30,13,1,2,1,59,44,-0.00026516,1.2733e-11,0,12,15.031,4.7773e-09,-1.3937,9.3877e-07,0.010856,3.4589e-06,5153.6,2.6638e+05,-1.5274e-07,-1.0282,2.645e-07,0.96226,312.81,1.6124,-8.4561e-09,4.6073e-11,1,1721,0,2.8,0,-4.6566e-09,12,2.615e+05,1721,2.6638e+05,1.0411e+09
8,13,1,2,2,0,0,3.7588e-06,2.2737e-13,0,78,77.531,3.7366e-09,1.59,4.2263e-06,0.012713,8.4452e-06,5153.6,2.664e+05,-4.0978e-08,-1.8687,2.1607e-07,0.99815,238.91,-2.887,-7.77e-09,6.5717e-11,1,1721,0,2.8,0,-4.191e-09,78,2.6266e+05,1721,2.664e+05,1.0411e+09
1,13,1,2,4,0,0,0.00029091,2.2737e-12,0,104,4.9375,4.3609e-09,-2.6511,3.4273e-07,0.0015305,1.0498e-05,5153.7,2.736e+05,3.7253e-09,1.1658,4.0978e-08,0.9599,177.72,0.50034,-7.8485e-09,3.3966e-10,1,1721,0,2,0,8.3819e-09,104,2.6642e+05,1721,2.736e+05,1.0411e+09
3,13,1,2,4,0,0,0.00014968,5.1159e-12,0,54,-90.875,5.1763e-09,-1.4974,-4.5728e-06,0.015928,6.4559e-06,5153.7,2.736e+05,3.2783e-07,-0.019819,3.2037e-07,0.9335,237.28,1.262,-8.4193e-09,-3.343e-10,1,1721,0,2,0,-4.6566e-09,54,2.6642e+05,1721,2.736e+05,1.0411e+09
6,13,1,2,4,0,0,0.00040329,-1.3529e-11,0,8,-99.75,5.0606e-09,0.40095,-5.4222e-06,0.0075608,7.0855e-06,5153.7,2.736e+05,1.2107e-07,0.05849,-4.6566e-08,0.94023,231.72,-0.39874,-8.5204e-09,-3.4751e-10,1,1721,0,2,0,-5.1223e-09,8,2.6642e+05,1721,2.736e+05,1.0411e+09
7,13,1,2,4,0,0,0.0001641,4.4338e-12,0,70,65.469,4.0945e-09,-3.0519,3.4347e-06,0.0060509,8.8867e-06,5153.7,2.736e+05,-7.4506e-08,-1.9569,-4.8429e-08,0.9757,219.16,-2.9217,-7.7753e-09,2.0251e-10,1,1721,0,2,0,-1.1176e-08,70,2.6642e+05,1721,2.736e+05,1.0411e+09
8,13,1,2,4,0,0,3.7602e-06,2.2737e-13,0,79,67.313,3.6127e-09,2.6401,3.4794e-06,0.012712,8.5011e-06,5153.6,2.736e+05,-2.4028e-07,-1.8688,-8.3819e-08,0.99815,238.47,-2.8869,-7.5175e-09,2.5608e-10,1,1721,0,2.8,0,-4.191e-09,79,2.6642e+05,1721,2.736e+05,1.0411e+09
11,13,1,2,4,0,0,-0.00033934,-3.7517e-12,0,33,-26.125,5.8081e-09,-2.8509,-1.3299e-06,0.013808,1.058e-05,5153.7,2.736e+05,1.3039e-07,0.87953,-9.127e-08,0.88851,133.97,1.1356,-8.3557e-09,2.1715e-10,1,1721,0,2,0,-1.1642e-08,33,2.6642e+05,1721,2.736e+05,1.0411e+09
13,13,1,2,4,0,0,0.00015565,-2.8422e-12,0,43,-8.7188,4.0116e-09,-0.6232,-6.7987e-07,0.0048691,9.1754e-06,5153.6,2.736e+05,-7.4506e-08,-2.9251,-3.1665e-08,0.98361,217.59,2.0684,-7.8278e-09,-2.8608e-10,1,1721,0,2,0,-1.1176e-08,43,2.6642e+05,1721,2.736e+05,1.0411e+09
16,13,1,2,4,0,0,-0.00025143,-3.4106e-13,0,58,-4.7188,4.3727e-09,0.70241,-1.9185e-07,0.0067722,3.1609e-06,5153.6,2.736e+05,4.4703e-08,-0.88037,3.3528e-08,0.98313,325.41,0.027232,-8.2618e-09,-2.6073e-11,1,1721,0,2,0,-9.7789e-09,58,2.6642e+05,1721,2.736e+05,1.0411e+09
19,13,1,2,4,0,0,-0.00033623,-3.2969e-12,0,88,-92.625,4.3923e-09,-0.99086,-4.8485e-06,0.0087825,8.6371e-06,5153.7,2.736e+05,2.3469e-07,0.21012,-1.6019e-07,0.96203,214.5,0.2751,-8.0239e-09,-2.668e-10,1,1721,0,2,0,-1.4435e-08,88,2.6642e+05,1721,2.736e+05,1.0411e+09
20,13,1,2,3,59,44,7.8528e-05,1.3642e-12,0,1,31.094,5.5099e-09,1.7887,1.5646e-06,0.0054416,5.2433e-06,5153.6,2.7358e+05,-5.2154e-08,2.1642,-1.2666e-07,0.9285,259.91,1.281,-8.6082e-09,1.5786e-10,1,1721,0,2,0,-7.9162e-09,1,2.6642e+05,1721,2.7358e+05,1.0411e+09
23,13,1,2,4,0,0,0.00012805,-3.7517e-12,0,83,-15.094,4.5959e-09,-1.4057,-1.004e-06,0.008137,8.205e-06,5153.8,2.736e+05,5.0291e-08,-3.0093,-1.4342e-07,0.95789,217.66,-2.9169,-8.0518e-09,-2.5144e-10,1,1721,0,2,0,-2.0489e-08,83,2.6642e+05,1721,2.736e+05,1.0411e+09
28,13,1,2,4,0,0,0.00021961,3.5243e-12,0,29,-4.5,4.4698e-09,0.4755,-1.2107e-07,0.018595,3.8687e-06,5153.6,2.736e+05,-2.0675e-07,-0.87394,3.7253e-08,0.98155,320.75,-1.7984,-8.5639e-09,-8.2861e-11,1,1721,0,2,0,-1.071e-08,29,2.6678e+05,1721,2.736e+05,1.0411e+09
30,13,1,2,3,59,44,-0.00026507,1.2733e-11,0,31,15.906,4.9056e-09,-0.34352,1.0002e-06,0.010857,3.5707e-06,5153.6,2.7358e+05,-1.0803e-07,-1.0282,-1.6764e-08,0.96226,310.75,1.6124,-8.6782e-09,1.7179e-10,1,1721,0,4,0,-4.6566e-09,31,2.6642e+05,1721,2.7358e+05,1.0411e+09
32,13,1,2,4,0,0,-0.00052239,-3.5243e-12,0,57,24.469,4.9766e-09,-2.4721,1.4044e-06,0.011684,5.4706e-06,5153.8,2.736e+05,-2.3097e-07,2.301,1.248e-07,0.94989,269.75,-0.42203,-8.2507e-09,6.536e-11,1,1721,0,2,0,-3.2596e-09,57,2.6642e+05,1721,2.736e+05,1.0411e+09
17,13,1,2,4,0,0,6.3699e-05,-3.5243e-12,0,6,-82.688,4.4577e-09,-0.26834,-4.3251e-06,0.0079555,8.1398e-06,5153.8,2.736e+05,-2.0489e-08,0.15777,9.872e-08,0.96475,226.03,-2.266,-8.1868e-09,-2.7394e-10,1,1721,0,2,0,-1.071e-08,6,2.6768e+05,1721,2.736e+05,1.0411e+09
4,13,1,2,4,0,0,9.2821e-05,1.1141e-11,0,84,12.219,4.9345e-09,1.6135,5.6252e-07,0.010413,1.0559e-05,5153.7,2.736e+05,-1.8999e-07,1.1639,-9.3132e-08,0.93746,169.16,0.94971,-8.2307e-09,2.2894e-10,1,1721,0,2,0,-6.5193e-09,84,2.7188e+05,1721,2.736e+05,1.0411e+09
19,13,1,2,3,59,44,-0.00033623,-3.2969e-12,0,0,-92.625,4.3923e-09,-0.9932,-4.8485e-06,0.0087825,8.6371e-06,5153.7,2.7358e+05,2.3469e-07,0.21012,-1.6019e-07,0.96203,214.5,0.2751,-8.0239e-09,-2.668e-10,1,1721,0,2,0,-1.4435e-08,0,2.7202e+05,1721,2.7358e+05,1.0411e+09
1,13,1,2,6,0,0,0.00029093,2.2737e-12,0,105,4,4.298e-09,-1.5996,2.9616e-07,0.0015294,1.1384e-05,5153.7,2.808e+05,3.7253e-09,1.1657,-6.333e-08,0.9599,160.84,0.49899,-7.8475e-09,2.518e-10,1,1721,0,2,0,8.3819e-09,105,2.7362e+05,1721,2.808e+05,1.0411e+09
4,13,1,2,6,0,0,9.2901e-05,1.1141e-11,0,98,6.8125,4.8763e-09,2.6637,2.5705e-07,0.010413,1.0327e-05,5153.7,2.808e+05,5.7742e-08,1.1638,-1.397e-07,0.93746,167.56,0.94971,-7.9932e-09,2.418e-10,1,1721,0,2,0,-6.5193e-09,98,2.7362e+05,1721,2.808e+05,1.0411e+09
7,13,1,2,6,0,0,0.00016413,4.4338e-12,0,71,60.563,4.1041e-09,-2.0017,2.9895e-06,0.0060517,9.14e-06,5153.7,2.808e+05,4.2841e-08,-1.9569,-9.872e-08,0.9757,213.03,-2.9217,-7.8493e-09,2.8073e-10,1,1721,0,2,0,-1.1176e-08,71,2.7362e+05,1721,2.808e+05,1.0411e+09
8,13,1,2,6,0,0,3.7616e-06,2.2737e-13,0,89,60.188,3.6359e-09,-2.5929,3.0268e-06,0.012713,9.0096e-06,5153.6,2.808e+05,-1.3225e-07,-1.8688,-2.1048e-07,0.99815,229.69,-2.8869,-7.5221e-09,2.9644e-10,1,1721,0,2.8,0,-4.191e-09,89,2.7362e+05,1721,2.808e+05,1.0411e+09
11,13,1,2,6,0,0,-0.00033937,-3.7517e-12,0,44,-25.125,5.8399e-09,-1.8007,-1.2666e-06,0.013807,1.09e-05,5153.7,2.808e+05,3.1851e-07,0.87948,-2.9802e-08,0.88851,127.03,1.1355,-8.4461e-09,1.2536e-10,1,1721,0,2,0,-1.1642e-08,44,2.7362e+05,1721,2.808e+05,1.0411e+09
13,13,1,2,6,0,0,0.00015563,-2.8422e-12,0,44,-13.75,3.9502e-09,0.42701,-7.6368e-07,0.0048696,9.0022e-06,5153.6,2.808e+05,2.2352e-08,-2.9251,-7.4506e-08,0.98361,217.06,2.0685,-7.8653e-09,-3.6323e-10,1,1721,0,2,0,-1.1176e-08,44,2.7362e+05,1721,2.808e+05,1.0411e+09
17,13,1,2,6,0,0,6.3673e-05,-3.5243e-12,0,7,-85.875,4.498e-09,0.7818,-4.3847e-06,0.0079549,8.0615e-06,5153.8,2.808e+05,-9.127e-08,0.15771,4.0978e-08,0.96475,229.5,-2.2661,-8.1628e-09,-3.368e-10,1,1721,0,2,0,-1.071e-08,7,2.7362e+05,1721,2.808e+05,1.0411e+09
19,13,1,2,5,59,44,-0.00033625,-3.2969e-12,0,10,-94.344,4.5527e-09,0.057005,-4.9677e-06,0.0087823,8.5067e-06,5153.7,2.8078e+05,1.3597e-07,0.21006,6.5193e-08,0.96203,213.41,0.27509,-8.2243e-09,-3.3001e-10,1,1721,0,2,0,-1.4435e-08,10,2.7362e+05,1721,2.8078e+05,1.0411e+09
20,13,1,2,6,0,0,7.8538e-05,1.3642e-12,0,44,32.094,5.4684e-09,2.8413,1.6857e-06,0.0054415,5.2731e-06,5153.6,2.808e+05,2.6077e-08,2.1641,-4.6566e-08,0.9285,258.84,1.281,-8.5111e-09,1.3608e-10,1,1721,0,2,0,-7.9162e-09,44,2.7362e+05,1721,2.808e+05,1.0411e+09
28,13,1,2,6,0,0,0.00021963,3.5243e-12,0,38,-5.375,4.4105e-09,1.5257,-6.5379e-07,0.018595,3.8575e-06,5153.6,2.808e+05,-2.7753e-07,-0.874,-3.9488e-07,0.98155,320.34,-1.7984,-8.2439e-09,1.0179e-10,1,1721,0,2,0,-1.071e-08,38,2.7362e+05,1721,2.808e+05,1.0411e+09
32,13,1,2,6,0,0,-0.00052241,-3.5243e-12,0,58,17.469,5.0841e-09,-1.422,8.7172e-07,0.011685,5.478e-06,5153.8,2.808e+05,-1.3039e-07,2.3009,-1.3784e-07,0.94989,270.41,-0.42195,-8.4589e-09,1.9787e-10,1,1721,0,2,0,-3.2596e-09,58,2.7362e+05,1721,2.808e+05,1.0411e+09
23,13,1,2,6,0,0,0.00012802,-3.7517e-12,0,87,-16.375,4.6173e-09,-0.35553,-7.7859e-07,0.0081371,8.2478e-06,5153.8,2.808e+05,1.6391e-07,-3.0094,5.2154e-08,0.95789,217.88,-2.9169,-8.2243e-09,-3.6823e-10,1,1721,0,2,0,-2.0489e-08,87,2.7499e+05,1721,2.808e+05,1.0411e+09
10,13,1,2,5,59,44,-6.4578e-05,-1.4779e-12,0,0,28.438,5.2038e-09,1.7811,1.3802e-06,0.012218,5.4352e-06,5153.7,2.8078e+05,-2.9057e-07,2.2323,-1.4901e-08,0.94411,268,0.78686,-8.5057e-09,4.3573e-11,1,1721,0,2,0,-2.794e-09,0,2.762e+05,1721,2.8078e+05,1.0411e+09
9,13,1,2,5,59,44,0.0002108,2.6148e-12,0,9,69.281,3.8627e-09,-2.2307,3.6806e-06,0.017048,8.7563e-06,5152.8,2.8078e+05,2.3842e-07,-1.9811,1.6764e-07,0.98438,221.06,1.6354,-7.5221e-09,2.3358e-10,1,1721,0,2,0,-5.5879e-09,9,2.7782e+05,1721,2.8078e+05,1.0411e+09
2,13,1,2,6,0,0,0.00041342,1.3642e-12,0,61,10.781,4.9938e-09,-0.60957,5.5321e-07,0.011818,9.8199e-06,5153.6,2.808e+05,2.5332e-07,1.1472,1.3597e-07,0.93843,181.13,-2.6983,-8.3196e-09,1.7144e-10,1,1721,0,2,0,-1.7695e-08,61,2.7886e+05,1721,2.808e+05,1.0411e+09
1,13,1,2,8,0,0,0.00029094,2.2737e-12,0,106,9.75,4.4398e-09,-0.55,3.8184e-07,0.0015288,1.1524e-05,5153.7,2.88e+05,3.9116e-08,1.1656,4.2841e-08,0.9599,155.53,0.49951,-7.9389e-09,1.9822e-10,1,1721,0,2,0,8.3819e-09,106,2.8082e+05,1721,2.88e+05,1.0411e+09
2,13,1,2,8,0,0,0.00041343,1.3642e-12,0,62,2.5,5.0734e-09,0.44068,2.5891e-07,0.011817,9.9745e-06,5153.6,2.88e+05,9.127e-08,1.1472,2.2165e-07,0.93843,176.97,-2.6983,-8.3421e-09,1.3179e-10,1,1721,0,2,0,-1.7695e-08,62,2.8082e+05,1721,2.88e+05,1.0411e+09
4,13,1,2,8,0,0,9.2981e-05,1.1141e-11,0,103,7.4688,4.8806e-09,-2.5693,3.4459e-07,0.010413,1.0647e-05,5153.7,2.88e+05,1.397e-07,1.1638,-8.0094e-08,0.93746,160.44,0.94967,-8.011e-09,2.943e-10,1,1721,0,2.8,0,-6.5193e-09,103,2.8082e+05,1721,2.88e+05,1.0411e+09
7,13,1,2,8,0,0,0.00016417,4.4338e-12,0,92,60.688,4.0195e-09,-0.95136,3.1255e-06,0.0060514,9.4213e-06,5153.7,2.88e+05,1.1176e-07,-1.957,-5.2154e-08,0.9757,202.88,-2.9219,-7.8775e-09,2.6823e-10,1,1721,0,2.8,0,-1.1176e-08,92,2.8082e+05,1721,2.88e+05,1.0411e+09
8,13,1,2,8,0,0,3.763e-06,2.2737e-13,0,106,61.438,3.5598e-09,-1.5426,2.9318e-06,0.012713,9.0674e-06,5153.6,2.88e+05,8.5682e-08,-1.8689,-1.546e-07,0.99816,222.09,-2.8869,-7.5992e-09,4.4145e-10,1,1721,0,4,0,-4.191e-09,106,2.8082e+05,1721,2.88e+05,1.0411e+09
9,13,1,2,8,0,0,0.00021082,2.6148e-12,0,10,58.969,3.9545e-09,-1.1776,3.3118e-06,0.017048,9.194e-06,5152.8,2.88e+05,-2.3842e-07,-1.9812,2.7753e-07,0.98438,223.22,1.6354,-7.9725e-09,2.0929e-10,1,1721,0,2,0,-5.5879e-09,10,2.8082e+05,1721,2.88e+05,1.0411e+09
10,13,1,2,7,59,44,-6.4589e-05,-1.4779e-12,0,96,30.031,5.0859e-09,2.8313,1.4454e-06,0.012218,5.4985e-06,5153.7,2.8798e+05,-2.6077e-08,2.2322,-1.4715e-07,0.94411,264.5,0.78682,-8.2332e-09,7.6789e-11,1,1721,0,2,0,-2.794e-09,96,2.8082e+05,1721,2.8798e+05,1.0411e+09
13,13,1,2,8,0,0,0.00015561,-2.8422e-12,0,59,-14.656,3.9112e-09,1.4774,-7.6741e-07,0.0048694,9.2555e-06,5153.6,2.88e+05,1.5087e-07,-2.9252,-5.0291e-08,0.98361,211.63,2.0683,-7.7518e-09,-3.6752e-10,1,1721,0,2,0,-1.1176e-08,59,2.8082e+05,1721,2.88e+05,1.0411e+09
17,13,1,2,8,0,0,6.3648e-05,-3.5243e-12,0,8,-98.563,4.4302e-09,1.8317,-5.1633e-06,0.0079553,8.2571e-06,5153.8,2.88e+05,-1.5087e-07,0.15766,-8.7544e-08,0.96475,226.31,-2.2658,-8.0803e-09,-2.8358e-10,1,1721,0,2,0,-1.071e-08,8,2.8082e+05,1721,2.88e+05,1.0411e+09
20,13,1,2,8,0,0,7.8548e-05,1.3642e-12,0,59,33.281,5.5167e-09,-2.3916,1.7695e-06,0.0054421,5.1092e-06,5153.6,2.88e+05,5.9605e-08,2.1641,-6.8918e-08,0.9285,263.81,1.281,-8.5207e-09,1.2e-10,1,1721,0,2,0,-7.9162e-09,59,2.8082e+05,1721,2.88e+05,1.0411e+09
23,13,1,2,8,0,0,0.00012799,-3.7517e-12,0,93,-17.656,4.577e-09,0.69459,-8.3447e-07,0.0081366,8.4899e-06,5153.8,2.88e+05,8.5682e-08,-3.0094,2.0117e-07,0.95789,214.06,-2.9169,-8.1382e-09,-4.3073e-10,1,1721,0,2,0,-2.0489e-08,93,2.8082e+05,1721,2.88e+05,1.0411e+09
28,13,1,2,8,0,0,0.00021966,3.5243e-12,0,46,-2.7813,4.298e-09,2.5759,-2.9989e-07,0.018595,3.2801e-06,5153.6,2.88e+05,1.1362e-07,-0.87406,-2.2352e-07,0.98155,323.91,-1.7984,-7.876e-09,6.0717e-11,1,1721,0,2,0,-1.071e-08,46,2.8082e+05,1721,2.88e+05,1.0411e+09
32,13,1,2,8,0,0,-0.00052244,-3.5243e-12,0,75,19.406,5.1613e-09,-0.372,9.5554e-07,0.011684,5.0701e-06,5153.8,2.88e+05,1.2107e-07,2.3009,-2.5146e-07,0.94989,277.5,-0.42187,-8.5521e-09,7.8575e-12,1,1721,0,2,0,-3.2596e-09,75,2.8082e+05,1721,2.88e+05,1.0411e+09
8,13,1,2,7,59,44,3.7653e-06,2.2737e-13,0,4,61.438,3.5598e-09,-1.5449,2.9318e-06,0.012713,9.0674e-06,5153.6,2.8798e+05,8.5682e-08,-1.8689,-1.546e-07,0.99816,222.09,-2.8869,-7.5992e-09,4.4145e-10,1,1721,0,2,0,-4.191e-09,4,2.8325e+05,1721,2.8798e+05,1.0411e+09
5,13,1,2,7,59,44,-0.00037631,-2.16e-12,0,9,32.156,5.0706e-09,2.4755,1.6484e-06,0.0031779,5.4557e-06,5153.8,2.8798e+05,-4.2841e-08,2.212,1.8626e-09,0.94925,269.97,0.3105,-8.3518e-09,4.7145e-11,1,1721,0,2,0,-1.0245e-08,9,2.8388e+05,1721,2.8798e+05,1.0411e+09
4,13,1,2,7,59,44,9.2975e-05,1.1141e-11,0,4,7.4688,4.8806e-09,-2.5717,3.4459e-07,0.010413,1.0647e-05,5153.7,2.8798e+05,1.397e-07,1.1638,-8.0094e-08,0.93746,160.44,0.94967,-8.011e-09,2.9466e-10,1,1721,0,2,0,-6.5193e-09,4,2.8508e+05,1721,2.8798e+05,1.0411e+09
12,13,1,2,7,59,44,0.00011015,2.0464e-12,0,1,-2.0313,4.418e-09,-1.2278,-6.1467e-08,0.0041325,3.6657e-06,5153.6,2.8798e+05,5.0291e-08,-0.8988,-1.4901e-08,0.98238,321.97,0.13791,-8.1971e-09,1.9108e-10,1,1721,0,2,0,-1.2107e-08,1,2.8579e+05,1721,2.8798e+05,1.0411e+09
2,13,1,2,10,0,0,0.00041344,1.3642e-12,0,63,3.0625,4.9359e-09,1.4906,3.539e-07,0.011819,1.1524e-05,5153.6,2.952e+05,-9.127e-08,1.1471,2.0117e-07,0.93843,147.69,-2.698,-8.2832e-09,6.8574e-11,1,1721,0,2,0,-1.7695e-08,63,2.8802e+05,1721,2.952e+05,1.0412e+09
4,13,1,2,9,59,44,9.3055e-05,1.1141e-11,0,5,11.156,4.8895e-09,-1.5215,6.2399e-07,0.010412,1.0885e-05,5153.7,2.9518e+05,2.4959e-07,1.1637,1.8626e-08,0.93747,154.38,0.94968,-8.0793e-09,2.4537e-10,1,1721,0,2,0,-6.5193e-09,5,2.8802e+05,1721,2.9518e+05,1.0412e+09
5,13,1,2,10,0,0,-0.00037632,-2.16e-12,0,10,31.844,5.0995e-09,-2.7552,1.6373e-06,0.0031785,5.6773e-06,5153.8,2.952e+05,-3.9116e-08,2.2119,-3.9116e-08,0.94925,265.47,0.31045,-8.3661e-09,5.786e-11,1,1721,0,2,0,-1.0245e-08,10,2.8802e+05,1721,2.952e+05,1.0412e+09
10,13,1,2,10,0,0,-6.46e-05,-1.4779e-12,0,97,27.094,5.1438e-09,-2.3994,1.343e-06,0.012219,5.3104e-06,5153.7,2.952e+05,9.3132e-08,2.2322,-1.3411e-07,0.94411,268.06,0.78684,-8.2839e-09,1.5393e-10,1,1721,0,2,0,-2.794e-09,97,2.8802e+05,1721,2.952e+05,1.0412e+09
12,13,1,2,10,0,0,0.00011016,2.0464e-12,0,26,1.5625,4.4448e-09,-0.17539,1.3411e-07,0.0041319,3.8669e-06,5153.6,2.952e+05,4.0978e-08,-0.89886,1.4901e-08,0.98238,318.59,0.13799,-8.2211e-09,1.8215e-10,1,1721,0,2,0,-1.2107e-08,26,2.8802e+05,1721,2.952e+05,1.0412e+09
13,13,1,2,10,0,0,0.00015559,-2.8422e-12,0,60,-12.094,3.8712e-09,2.5275,-5.6066e-07,0.0048692,9.3114e-06,5153.6,2.952e+05,5.4017e-08,-2.9252,5.0291e-08,0.98361,210.81,2.0684,-7.6646e-09,-4.4002e-10,1,1721,0,2,0,-1.1176e-08,60,2.8802e+05,1721,2.952e+05,1.0412e+09
17,13,1,2,10,0,0,6.3621e-05,-3.5243e-12,0,65,-101.94,4.462e-09,2.8819,-5.2657e-06,0.0079562,8.3447e-06,5153.8,2.952e+05,2.0489e-08,0.1576,-1.0803e-07,0.96475,218.06,-2.2659,-7.9285e-09,-2.793e-10,1,1721,0,2,0,-1.071e-08,65,2.8802e+05,1721,2.952e+05,1.0412e+09
23,13,1,2,10,0,0,0.00012796,-3.7517e-12,0,97,-16.25,4.5584e-09,1.7447,-7.4878e-07,0.0081368,8.6837e-06,5153.8,2.952e+05,-6.1467e-08,-3.0095,1.4342e-07,0.95788,211.69,-2.9168,-8.0925e-09,-5.0966e-10,1,1721,0,2.8,0,-2.0489e-08,97,2.8802e+05,1721,2.952e+05,1.0412e+09
26,13,1,2,10,0,0,-0.00015314,1.3529e-11,0,91,-19.844,3.9848e-09,1.6237,-1.2647e-06,0.020993,8.9873e-06,5153.7,2.952e+05,-2.9057e-07,-2.9321,-4.0606e-07,0.98109,221.16,1.2134,-7.9357e-09,-3.9609e-10,1,1721,0,2,0,-6.0536e-09,91,2.8838e+05,1721,2.952e+05,1.0412e+09
28,13,1,2,10,0,0,0.00021968,3.5243e-12,0,49,-3.6563,4.347e-09,-2.6571,-2.5705e-07,0.018596,3.0398e-06,5153.6,2.952e+05,2.8871e-07,-0.87412,2.6077e-08,0.98155,327.72,-1.7984,-7.9343e-09,2.868e-10,1,1721,0,2,0,-1.071e-08,49,2.8802e+05,1721,2.952e+05,1.0412e+09
25,13,1,2,10,0,0,6.0205e-05,2.3874e-12,0,27,3.6563,4.6145e-09,-1.1489,2.1048e-07,0.0019515,3.6955e-06,5153.6,2.952e+05,1.6764e-08,-0.93547,1.3039e-08,0.9712,315.16,0.59856,-8.2878e-09,2.0072e-10,1,1721,0,2,0,5.1223e-09,27,2.9179e+05,1721,2.952e+05,1.0412e+09
7,13,1,2,9,59,44,0.00016419,4.4338e-12,0,23,66.25,4.0334e-09,0.096378,3.4794e-06,0.0060512,9.5852e-06,5153.7,2.9518e+05,9.127e-08,-1.9571,5.2154e-08,0.9757,202.38,-2.9218,-7.95e-09,2.3787e-10,1,1721,0,2,0,-1.1176e-08,23,2.9308e+05,1721,2.9518e+05,1.0412e+09
8,13,1,2,9,59,44,3.7667e-06,2.2737e-13,0,35,66.875,3.5962e-09,-0.49478,3.5781e-06,0.012713,9.1512e-06,5153.6,2.9518e+05,2.3469e-07,-1.869,7.6368e-08,0.99816,220.25,-2.8869,-7.7957e-09,2.9858e-10,1,1721,0,2,0,-4.191e-09,35,2.9296e+05,1721,2.9518e+05,1.0412e+09
15,13,1,2,10,0,0,-0.00010395,-1.1369e-12,0,49,-17.813,4.9238e-09,2.2463,-8.9779e-07,0.005181,7.7654e-06,5153.7,2.952e+05,-1.6764e-08,-3.0484,2.0489e-08,0.94301,221.47,0.097894,-8.2746e-09,-4.2645e-10,1,1721,0,2,0,-1.0245e-08,49,2.9278e+05,1721,2.952e+05,1.0412e+09
2,13,1,2,12,0,0,0.00041345,1.3642e-12,0,64,7.2813,4.8773e-09,2.5409,2.8871e-07,0.01182,1.196e-05,5153.6,3.024e+05,-2.0862e-07,1.147,-1.2852e-07,0.93844,136.19,-2.698,-8.0125e-09,2.343e-10,1,1721,0,2,0,-1.7695e-08,64,2.9522e+05,1721,3.024e+05,1.0412e+09
4,13,1,2,12,0,0,9.3135e-05,1.1141e-11,0,6,17.219,5.0434e-09,-0.46906,9.7789e-07,0.010412,1.1003e-05,5153.7,3.024e+05,-2.4214e-08,1.1636,1.4715e-07,0.93747,154.44,0.94971,-8.3868e-09,2.1394e-10,1,1721,0,2,0,-6.5193e-09,6,2.9522e+05,1721,3.024e+05,1.0412e+09
5,13,1,2,12,0,0,-0.00037634,-2.16e-12,0,11,30.969,5.1109e-09,-1.7052,1.5739e-06,0.0031787,5.4706e-06,5153.8,3.024e+05,1.8626e-09,2.2118,-5.9605e-08,0.94925,268.56,0.31057,-8.3857e-09,7.4289e-11,1,1721,0,2,0,-1.0245e-08,11,2.9522e+05,1721,3.024e+05,1.0412e+09
8,13,1,2,12,0,0,3.7681e-06,2.2737e-13,0,36,67.813,3.5269e-09,0.55776,3.6191e-06,0.012713,9.1586e-06,5153.6,3.024e+05,1.397e-07,-1.869,2.6636e-07,0.99816,222.59,-2.8869,-7.7346e-09,2.3537e-10,1,1721,0,2,0,-4.191e-09,36,2.9522e+05,1721,3.024e+05,1.0412e+09
10,13,1,2,12,0,0,-6.4611e-05,-1.4779e-12,0,98,30.75,5.2102e-09,-1.3493,1.6671e-06,0.012219,4.9397e-06,5153.7,3.024e+05,3.2596e-07,2.2321,-2.2352e-08,0.94411,273.69,0.78691,-8.4193e-09,1.7501e-11,1,1721,0,2,0,-2.794e-09,98,2.9522e+05,1721,3.024e+05,1.0412e+09
12,13,1,2,12,0,0,0.00011018,2.0464e-12,0,27,4.5625,4.3945e-09,0.87475,1.3784e-07,0.0041321,3.9581e-06,5153.6,3.024e+05,2.794e-08,-0.89892,2.9802e-08,0.98238,317.69,0.13805,-8.2125e-09,1.7465e-10,1,1721,0,2,0,-1.2107e-08,27,2.9522e+05,1721,3.024e+05,1.0412e+09
15,13,1,2,12,0,0,-0.00010396,-1.1369e-12,0,50,-18.938,4.9206e-09,-2.9867,-9.3691e-07,0.0051815,8.0466e-06,5153.7,3.024e+05,-1.3039e-08,-3.0485,0,0.94301,216.66,0.0979,-8.2611e-09,-4.2109e-10,1,1721,0,2,0,-1.0245e-08,50,2.9522e+05,1721,3.024e+05,1.0412e+09
17,13,1,2,12,0,0,6.3596e-05,-3.5243e-12,0,68,-97.469,4.4788e-09,-2.3512,-4.9975e-06,0.0079555,8.4508e-06,5153.8,3.024e+05,1.6019e-07,0.15754,-1.8626e-08,0.96474,215.72,-2.2659,-7.9807e-09,-1.5929e-10,1,1721,0,2,0,-1.071e-08,68,2.9522e+05,1721,3.024e+05,1.0412e+09
25,13,1,2,12,0,0,6.0223e-05,2.3874e-12,0,60,5.1563,4.6338e-09,-0.09887,2.8685e-07,0.0019512,3.8836e-06,5153.6,3.024e+05,-2.0489e-08,-0.93553,1.1176e-08,0.97121,312.38,0.59872,-8.3225e-09,2.0072e-10,1,1721,0,2,0,5.1223e-09,60,2.9522e+05,1721,3.024e+05,1.0412e+09
26,13,1,2,12,0,0,-0.00015305,1.3529e-11,0,100,-20.688,3.8566e-09,2.674,-1.125e-06,0.020994,9.0469e-06,5153.7,3.024e+05,2.1048e-07,-2.9321,-1.6019e-07,0.98109,211.19,1.2134,-7.435e-09,-4.5716e-10,1,1721,0,2.8,0,-6.0536e-09,100,2.9522e+05,1721,3.024e+05,1.0412e+09
29,13,1,2,12,0,0,0.00039378,3.979e-12,0,89,-90.75,4.5855e-09,0.52747,-4.679e-06,0.0018193,8.0187e-06,5153.7,3.024e+05,2.9802e-08,0.16623,-3.7253e-08,0.96534,230.69,-1.1106,-8.1318e-09,-1.7501e-10,1,1721,0,2,0,-9.3132e-09,89,2.9524e+05,1721,3.024e+05,1.0412e+09
9,13,1,2,12,0,0,0.00021086,2.6148e-12,0,12,48.688,3.8309e-09,0.92368,2.4233e-06,0.017049,9.9726e-06,5152.8,3.024e+05,-2.1979e-07,-1.9813,-1.7695e-07,0.98439,201.22,1.6354,-8.0621e-09,1.6179e-10,1,1721,0,2,0,-5.5879e-09,12,2.9699e+05,1721,3.024e+05,1.0412e+09
24,13,1,2,12,0,0,1.3299e-06,-6.8212e-13,0,94,51.813,4.2905e-09,2.3472,2.6636e-06,0.00043915,9.533e-06,5153.7,3.024e+05,9.3132e-09,-1.9832,5.5879e-09,0.95931,191.5,-0.1325,-8.0435e-09,1.9537e-10,1,1721,0,2.8,0,4.191e-09,94,2.9947e+05,1721,3.024e+05,1.0412e+09
26,13,1,2,11,59,44,-0.00015304,1.3642e-11,0,4,-20.719,3.8569e-09,2.6716,-1.125e-06,0.020994,9.0469e-06,5153.7,3.0238e+05,2.1048e-07,-2.9321,-1.6205e-07,0.98109,211.19,1.2134,-7.435e-09,-4.5716e-10,1,1721,0,2,0,-6.0536e-09,4,2.993e+05,1721,3.0238e+05,1.0412e+09
2,13,1,2,14,0,0,0.00041346,1.3642e-12,0,91,17.344,4.8577e-09,-2.692,7.9721e-07,0.011818,1.163e-05,5153.6,3.096e+05,-7.2643e-08,1.147,-2.1793e-07,0.93844,140.56,-2.6981,-8.0107e-09,2.7358e-10,1,1721,0,2,0,-1.7695e-08,91,3.0242e+05,1721,3.096e+05,1.0412e+09
4,13,1,2,14,0,0,9.3215e-05,1.1141e-11,0,8,14.188,5.0949e-09,0.58113,9.872e-07,0.010412,1.077e-05,5153.7,3.096e+05,-1.3225e-07,1.1636,9.3132e-08,0.93747,161.31,0.94968,-8.3489e-09,1.3643e-10,1,1721,0,2,0,-6.5193e-09,8,3.0242e+05,1721,3.096e+05,1.0412e+09
5,13,1,2,14,0,0,-0.00037635,-2.16e-12,0,24,33.281,5.157e-09,-0.65521,1.7025e-06,0.0031787,5.3104e-06,5153.8,3.096e+05,8.1956e-08,2.2118,-1.8626e-09,0.94925,271.19,0.3107,-8.4518e-09,1.3929e-11,1,1721,0,2,0,-1.0245e-08,24,3.0242e+05,1721,3.096e+05,1.0412e+09
8,13,1,2,14,0,0,3.7695e-06,2.2737e-13,0,37,63.75,3.5187e-09,1.608,3.431e-06,0.012713,9.0469e-06,5153.6,3.096e+05,-1.1176e-07,-1.8691,1.5646e-07,0.99816,226.28,-2.8869,-7.6453e-09,4.9645e-11,1,1721,0,2,0,-4.191e-09,37,3.0242e+05,1721,3.096e+05,1.0412e+09
9,13,1,2,14,0,0,0.00021088,2.6148e-12,0,13,56.969,3.6394e-09,1.9744,2.8238e-06,0.017049,9.9577e-06,5152.8,3.096e+05,3.241e-07,-1.9814,-1.5087e-07,0.98439,194.78,1.6354,-7.511e-09,1.6465e-10,1,1721,0,2,0,-5.5879e-09,13,3.0242e+05,1721,3.096e+05,1.0412e+09
10,13,1,2,14,0,0,-6.4622e-05,-1.4779e-12,0,101,30.375,5.3934e-09,-0.29919,1.7025e-06,0.012219,4.8727e-06,5153.7,3.096e+05,4.8429e-08,2.2321,1.546e-07,0.94411,274.47,0.7869,-8.7318e-09,-2.4287e-11,1,1721,0,2,0,-2.794e-09,101,3.0242e+05,1721,3.096e+05,1.0412e+09
12,13,1,2,14,0,0,0.00011019,2.0464e-12,0,28,6.9063,4.3241e-09,1.925,2.1979e-07,0.0041322,3.5483e-06,5153.6,3.096e+05,-5.5879e-09,-0.89897,7.0781e-08,0.98238,319.88,0.13798,-8.2032e-09,2.0679e-10,1,1721,0,2,0,-1.2107e-08,28,3.0242e+05,1721,3.096e+05,1.0412e+09
15,13,1,2,14,0,0,-0.00010396,-1.1369e-12,0,51,-23.781,4.9256e-09,-1.9366,-1.274e-06,0.0051821,8.11e-06,5153.7,3.096e+05,-1.1176e-08,-3.0486,-1.6764e-08,0.94301,215.31,0.097972,-8.2725e-09,-4.1537e-10,1,1721,0,2,0,-1.0245e-08,51,3.0242e+05,1721,3.096e+05,1.0412e+09
21,13,1,2,14,0,0,-0.00027212,-2.2737e-12,0,9,-4.875,5.2334e-09,1.2972,-5.9605e-08,0.0196,1.183e-05,5153.8,3.096e+05,-3.837e-07,1.1682,1.3039e-07,0.93122,143.59,-2.1911,-8.5754e-09,1.4179e-10,1,1721,0,2,0,-1.1176e-08,9,3.026e+05,1721,3.096e+05,1.0412e+09
24,13,1,2,14,0,0,1.3253e-06,-6.8212e-13,0,95,62.375,4.283e-09,-2.8845,3.3285e-06,0.00044074,1.003e-05,5153.7,3.096e+05,2.4214e-08,-1.9833,1.8626e-09,0.95932,184.84,-0.1339,-8.0296e-09,1.9715e-10,1,1721,0,2.8,0,4.191e-09,95,3.0242e+05,1721,3.096e+05,1.0412e+09
26,13,1,2,13,59,44,-0.00015294,1.3642e-11,0,16,-16.656,3.8741e-09,-2.5614,-8.8476e-07,0.020994,8.8662e-06,5153.7,3.0958e+05,2.7381e-07,-2.9322,0,0.98109,214.69,1.2134,-7.4517e-09,-3.4359e-10,1,1721,0,2,0,-6.0536e-09,16,3.0242e+05,1721,3.0958e+05,1.0412e+09
29,13,1,2,14,0,0,0.00039381,3.979e-12,0,99,-93.281,4.5716e-09,1.578,-4.8075e-06,0.0018191,8.2869e-06,5153.7,3.096e+05,9.3132e-08,0.16617,-1.1176e-08,0.96534,225.5,-1.111,-8.0736e-09,-1.8072e-10,1,1721,0,2.8,0,-9.3132e-09,99,3.0242e+05,1721,3.096e+05,1.0412e+09
18,13,1,2,13,59,44,0.00023241,1.819e-12,0,3,35.5,5.771e-09,0.18846,1.9595e-06,0.013633,5.411e-06,5153.7,3.0958e+05,-1.0617e-07,2.2175,1.2852e-07,0.92789,258.81,-2.1316,-8.9754e-09,-2.9287e-11,1,1721,0,2,0,-1.071e-08,3,3.0413e+05,1721,3.0958e+05,1.0412e+09
9,13,1,2,13,59,44,0.00021088,2.6148e-12,0,18,56.969,3.6394e-09,1.9721,2.8238e-06,0.017049,9.9577e-06,5152.8,3.0958e+05,3.241e-07,-1.9814,-1.5087e-07,0.98439,194.75,1.6354,-7.511e-09,1.6465e-10,1,1721,0,2,0,-5.5879e-09,18,3.0692e+05,1721,3.0958e+05,1.0412e+09
2,13,1,2,16,0,0,0.00041347,1.3642e-12,0,109,12.281,5.0202e-09,-1.6421,5.6438e-07,0.01182,1.033e-05,5153.6,3.168e+05,8.3819e-08,1.1469,-1.5087e-07,0.93844,167.69,-2.6978,-8.0618e-09,3.7716e-10,1,1721,0,2,0,-1.7695e-08,109,3.0962e+05,1721,3.168e+05,1.0412e+09
5,13,1,2,16,0,0,-0.00037637,-2.16e-12,0,25,34.438,5.2002e-09,0.39492,1.8664e-06,0.0031792,4.9528e-06,5153.8,3.168e+05,5.5879e-08,2.2117,3.3528e-08,0.94925,274.44,0.31068,-8.46e-09,5.0002e-12,1,1721,0,2,0,-1.0245e-08,25,3.0962e+05,1721,3.168e+05,1.0412e+09
9,13,1,2,15,59,44,0.0002109,2.6148e-12,0,21,58.219,3.633e-09,3.0228,3.051e-06,0.017049,9.6112e-06,5152.8,3.1678e+05,1.8068e-07,-1.9814,2.2352e-08,0.98439,203.5,1.6354,-7.3957e-09,7.9646e-11,1,1721,0,2,0,-5.5879e-09,21,3.0962e+05,1721,3.1678e+05,1.0412e+09
12,13,1,2,16,0,0,0.0001102,2.0464e-12,0,29,8.1563,4.2162e-09,2.9752,5.0291e-07,0.0041323,3.6303e-06,5153.6,3.168e+05,-2.6077e-08,-0.89903,-3.7253e-08,0.98238,320.53,0.13794,-8.1121e-09,2.568e-10,1,1721,0,2,0,-1.2107e-08,29,3.0962e+05,1721,3.168e+05,1.0412e+09
14,13,1,2,16,0,0,0.00021908,4.5475e-13,0,107,-17.094,4.2734e-09,-0.44531,-8.6613e-07,0.0067372,8.5272e-06,5153.7,3.168e+05,1.4901e-08,-2.9536,9.3132e-08,0.97633,225.44,-2.0169,-8.0775e-09,-5.0574e-10,1,1721,0,2.8,0,-8.8476e-09,107,3.0982e+05,1721,3.168e+05,1.0412e+09
15,13,1,2,16,0,0,-0.00010397,-1.1369e-12,0,79,-19.938,4.9641e-09,-0.88661,-1.0822e-06,0.0051819,7.7393e-06,5153.7,3.168e+05,7.2643e-08,-3.0486,-5.9605e-08,0.943,221.56,0.098167,-8.3039e-09,-4.8323e-10,1,1721,0,2,0,-1.0245e-08,79,3.0962e+05,1721,3.168e+05,1.0412e+09
18,13,1,2,16,0,0,0.00023243,1.819e-12,0,5,37.5,5.7988e-09,1.241,1.9446e-06,0.013633,5.5935e-06,5153.7,3.168e+05,-2.3842e-07,2.2174,7.0781e-08,0.92789,258.88,-2.1316,-8.9289e-09,-1.2143e-11,1,1721,0,2,0,-1.071e-08,5,3.0962e+05,1721,3.168e+05,1.0412e+09
21,13,1,2,16,0,0,-0.00027214,-2.2737e-12,0,10,3.4375,5.0774e-09,2.3474,1.4901e-08,0.019601,1.2036e-05,5153.8,3.168e+05,-7.4506e-09,1.1681,-3.9302e-07,0.93122,130.06,-2.1912,-7.9668e-09,3.1144e-10,1,1721,0,2,0,-1.1176e-08,10,3.0962e+05,1721,3.168e+05,1.0412e+09
24,13,1,2,16,0,0,1.3206e-06,-6.8212e-13,0,96,57.156,4.2295e-09,-1.8358,2.984e-06,0.00044086,9.8739e-06,5153.7,3.168e+05,-5.4017e-08,-1.9833,8.7544e-08,0.95932,189.53,-0.13237,-7.9478e-09,1.3429e-10,1,1721,0,2.8,0,4.191e-09,96,3.0962e+05,1721,3.168e+05,1.0412e+09
26,13,1,2,16,0,0,-0.00015285,1.3642e-11,0,17,-7.4688,4.0134e-09,-1.5089,-2.3469e-07,0.020995,8.4881e-06,5153.7,3.168e+05,4.0233e-07,-2.9322,3.7625e-07,0.98108,222.91,1.2134,-7.7021e-09,-4.8895e-10,1,1721,0,2,0,-6.0536e-09,17,3.0962e+05,1721,3.168e+05,1.0412e+09
29,13,1,2,16,0,0,0.00039383,3.979e-12,0,102,-90.625,4.4666e-09,2.6279,-4.9155e-06,0.0018187,8.2962e-06,5153.7,3.168e+05,7.0781e-08,0.16611,4.4703e-08,0.96534,221.84,-1.1108,-8.0439e-09,-1.9537e-10,1,1721,0,2.8,0,-9.3132e-09,102,3.0962e+05,1721,3.168e+05,1.0412e+09
2,13,1,2,15,59,44,0.00041347,1.3642e-12,0,0,12.281,5.0199e-09,-1.6444,5.6438e-07,0.01182,1.033e-05,5153.6,3.1678e+05,8.3819e-08,1.1469,-1.5087e-07,0.93844,167.69,-2.6978,-8.0618e-09,3.7716e-10,1,1721,0,2,0,-1.7695e-08,0,3.106e+05,1721,3.1678e+05,1.0412e+09
25,13,1,2,16,0,0,6.0258e-05,2.3874e-12,0,87,15.5,4.517e-09,2.0019,8.1025e-07,0.0019518,3.4738e-06,5153.6,3.168e+05,-2.0489e-08,-0.93565,-1.1176e-08,0.97121,315.25,0.59837,-8.3221e-09,2.668e-10,1,1721,0,2,0,5.1223e-09,87,3.1094e+05,1721,3.168e+05,1.0412e+09
22,13,1,2,16,0,0,0.00015481,9.0949e-13,0,110,35.906,5.8431e-09,0.5673,1.9819e-06,0.0061444,5.3626e-06,5153.7,3.168e+05,-1.6764e-08,2.2203,1.4901e-08,0.92563,258.22,-2.0239,-8.9011e-09,3.1787e-11,1,1721,0,2.8,0,-1.7229e-08,110,3.1169e+05,1721,3.168e+05,1.0412e+09
14,13,1,2,15,59,44,0.00021908,4.5475e-13,0,0,-17.094,4.2734e-09,-0.44764,-8.6613e-07,0.0067372,8.5272e-06,5153.7,3.1678e+05,1.4901e-08,-2.9536,9.3132e-08,0.97633,225.44,-2.0169,-8.0775e-09,-5.0574e-10,1,1721,0,2,0,-8.8476e-09,0,3.1324e+05,1721,3.1678e+05,1.0412e+09
29,13,1,2,15,59,44,0.00039383,3.979e-12,0,10,-90.625,4.4666e-09,2.6256,-4.9137e-06,0.0018187,8.2962e-06,5153.7,3.1678e+05,7.0781e-08,0.16611,4.4703e-08,0.96534,221.84,-1.1108,-8.0439e-09,-1.9572e-10,1,1721,0,2,0,-9.3132e-09,10,3.1625e+05,1721,3.1678e+05,1.0412e+09
31,13,1,2,16,0,0,0.00029556,2.0464e-12,0,140,50.813,3.7787e-09,-3.0826,2.6934e-06,0.0081264,1.0043e-05,5153.8,3.168e+05,4.2841e-08,-1.9533,6.8918e-08,0.98073,196.88,-0.82234,-7.641e-09,1.1072e-10,1,1721,0,2,0,-1.3504e-08,140,3.164e+05,1721,3.168e+05,1.0412e+09
9,13,1,2,18,0,0,0.00021092,2.6148e-12,0,27,53.844,3.6944e-09,-2.2074,2.8387e-06,0.01705,9.2722e-06,5152.8,3.24e+05,2.7753e-07,-1.9815,1.6578e-07,0.98439,212.03,1.6354,-7.471e-09,3.7502e-11,1,1721,0,2,0,-5.5879e-09,27,3.1682e+05,1721,3.24e+05,1.0412e+09
12,13,1,2,18,0,0,0.00011022,2.0464e-12,0,67,5.25,4.1959e-09,-2.2578,3.4459e-07,0.0041328,3.8128e-06,5153.6,3.24e+05,-1.3039e-08,-0.89909,9.3132e-09,0.98239,318.06,0.13798,-8.0675e-09,2.393e-10,1,1721,0,2,0,-1.2107e-08,67,3.1682e+05,1721,3.24e+05,1.0412e+09
14,13,1,2,17,59,44,0.00021909,4.5475e-13,0,12,-16.25,4.2562e-09,0.60253,-8.2515e-07,0.0067373,8.5495e-06,5153.7,3.2398e+05,-5.0291e-08,-2.9537,6.8918e-08,0.97633,225,-2.0169,-8.0532e-09,-5.5288e-10,1,1721,0,2,0,-8.8476e-09,12,3.1682e+05,1721,3.2398e+05,1.0412e+09
15,13,1,2,18,0,0,-0.00010398,-1.1369e-12,0,81,-21.594,5.032e-09,0.16361,-1.2331e-06,0.0051832,7.0706e-06,5153.7,3.24e+05,2.9802e-08,-3.0487,3.1665e-08,0.943,230.75,0.098121,-8.3964e-09,-5.1109e-10,1,1721,0,2,0,-1.0245e-08,81,3.1682e+05,1721,3.24e+05,1.0412e+09
18,13,1,2,18,0,0,0.00023244,1.819e-12,0,6,36.656,5.6009e-09,2.2911,1.6801e-06,0.013632,5.1055e-06,5153.8,3.24e+05,2.794e-08,2.2173,-2.9802e-07,0.92789,263.34,-2.1316,-8.4879e-09,1.0929e-10,1,1721,0,2,0,-1.071e-08,6,3.1682e+05,1721,3.24e+05,1.0412e+09
21,13,1,2,18,0,0,-0.00027215,-2.2737e-12,0,11,15.563,4.9609e-09,-2.8857,4.7311e-07,0.019599,1.1647e-05,5153.8,3.24e+05,1.7323e-07,1.168,-2.7567e-07,0.93123,136.34,-2.1912,-7.9139e-09,3.3966e-10,1,1721,0,2,0,-1.1176e-08,11,3.1682e+05,1721,3.24e+05,1.0412e+09
22,13,1,2,18,0,0,0.00015482,9.0949e-13,0,180,39.875,5.8335e-09,1.6176,2.0321e-06,0.006144,5.2769e-06,5153.7,3.24e+05,-1.397e-07,2.2202,-1.0245e-07,0.92563,261.16,-2.024,-8.7847e-09,1.3036e-10,1,1721,0,4,0,-1.7229e-08,180,3.1682e+05,1721,3.24e+05,1.0412e+09
24,13,1,2,18,0,0,1.316e-06,-6.8212e-13,0,97,52.344,4.3152e-09,-0.78933,2.7083e-06,0.00044097,9.3374e-06,5153.7,3.24e+05,1.6764e-08,-1.9834,-6.1467e-08,0.95932,202.03,-0.12873,-7.9725e-09,-3.9287e-12,1,1721,0,2.8,0,4.191e-09,97,3.1682e+05,1721,3.24e+05,1.0412e+09
25,13,1,2,18,0,0,6.0276e-05,2.3874e-12,0,89,14.094,4.4266e-09,3.0522,7.9162e-07,0.0019522,3.811e-06,5153.6,3.24e+05,7.6368e-08,-0.93571,-5.5879e-09,0.97121,312.47,0.59829,-8.2271e-09,2.6573e-10,1,1721,0,2,0,5.1223e-09,89,3.1682e+05,1721,3.24e+05,1.0412e+09
29,13,1,2,17,59,44,0.00039386,3.979e-12,0,11,-81.844,4.4105e-09,-2.6075,-4.2487e-06,0.00182,7.8883e-06,5153.7,3.2398e+05,-1.8626e-08,0.16606,6.5193e-08,0.96534,225.91,-1.1107,-8.0046e-09,-1.2965e-10,1,1721,0,2,0,-9.3132e-09,11,3.1682e+05,1721,3.2398e+05,1.0412e+09
31,13,1,2,18,0,0,0.00029557,2.0464e-12,0,141,59.094,3.8619e-09,-2.0325,3.0939e-06,0.0081273,1.0278e-05,5153.8,3.24e+05,-1.1362e-07,-1.9534,1.2666e-07,0.98073,194.78,-0.82233,-7.7939e-09,9.429e-11,1,1721,0,2.8,0,-1.3504e-08,141,3.1682e+05,1721,3.24e+05,1.0412e+09
27,13,1,2,18,0,0,-0.00019897,3.638e-12,0,27,14.531,5.7024e-09,1.6717,7.1339e-07,0.0056758,3.8072e-06,5153.6,3.24e+05,-8.3819e-08,-0.91976,-2.794e-08,0.97608,314.28,0.85159,-8.2946e-09,2.1679e-10,1,1721,0,2,63,-1.9092e-08,27,3.1966e+05,1721,3.24e+05,1.0412e+09
30,13,1,2,18,0,0,-0.00026444,1.2392e-11,0,101,26.531,4.7706e-09,0.72712,1.2908e-06,0.010853,4.2766e-06,5153.6,3.24e+05,-7.4506e-08,-1.0286,-1.2293e-07,0.96227,301.03,1.6125,-8.5786e-09,2.2572e-10,1,1721,0,11.3,0,-4.6566e-09,101,3.2204e+05,1721,3.24e+05,1.0412e+09
12,13,1,2,20,0,0,0.00011023,2.0464e-12,0,70,4.9688,4.1673e-09,-1.2072,3.241e-07,0.0041326,4.4182e-06,5153.6,3.312e+05,9.3132e-09,-0.89915,-8.5682e-08,0.98239,307.25,0.13762,-8.0736e-09,1.6001e-10,1,1721,0,2,0,-1.2107e-08,70,3.2402e+05,1721,3.312e+05,1.0412e+09
14,13,1,2,20,0,0,0.00021909,4.5475e-13,0,13,-16.781,4.2134e-09,1.655,-9.9465e-07,0.0067372,8.449e-06,5153.7,3.312e+05,-1.6764e-07,-2.9537,-9.3132e-08,0.97632,226.75,-2.0169,-7.9171e-09,-4.4645e-10,1,1721,0,2,0,-8.8476e-09,13,3.2402e+05,1721,3.312e+05,1.0412e+09
18,13,1,2,20,0,0,0.00023245,1.819e-12,0,7,41.563,5.5892e-09,-2.942,2.0862e-06,0.013632,4.9677e-06,5153.8,3.312e+05,1.6391e-07,2.2173,-1.8999e-07,0.92789,264.75,-2.1316,-8.4361e-09,1.2608e-10,1,1721,0,2,0,-1.071e-08,7,3.2402e+05,1721,3.312e+05,1.0412e+09
21,13,1,2,20,0,0,-0.00027217,-2.2737e-12,0,12,21.219,5.0381e-09,-1.8357,8.9221e-07,0.019603,9.7752e-06,5153.8,3.312e+05,3.0734e-07,1.168,-1.2107e-07,0.93123,167.78,-2.191,-7.9521e-09,4.1823e-10,1,1721,0,2,0,-1.1176e-08,12,3.2402e+05,1721,3.312e+05,1.0412e+09
22,13,1,2,20,0,0,0.00015483,9.0949e-13,0,186,40.281,5.701e-09,2.6677,2.0508e-06,0.0061438,5.0794e-06,5153.7,3.312e+05,8.0094e-08,2.2202,-6.8918e-08,0.92563,264.03,-2.0239,-8.5654e-09,1.2036e-10,1,1721,0,4,0,-1.7229e-08,186,3.2402e+05,1721,3.312e+05,1.0412e+09
25,13,1,2,20,0,0,6.0293e-05,2.3874e-12,0,90,14.094,4.3923e-09,-2.1805,8.4192e-07,0.001952,4.0792e-06,5153.6,3.312e+05,-5.5879e-08,-0.93577,9.3132e-09,0.97121,307.72,0.59809,-8.1593e-09,1.7536e-10,1,1721,0,2,0,5.1223e-09,90,3.2402e+05,1721,3.312e+05,1.0412e+09
27,13,1,2,20,0,0,-0.00019894,3.638e-12,0,28,13.406,5.5888e-09,2.722,6.9104e-07,0.0056759,3.9171e-06,5153.6,3.312e+05,8.7544e-08,-0.91982,-6.1467e-08,0.97608,313.56,0.85158,-8.1218e-09,2.2715e-10,1,1721,0,2,63,-1.9092e-08,28,3.2402e+05,1721,3.312e+05,1.0412e+09
29,13,1,2,20,0,0,0.00039389,3.979e-12,0,12,-79.719,4.3602e-09,-1.5545,-4.0978e-06,0.0018198,7.73e-06,5153.7,3.312e+05,-6.7055e-08,0.166,3.1665e-08,0.96534,232.72,-1.1112,-8.046e-09,-1.2215e-10,1,1721,0,2,0,-9.3132e-09,12,3.2402e+05,1721,3.312e+05,1.0412e+09
30,13,1,2,20,0,0,-0.00026435,1.2392e-11,0,107,26.813,4.6427e-09,1.7773,1.207e-06,0.010853,3.9414e-06,5153.6,3.312e+05,2.2165e-07,-1.0287,-2.1607e-07,0.96228,304.56,1.6125,-8.2946e-09,2.5537e-10,1,1721,0,16,0,-4.6566e-09,107,3.2402e+05,1721,3.312e+05,1.0412e+09
31,13,1,2,20,0,0,0.00029559,2.0464e-12,0,142,48.531,3.9255e-09,-0.98256,2.4401e-06,0.0081267,9.8646e-06,5153.8,3.312e+05,-1.1548e-07,-1.9534,-1.4901e-08,0.98073,203.69,-0.82215,-7.8771e-09,1.3108e-10,1,1721,0,2.8,0,-1.3504e-08,142,3.2402e+05,1721,3.312e+05,1.0412e+09
16,13,1,2,20,0,0,-0.00025145,-3.4106e-13,0,20,9.375,4.232e-09,2.8216,5.085e-07,0.0067729,3.9283e-06,5153.6,3.312e+05,-5.5879e-08,-0.88085,-1.1176e-08,0.98314,317.56,0.026921,-8.0893e-09,1.8251e-10,1,1721,0,2,0,-9.7789e-09,20,3.2645e+05,1721,3.312e+05,1.0412e+09
32,13,1,2,20,0,0,-0.00052258,-3.5243e-12,0,15,32.375,5.3438e-09,-0.35492,1.6578e-06,0.011685,5.2135e-06,5153.8,3.312e+05,1.1176e-07,2.3005,-2.0117e-07,0.94989,275.38,-0.4214,-8.6307e-09,1.5215e-10,1,1721,0,2,0,-3.2596e-09,15,3.2591e+05,1721,3.312e+05,1.0412e+09
22,13,1,2,19,59,44,0.00015482,7.9581e-13,0,2,40.281,5.701e-09,2.6654,2.0508e-06,0.0061438,5.0794e-06,5153.7,3.3118e+05,8.0094e-08,2.2202,-6.8918e-08,0.92563,264.03,-2.0239,-8.5654e-09,1.2e-10,1,1721,0,2,0,-1.7229e-08,2,3.283e+05,1721,3.3118e+05,1.0412e+09
6,13,1,2,20,0,0,0.00040251,-1.3529e-11,0,151,-88.469,5.0202e-09,2.5189,-4.5747e-06,0.0075614,6.7353e-06,5153.7,3.312e+05,-1.6764e-08,0.058005,1.9558e-07,0.94021,235.88,-0.39844,-8.355e-09,-2.0358e-10,1,1721,0,2,0,-5.1223e-09,151,3.2882e+05,1721,3.312e+05,1.0412e+09
20,13,1,2,20,0,0,7.8606e-05,1.3642e-12,0,84,45.594,5.7035e-09,-2.3733,2.3656e-06,0.0054449,5.4743e-06,5153.6,3.312e+05,1.0617e-07,2.1637,-3.7253e-09,0.9285,256.91,1.281,-8.6071e-09,2.5644e-10,1,1721,0,2,0,-7.9162e-09,84,3.2987e+05,1721,3.312e+05,1.0412e+09
3,13,1,2,20,0,0,0.00014997,5.1159e-12,0,65,-80.844,5.3481e-09,0.62073,-4.2394e-06,0.015929,6.4243e-06,5153.7,3.312e+05,-2.1979e-07,-0.020314,9.3132e-09,0.93348,244.94,1.2622,-8.8286e-09,-2.8608e-10,1,1721,0,2,0,-4.6566e-09,65,3.3101e+05,1721,3.312e+05,1.0412e+09
3,13,1,2,22,0,0,0.00015001,5.1159e-12,0,66,-86.563,5.1966e-09,1.6709,-4.7162e-06,0.015929,6.2604e-06,5153.7,3.384e+05,-1.844e-07,-0.020378,-3.6694e-07,0.93348,247.31,1.2623,-8.5371e-09,-1.5215e-10,1,1721,0,2,0,-4.6566e-09,66,3.3122e+05,1721,3.384e+05,1.0412e+09
6,13,1,2,22,0,0,0.00040241,-1.3529e-11,0,152,-81.375,4.9448e-09,-2.7141,-4.0494e-06,0.0075624,6.97e-06,5153.7,3.384e+05,-7.8231e-08,0.057945,8.1956e-08,0.94021,233.63,-0.39847,-8.2628e-09,-1.4465e-10,1,1721,0,2,0,-5.1223e-09,152,3.3122e+05,1721,3.384e+05,1.0412e+09
14,13,1,2,22,0,0,0.0002191,4.5475e-13,0,14,-14.438,4.1877e-09,2.705,-7.8045e-07,0.0067365,7.7188e-06,5153.7,3.384e+05,-2.4214e-08,-2.9538,-1.2666e-07,0.97632,235.63,-2.0168,-7.81e-09,-4.3788e-10,1,1721,0,2,0,-8.8476e-09,14,3.3122e+05,1721,3.384e+05,1.0412e+09
16,13,1,2,22,0,0,-0.00025145,-3.4106e-13,0,21,5.75,4.2291e-09,-2.4114,3.2596e-07,0.0067735,4.1407e-06,5153.6,3.384e+05,-2.4214e-08,-0.8809,-2.6077e-08,0.98314,314.47,0.026958,-8.0718e-09,1.8679e-10,1,1721,0,2,0,-9.7789e-09,21,3.3122e+05,1721,3.384e+05,1.0412e+09
18,13,1,2,22,0,0,0.00023247,1.819e-12,0,26,40.469,5.527e-09,-1.8918,2.1327e-06,0.013631,5.1279e-06,5153.8,3.384e+05,1.9372e-07,2.2172,-1.8626e-09,0.92789,258.78,-2.1316,-8.4432e-09,2.5072e-10,1,1721,0,2,0,-1.071e-08,26,3.3122e+05,1721,3.384e+05,1.0412e+09
20,13,1,2,22,0,0,7.8616e-05,1.3642e-12,0,85,46.75,5.7117e-09,-1.323,2.5928e-06,0.0054451,5.452e-06,5153.6,3.384e+05,7.0781e-08,2.1636,1.0803e-07,0.9285,259.81,1.281,-8.7036e-09,2.2072e-10,1,1721,0,2,0,-7.9162e-09,85,3.3122e+05,1721,3.384e+05,1.0412e+09
22,13,1,2,21,59,44,0.00015483,7.9581e-13,0,3,44,5.6445e-09,-2.5676,2.1718e-06,0.0061429,5.275e-06,5153.7,3.3838e+05,1.1735e-07,2.2201,1.4901e-08,0.92563,257.97,-2.024,-8.5729e-09,1.7286e-10,1,1721,0,2,0,-1.7229e-08,3,3.3122e+05,1721,3.3838e+05,1.0412e+09
25,13,1,2,22,0,0,6.0311e-05,2.3874e-12,0,91,8.2813,4.4188e-09,-1.1297,3.9488e-07,0.0019517,4.5095e-06,5153.6,3.384e+05,4.0978e-08,-0.93582,0,0.97121,300.16,0.59746,-8.2061e-09,1.0429e-10,1,1721,0,2,0,5.1223e-09,91,3.3122e+05,1721,3.384e+05,1.0412e+09
27,13,1,2,22,0,0,-0.00019892,3.638e-12,0,29,12.281,5.5688e-09,-2.511,6.9477e-07,0.0056759,4.1034e-06,5153.6,3.384e+05,1.6764e-08,-0.91988,-1.8626e-09,0.97608,309.97,0.85154,-8.0625e-09,1.7358e-10,1,1721,0,2,63,-1.9092e-08,29,3.3122e+05,1721,3.384e+05,1.0412e+09
29,13,1,2,22,0,0,0.00039392,3.979e-12,0,13,-81.344,4.3909e-09,-0.50454,-4.1425e-06,0.0018194,7.5679e-06,5153.7,3.384e+05,-8.5682e-08,0.16594,-2.6077e-08,0.96534,236.91,-1.111,-8.0535e-09,-1.3858e-10,1,1721,0,2,0,-9.3132e-09,13,3.3122e+05,1721,3.384e+05,1.0412e+09
30,13,1,2,22,0,0,-0.00026426,1.2392e-11,0,108,26.5,4.5895e-09,2.8275,1.4231e-06,0.010853,3.9656e-06,5153.6,3.384e+05,1.2293e-07,-1.0288,3.1665e-08,0.96228,303.81,1.6125,-8.1028e-09,1.3429e-10,1,1721,0,16,0,-4.6566e-09,108,3.3122e+05,1721,3.384e+05,1.0412e+09
31,13,1,2,22,0,0,0.0002956,2.0464e-12,0,143,42.719,3.9641e-09,0.06742,2.1551e-06,0.0081263,9.3337e-06,5153.8,3.384e+05,5.5879e-09,-1.9535,-1.248e-07,0.98073,213.44,-0.82203,-7.9218e-09,4.2859e-12,1,1721,0,2.8,0,-1.3504e-08,143,3.3122e+05,1721,3.384e+05,1.0412e+09
32,13,1,2,22,0,0,-0.00052261,-3.5243e-12,0,16,32,5.2974e-09,0.6952,1.641e-06,0.011685,5.0496e-06,5153.8,3.384e+05,2.8685e-07,2.3004,-1.0431e-07,0.94989,277.69,-0.42139,-8.5489e-09,1.2286e-10,1,1721,0,2,0,-3.2596e-09,16,3.3122e+05,1721,3.384e+05,1.0412e+09
19,13,1,2,22,0,0,-0.00033644,-3.2969e-12,0,91,-81.5,4.4709e-09,2.1775,-4.204e-06,0.0087838,8.1602e-06,5153.7,3.384e+05,-1.7881e-07,0.2096,1.0803e-07,0.96201,223.03,0.27523,-8.0596e-09,-2.0394e-10,1,1721,0,2,0,-1.4435e-08,91,3.3452e+05,1721,3.384e+05,1.0412e+09
23,13,1,2,22,0,0,0.0001278,-3.7517e-12,0,89,-18.906,4.8277e-09,1.762,-8.3447e-07,0.0081359,7.8604e-06,5153.8,3.384e+05,-2.794e-08,-3.0098,2.142e-07,0.95786,228.97,-2.9167,-8.2636e-09,-4.8323e-10,1,1721,0,2,0,-2.0489e-08,89,3.3394e+05,1721,3.384e+05,1.0412e+09
20,13,1,2,21,59,44,7.8616e-05,1.3642e-12,0,13,46.75,5.7117e-09,-1.3253,2.5928e-06,0.0054451,5.452e-06,5153.6,3.3838e+05,7.0781e-08,2.1636,1.0803e-07,0.9285,259.81,1.281,-8.7036e-09,2.2072e-10,1,1721,0,2,0,-7.9162e-09,13,3.3529e+05,1721,3.3838e+05,1.0412e+09
21,13,1,2,22,0,0,-0.00027219,-2.2737e-12,0,21,13.406,5.1477e-09,-0.78548,1.0133e-06,0.019603,9.8739e-06,5153.8,3.384e+05,8.3819e-08,1.1679,4.2468e-07,0.93123,175.75,-2.1911,-8.5136e-09,2.3858e-10,1,1721,0,2,0,-1.1176e-08,21,3.3494e+05,1721,3.384e+05,1.0412e+09
3,13,1,3,0,0,0,0.00015004,5.1159e-12,0,67,-84.063,5.0691e-09,2.721,-4.34e-06,0.015929,5.7407e-06,5153.7,3.456e+05,1.3597e-07,-0.020437,-1.6391e-07,0.93348,251.44,1.2623,-8.1953e-09,-2.0537e-10,1,1721,0,2,0,-4.6566e-09,67,3.3842e+05,1721,3.456e+05,1.0412e+09
6,13,1,3,0,0,0,0.00040232,-1.3529e-11,0,153,-78.344,4.9631e-09,-1.6639,-4.0531e-06,0.007562,6.9179e-06,5153.7,3.456e+05,-1.1548e-07,0.057884,-8.5682e-08,0.94021,236.78,-0.39852,-8.4029e-09,-8.9289e-11,1,1721,0,2,0,-5.1223e-09,153,3.3842e+05,1721,3.456e+05,1.0412e+09
13,13,1,2,23,59,44,0.00015544,-2.8422e-12,0,7,-11.625,4.1648e-09,-2.6893,-5.383e-07,0.0048702,8.2608e-06,5153.6,3.4558e+05,-1.8626e-08,-2.9256,1.0431e-07,0.98358,232.91,2.0682,-7.7778e-09,-3.268e-10,1,1721,0,2,0,-1.1176e-08,7,3.3845e+05,1721,3.4558e+05,1.0412e+09
14,13,1,3,0,0,0,0.0002191,4.5475e-13,0,15,-16.75,4.2848e-09,-2.528,-7.7672e-07,0.0067373,7.5363e-06,5153.7,3.456e+05,1.3039e-07,-2.9538,-3.3528e-08,0.97632,241.31,-2.0167,-7.8689e-09,-3.0287e-10,1,1721,0,2,0,-8.8476e-09,15,3.3842e+05,1721,3.456e+05,1.0412e+09
16,13,1,3,0,0,0,-0.00025145,-3.4106e-13,0,22,6.8438,4.1802e-09,-1.361,3.5204e-07,0.0067734,4.4722e-06,5153.6,3.456e+05,-1.3039e-08,-0.88096,-7.4506e-08,0.98314,306.31,0.026802,-8.0771e-09,1.6501e-10,1,1721,0,2,0,-9.7789e-09,22,3.3842e+05,1721,3.456e+05,1.0412e+09
19,13,1,3,0,0,0,-0.00033646,-3.2969e-12,0,92,-80.031,4.3877e-09,-3.0554,-4.1239e-06,0.0087835,8.0559e-06,5153.7,3.456e+05,-1.1176e-07,0.20954,-4.0978e-08,0.96201,225.59,0.27523,-7.9396e-09,-1.6394e-10,1,1721,0,2,0,-1.4435e-08,92,3.3842e+05,1721,3.456e+05,1.0412e+09
20,13,1,2,23,59,44,7.8626e-05,1.3642e-12,0,14,46.875,5.6584e-09,-0.27505,2.3656e-06,0.0054451,5.5786e-06,5153.6,3.4558e+05,-1.1176e-08,2.1636,1.0617e-07,0.92851,260.03,1.281,-8.7293e-09,2.1001e-10,1,1721,0,2,0,-7.9162e-09,14,3.3842e+05,1721,3.4558e+05,1.0412e+09
21,13,1,3,0,0,0,-0.00027221,-2.2737e-12,0,91,1.0938,5.1834e-09,0.26462,2.645e-07,0.019601,1.0272e-05,5153.8,3.456e+05,-2.2911e-07,1.1679,3.3155e-07,0.93123,170.56,-2.1911,-8.5407e-09,1.5751e-10,1,1721,0,2,0,-1.1176e-08,91,3.3842e+05,1721,3.456e+05,1.0412e+09
23,13,1,3,0,0,0,0.00012777,-3.7517e-12,0,92,-18.938,4.7245e-09,2.8122,-9.6299e-07,0.0081358,7.7374e-06,5153.8,3.456e+05,-1.5087e-07,-3.0099,-4.8429e-08,0.95786,231.25,-2.9167,-8.0403e-09,-3.3966e-10,1,1721,0,2,0,-2.0489e-08,92,3.3842e+05,1721,3.456e+05,1.0412e+09
27,13,1,3,0,0,0,-0.00019889,3.638e-12,0,67,6.8125,5.5577e-09,-1.4605,3.8743e-07,0.0056752,4.5281e-06,5153.6,3.456e+05,1.1176e-07,-0.91994,7.4506e-09,0.97609,301.38,0.85133,-8.1093e-09,1.0858e-10,1,1721,0,2,63,-1.9092e-08,67,3.3842e+05,1721,3.456e+05,1.0412e+09
30,13,1,3,0,0,0,-0.00026417,1.2392e-11,0,110,20.344,4.5202e-09,-2.4054,1.1604e-06,0.010852,4.5262e-06,5153.6,3.456e+05,1.0245e-07,-1.0288,8.9407e-08,0.96228,292.19,1.6125,-8.0975e-09,1.7322e-10,1,1721,0,16,0,-4.6566e-09,110,3.3842e+05,1721,3.456e+05,1.0412e+09
31,13,1,3,0,0,0,0.00029562,2.0464e-12,0,186,33.063,3.9523e-09,1.1175,1.5907e-06,0.0081275,8.7954e-06,5153.8,3.456e+05,1.4715e-07,-1.9536,-1.1176e-07,0.98073,217.66,-0.822,-7.8157e-09,1.0715e-12,1,1721,0,2.8,0,-1.3504e-08,186,3.3842e+05,1721,3.456e+05,1.0412e+09
32,13,1,3,0,0,0,-0.00052263,-3.5243e-12,0,25,44.719,5.0874e-09,1.7452,2.2221e-06,0.011685,5.1949e-06,5153.8,3.456e+05,1.099e-07,2.3004,1.6578e-07,0.94989,273.59,-0.42123,-8.3153e-09,-4.3216e-11,1,1721,0,2,0,-3.2596e-09,25,3.3842e+05,1721,3.456e+05,1.0412e+09
11,13,1,3,0,0,0,-0.00033962,-3.8654e-12,0,13,-27.906,6.0642e-09,1.3677,-1.5274e-06,0.013806,1.0649e-05,5153.7,3.456e+05,-2.8126e-07,0.87891,-7.4506e-08,0.88852,138.34,1.1357,-8.8668e-09,3.8216e-11,1,1721,0,2,0,-1.1642e-08,13,3.4027e+05,1721,3.456e+05,1.0412e+09
31,13,1,2,23,59,44,0.00029562,2.0464e-12,0,1,33.063,3.9523e-09,1.1152,1.5907e-06,0.0081275,8.7954e-06,5153.8,3.4558e+05,1.4715e-07,-1.9536,-1.1176e-07,0.98073,217.66,-0.822,-7.8157e-09,1.0715e-12,1,1721,0,2,0,-1.3504e-08,1,3.4123e+05,1721,3.4558e+05,1.0412e+09
1,13,1,3,0,0,0,0.00029107,2.2737e-12,0,71,12.25,4.4077e-09,1.5708,5.2527e-07,0.0015298,1.0589e-05,5153.7,3.456e+05,-3.7253e-09,1.1652,0,0.95991,173.28,0.49679,-7.9085e-09,2.0894e-10,1,1721,0,2,0,8.3819e-09,71,3.4373e+05,1721,3.456e+05,1.0412e+09
7,13,1,3,0,0,0,0.00016442,4.4338e-12,0,72,44.844,4.117e-09,1.1668,2.4699e-06,0.0060509,9.6112e-06,5153.7,3.456e+05,2.9802e-08,-1.9575,5.9605e-08,0.97571,200.88,-2.9221,-7.9332e-09,-4.4288e-11,1,1721,0,2,0,-1.1176e-08,72,3.4385e+05,1721,3.456e+05,1.0412e+09
