1,13,1,1,22,0,0,0.00029086,2.2737e-12,0,85,22.906,4.4398e-09,0.48132,1.1064e-06,0.00153,1.0809e-05,5153.7,2.52e+05,1.3039e-08,1.1659,6.333e-08,0.95989,171.88,0.5006,-7.9325e-09,4.2716e-10,1,1721,0,2,0,8.3819e-09,85,2.592e+05,1721,2.52e+05,1.0411e+09
2,13,1,2,0,0,0,0.00041339,1.3642e-12,0,39,14.75,4.7995e-09,2.5231,8.4564e-07,0.011816,1.1517e-05,5153.6,2.592e+05,-2.1793e-07,1.1474,-1.2852e-07,0.93842,141.59,-2.6985,-8.0153e-09,4.6466e-10,1,1721,0,2,0,-1.7695e-08,39,2.592e+05,1721,2.592e+05,1.0411e+09
3,13,1,2,0,0,0,0.00014961,5.1159e-12,0,52,-101.56,4.9448e-09,2.6855,-5.2452e-06,0.015927,6.6888e-06,5153.7,2.592e+05,1.3597e-07,-0.019702,-1.5646e-07,0.9335,233.25,1.2619,-8.1082e-09,-2.2537e-10,1,1721,0,2,0,-4.6566e-09,52,2.592e+05,1721,2.592e+05,1.0411e+09
4,13,1,2,0,0,0,9.2661e-05,1.1141e-11,0,70,22.969,4.9273e-09,-0.48674,1.3877e-06,0.010414,1.0746e-05,5153.7,2.592e+05,9.3132e-09,1.164,1.6205e-07,0.93745,160.59,0.94967,-8.3553e-09,4.6145e-10,1,1721,0,2,0,-6.5193e-09,70,2.592e+05,1721,2.592e+05,1.0411e+09
5,13,1,2,0,0,0,-0.00037624,-2.16e-12,0,77,20.063,5.2302e-09,-1.7222,7.8976e-07,0.003176,5.0683e-06,5153.8,2.592e+05,2.4214e-08,2.2122,-5.9605e-08,0.94925,273.22,0.31016,-8.4311e-09,1.4536e-10,1,1721,0,2,0,-1.0245e-08,77,2.592e+05,1721,2.592e+05,1.0411e+09
6,13,1,1,23,59,44,0.00040348,-1.3529e-11,0,6,-92.219,4.8366e-09,-1.7016,-4.7814e-06,0.0075604,7.9032e-06,5153.7,2.5918e+05,-1.2666e-07,0.058609,-7.2643e-08,0.94023,217.81,-0.39891,-8.3075e-09,-9.4647e-11,1,1721,0,2,0,-5.1223e-09,6,2.592e+05,1721,2.5918e+05,1.0411e+09
7,13,1,2,0,0,0,0.00016404,4.4338e-12,0,63,77.594,4.157e-09,1.1311,4.1686e-06,0.0060512,8.5887e-06,5153.7,2.592e+05,1.8626e-08,-1.9568,6.8918e-08,0.97569,220.47,-2.9218,-7.9646e-09,5.5002e-11,1,1721,0,2,0,-1.1176e-08,63,2.592e+05,1721,2.592e+05,1.0411e+09
8,13,1,2,0,0,0,3.7574e-06,2.2737e-13,0,77,81.438,3.6598e-09,0.53974,4.2766e-06,0.012713,8.2813e-06,5153.6,2.592e+05,1.1921e-07,-1.8687,1.8068e-07,0.99815,235.78,-2.8869,-7.8253e-09,1.125e-10,1,1721,0,2.8,0,-4.191e-09,77,2.592e+05,1721,2.592e+05,1.0411e+09
9,13,1,1,18,0,0,0.00021069,2.6148e-12,0,114,81.563,3.7084e-09,-2.2493,4.2897e-06,0.017047,8.3409e-06,5152.8,2.376e+05,2.5891e-07,-1.9808,1.4156e-07,0.98438,230.31,1.6355,-7.4978e-09,1.3465e-10,1,1721,0,2.8,0,-5.5879e-09,114,0,1721,2.376e+05,1.0411e+09
10,13,1,1,23,59,44,-6.4549e-05,-1.4779e-12,0,52,18.313,5.3206e-09,-1.3692,1.0375e-06,0.012216,4.5523e-06,5153.7,2.5918e+05,2.8871e-07,2.2325,-3.3528e-08,0.94411,277.34,0.78681,-8.4486e-09,1.175e-10,1,1721,0,2,0,-2.794e-09,52,2.592e+05,1721,2.5918e+05,1.0411e+09
11,13,1,1,21,59,44,-0.00033926,-3.7517e-12,0,30,-9.625,6.0767e-09,0.27946,-5.4389e-07,0.013807,1.1038e-05,5153.7,2.5198e+05,-2.1979e-07,0.87972,1.397e-07,0.8885,130.97,1.1355,-8.9036e-09,2.1822e-10,1,1721,0,2,0,-1.1642e-08,30,2.592e+05,1721,2.5198e+05,1.0411e+09
12,13,1,1,20,0,0,0.00011006,2.0464e-12,0,44,-12.844,4.1984e-09,-1.2436,-5.9418e-07,0.0041322,3.2224e-06,5153.6,2.448e+05,1.4901e-08,-0.89844,-8.3819e-08,0.98238,330.03,0.13804,-8.1282e-09,5.5717e-11,1,1721,0,2,0,-1.2107e-08,44,0,1721,2.448e+05,1.0411e+09
13,13,1,2,0,0,0,0.00015569,-2.8422e-12,0,25,1.9375,4.0512e-09,-2.7237,1.4529e-07,0.0048704,9.7025e-06,5153.6,2.592e+05,1.8626e-09,-2.9249,1.0617e-07,0.98362,205.28,2.0684,-7.6485e-09,-3.418e-10,1,1721,0,2,0,-1.1176e-08,25,2.592e+05,1721,2.592e+05,1.0411e+09
14,13,1,1,20,0,0,0.00021905,4.5475e-13,0,37,-4.4688,4.0959e-09,1.6197,-3.4459e-07,0.0067366,9.8143e-06,5153.7,2.448e+05,-1.5832e-07,-2.953,-7.6368e-08,0.97636,200.78,-2.0173,-7.8014e-09,-4.6145e-10,1,1721,0,2,0,-8.8476e-09,37,0,1721,2.448e+05,1.0411e+09
15,13,1,1,16,0,0,-0.00010388,-1.1369e-12,0,77,-8.5313,4.8466e-09,-0.92189,-5.0291e-07,0.0051769,9.181e-06,5153.7,2.304e+05,8.3819e-08,-3.0479,-6.7055e-08,0.94304,194.09,0.097738,-8.1621e-09,-5.0824e-10,1,1721,0,2,0,-1.0245e-08,77,0,1721,2.304e+05,1.0411e+09
16,13,1,2,0,0,0,-0.00025142,-3.4106e-13,0,56,-11.219,4.2112e-09,-1.398,-5.7928e-07,0.0067725,3.3155e-06,5153.6,2.592e+05,1.8626e-09,-0.88026,-7.2643e-08,0.98313,328.28,0.02717,-8.1411e-09,5.7502e-11,1,1721,0,2,0,-9.7789e-09,56,2.592e+05,1721,2.592e+05,1.0411e+09
17,13,1,1,20,0,0,6.3803e-05,-3.5243e-12,0,115,-104.91,4.2655e-09,1.8145,-5.3607e-06,0.0079528,8.6837e-06,5153.8,2.448e+05,-1.5646e-07,0.158,-8.9407e-08,0.96476,213.47,-2.2661,-8.0275e-09,-1.4108e-10,1,1721,0,2.8,0,-1.071e-08,115,0,1721,2.448e+05,1.0411e+09
18,13,1,1,18,0,0,0.00023228,1.819e-12,0,23,11.469,5.6642e-09,2.256,3.7253e-07,0.013636,4.6212e-06,5153.7,2.376e+05,-5.5879e-09,2.2181,-3.092e-07,0.92789,273.16,-2.1318,-8.5029e-09,-1.9644e-11,1,1721,0,2,0,-1.071e-08,23,0,1721,2.376e+05,1.0411e+09
19,13,1,2,0,0,0,-0.00033618,-3.2969e-12,0,86,-87.281,4.2598e-09,-3.0911,-4.502e-06,0.0087818,9.0841e-06,5153.7,2.592e+05,-1.0617e-07,0.21023,-3.3528e-08,0.96203,205.75,0.27497,-7.8489e-09,-1.2643e-10,1,1721,0,2,0,-1.4435e-08,86,2.592e+05,1721,2.592e+05,1.0411e+09
20,13,1,2,0,0,0,7.8508e-05,1.3642e-12,0,98,25.563,5.7463e-09,-0.30951,1.274e-06,0.0054401,4.8522e-06,5153.6,2.592e+05,-1.1176e-08,2.1643,7.4506e-08,0.9285,273.91,1.281,-8.7704e-09,1.1536e-10,1,1721,0,2.8,0,-7.9162e-09,98,2.592e+05,1721,2.592e+05,1.0411e+09
21,13,1,1,18,0,0,-0.00027196,-2.3874e-12,0,63,27.594,5.0249e-09,-2.9206,1.1045e-06,0.019592,1.0815e-05,5153.8,2.376e+05,1.4342e-07,1.1688,-2.5891e-07,0.9312,153.13,-2.1915,-7.9293e-09,5.0181e-10,1,1721,0,2,0,-1.1176e-08,63,0,1721,2.376e+05,1.0411e+09
22,13,1,1,19,59,44,0.00015475,9.0949e-13,0,32,15.719,5.7702e-09,2.6295,7.8417e-07,0.0061477,4.5486e-06,5153.7,2.4478e+05,5.7742e-08,2.2209,-8.7544e-08,0.92563,274.16,-2.024,-8.5825e-09,-2.5001e-12,1,1721,0,2,0,-1.7229e-08,32,0,1721,2.4478e+05,1.0411e+09
23,13,1,2,0,0,0,0.0001281,-3.7517e-12,0,79,-11.156,4.6073e-09,2.7775,-5.6438e-07,0.0081369,9.1996e-06,5153.8,2.592e+05,-1.4529e-07,-3.0092,-3.1665e-08,0.9579,203.06,-2.9171,-7.9189e-09,-3.7716e-10,1,1721,0,2,0,-2.0489e-08,79,2.592e+05,1721,2.592e+05,1.0411e+09
24,13,1,1,18,0,0,1.369e-06,-6.8212e-13,0,53,80.344,4.3352e-09,-0.81051,4.1872e-06,0.00043545,8.4434e-06,5153.7,2.376e+05,1.8626e-09,-1.9827,-6.333e-08,0.9593,219.25,-0.14302,-8.0082e-09,8.5004e-11,1,1721,0,2.8,0,4.191e-09,53,0,1721,2.376e+05,1.0411e+09
25,13,1,1,22,0,0,6.0101e-05,2.3874e-12,0,106,-4.4063,4.4741e-09,-1.168,-2.645e-07,0.0019512,3.1982e-06,5153.6,2.52e+05,5.9605e-08,-0.93511,3.7253e-09,0.9712,325.41,0.5995,-8.2703e-09,3.5716e-13,1,1721,0,2,0,5.1223e-09,106,2.592e+05,1721,2.52e+05,1.0411e+09
26,13,1,1,16,0,0,-0.00015402,1.3529e-11,0,19,8.5313,3.8905e-09,-1.5447,5.5693e-07,0.020991,9.7491e-06,5153.7,2.304e+05,4.3586e-07,-2.9315,3.5949e-07,0.98112,199.06,1.2134,-7.5653e-09,-4.8609e-10,1,1721,0,2,0,-6.0536e-09,19,0,1721,2.304e+05,1.0411e+09
28,13,1,2,0,0,0,0.00021956,3.5243e-12,0,25,-11.719,4.2745e-09,-1.6249,-3.4831e-07,0.018594,2.6133e-06,5153.6,2.592e+05,3.3714e-07,-0.87382,2.7753e-07,0.98155,338.66,-1.7985,-8.1011e-09,-4.4288e-11,1,1721,0,2,0,-1.071e-08,25,2.592e+05,1721,2.592e+05,1.0411e+09
29,13,1,1,16,0,0,0.00039349,3.979e-12,0,84,-99.906,4.3227e-09,2.5922,-5.3942e-06,0.0018175,9.574e-06,5153.7,2.304e+05,7.4506e-08,0.16681,3.539e-08,0.96536,197.31,-1.1104,-7.941e-09,-1.5429e-10,1,1721,0,2.8,0,-9.3132e-09,84,0,1721,2.304e+05,1.0411e+09
30,13,1,2,0,0,0,-0.00026526,1.1141e-11,0,95,9.625,4.582e-09,-2.4415,6.1467e-07,0.010856,2.956e-06,5153.6,2.592e+05,1.0803e-07,-1.0281,9.4995e-08,0.96226,322.34,1.6122,-8.1743e-09,9.2147e-11,1,1721,0,8,0,-4.6566e-09,95,2.592e+05,1721,2.592e+05,1.0411e+09
31,13,1,2,0,0,0,0.00029544,2.0464e-12,0,79,62.25,3.9952e-09,1.0838,3.1143e-06,0.0081292,8.2683e-06,5153.8,2.592e+05,1.397e-07,-1.9529,-1.3039e-07,0.98072,227.56,-0.8231,-7.8475e-09,9.429e-11,1,1721,0,2.8,0,-1.3504e-08,79,2.592e+05,1721,2.592e+05,1.0411e+09
32,13,1,2,0,0,0,-0.00052234,-3.5243e-12,0,52,21.438,5.1524e-09,1.7109,1.017e-06,0.011684,4.7944e-06,5153.8,2.592e+05,1.2293e-07,2.3011,1.4529e-07,0.94989,281.56,-0.42211,-8.3332e-09,-1.5251e-10,1,1721,0,2,0,-3.2596e-09,52,2.592e+05,1721,2.592e+05,1.0411e+09
13,13,1,2,2,0,0,0.00015567,-2.8422e-12,0,26,-1.1563,4.0187e-09,-1.6732,2.2352e-08,0.0048696,9.4436e-06,5153.6,2.664e+05,-1.2666e-07,-2.925,8.0094e-08,0.98362,214.41,2.0682,-7.7535e-09,-3.3537e-10,1,1721,0,2,0,-1.1176e-08,26,2.592e+05,1721,2.664e+05,1.0411e+09
3,13,1,2,2,0,0,0.00014965,5.1159e-12,0,53,-102.16,4.9691e-09,-2.5475,-5.2191e-06,0.015927,6.4727e-06,5153.7,2.664e+05,1.8626e-07,-0.019761,-5.7742e-08,0.9335,237,1.2619,-8.1218e-09,-1.5465e-10,1,1721,0,2,0,-4.6566e-09,53,2.592e+05,1721,2.664e+05,1.0411e+09
5,13,1,2,2,0,0,-0.00037626,-2.16e-12,0,79,20.906,5.162e-09,-0.67217,1.194e-06,0.0031761,4.8745e-06,5153.8,2.664e+05,5.7742e-08,2.2121,-2.0489e-08,0.94925,275.16,0.31023,-8.4632e-09,1.2e-10,1,1721,0,2,0,-1.0245e-08,79,2.592e+05,1721,2.664e+05,1.0411e+09
6,13,1,2,1,59,44,0.00040339,-1.3529e-11,0,7,-94.344,4.9188e-09,-0.65157,-4.923e-06,0.00756,7.4115e-06,5153.7,2.6638e+05,1.3039e-08,0.05855,-2.5146e-07,0.94023,228.5,-0.39872,-8.3489e-09,-2.3822e-10,1,1721,0,2,0,-5.1223e-09,7,2.592e+05,1721,2.6638e+05,1.0411e+09
7,13,1,2,2,0,0,0.00016407,4.4338e-12,0,69,71.219,4.1666e-09,2.1812,3.7421e-06,0.0060508,8.7339e-06,5153.7,2.664e+05,-1.4342e-07,-1.9568,8.9407e-08,0.97569,221.78,-2.9218,-7.8996e-09,1.6322e-10,1,1721,0,2,0,-1.1176e-08,69,2.592e+05,1721,2.664e+05,1.0411e+09
8,13,1,2,2,0,0,3.7588e-06,2.2737e-13,0,78,77.531,3.7366e-09,1.59,4.2263e-06,0.012713,8.4452e-06,5153.6,2.664e+05,-4.0978e-08,-1.8687,2.1607e-07,0.99815,238.91,-2.887,-7.77e-09,6.5717e-11,1,1721,0,2.8,0,-4.191e-09,78,2.592e+05,1721,2.664e+05,1.0411e+09
10,13,1,2,1,59,44,-6.456e-05,-1.4779e-12,0,53,18.094,5.3749e-09,-0.31908,1.1288e-06,0.012216,4.7553e-06,5153.7,2.6638e+05,6.7055e-08,2.2324,1.4529e-07,0.94411,279.97,0.78679,-8.7107e-09,7.3932e-11,1,1721,0,2,0,-2.794e-09,53,2.592e+05,1721,2.6638e+05,1.0411e+09
16,13,1,2,2,0,0,-0.00025142,-3.4106e-13,0,57,-7.6875,4.2863e-09,-0.34781,-4.6566e-07,0.0067721,3.3993e-06,5153.6,2.664e+05,1.0245e-07,-0.88031,9.3132e-09,0.98313,325.75,0.027201,-8.2275e-09,-1.9287e-11,1,1721,0,2,0,-9.7789e-09,57,2.592e+05,1721,2.664e+05,1.0411e+09
19,13,1,2,2,0,0,-0.0003362,-3.2969e-12,0,87,-92.219,4.3059e-09,-2.041,-4.7982e-06,0.0087823,8.8848e-06,5153.7,2.664e+05,-3.9116e-08,0.21018,-1.0617e-07,0.96203,209.53,0.27503,-7.911e-09,-7.6075e-11,1,1721,0,2,0,-1.4435e-08,87,2.592e+05,1721,2.664e+05,1.0411e+09
23,13,1,2,2,0,0,0.00012807,-3.7517e-12,0,82,-11.469,4.6084e-09,-2.4556,-7.1712e-07,0.0081364,9.0413e-06,5153.8,2.664e+05,-9.6858e-08,-3.0092,-1.7323e-07,0.95789,207.66,-2.917,-8.005e-09,-3.2287e-10,1,1721,0,2,0,-2.0489e-08,82,2.592e+05,1721,2.664e+05,1.0411e+09
28,13,1,2,2,0,0,0.00021958,3.5243e-12,0,26,-11.188,4.512e-09,-0.57471,-4.1537e-07,0.018594,3.2652e-06,5153.6,2.664e+05,-1.4529e-07,-0.87388,1.4715e-07,0.98155,330.22,-1.7984,-8.5821e-09,3.9287e-12,1,1721,0,2,0,-1.071e-08,26,2.592e+05,1721,2.664e+05,1.0411e+09
26,13,1,2,2,0,0,-0.00015354,1.3529e-11,0,82,-7.6875,4.0087e-09,-2.577,-6.0722e-07,0.020992,9.5479e-06,5153.7,2.664e+05,3.5949e-07,-2.9318,1.8626e-09,0.9811,200.03,1.2134,-7.4664e-09,-2.5322e-10,1,1721,0,2,0,-6.0536e-09,82,2.6067e+05,1721,2.664e+05,1.0411e+09
11,13,1,2,2,0,0,-0.00033932,-3.7517e-12,0,32,-21.563,5.8106e-09,2.3821,-1.2033e-06,0.013807,1.0414e-05,5153.7,2.664e+05,1.2107e-07,0.87959,-2.1979e-07,0.88851,137.91,1.1356,-8.4175e-09,2.3287e-10,1,1721,0,2,0,-1.1642e-08,32,2.6337e+05,1721,2.664e+05,1.0411e+09
17,13,1,2,1,59,44,6.3724e-05,-3.5243e-12,0,5,-85.094,4.3777e-09,-1.3209,-4.4666e-06,0.0079543,8.693e-06,5153.8,2.6638e+05,2.2911e-07,0.15783,6.8918e-08,0.96476,214.44,-2.2659,-7.9439e-09,-2.7001e-10,1,1721,0,2,0,-1.071e-08,5,2.6517e+05,1721,2.6638e+05,1.0411e+09
15,13,1,2,1,59,44,-0.00010392,-1.1369e-12,0,5,-18.938,5.0163e-09,-1.9565,-1.2312e-06,0.0051791,9.0264e-06,5153.7,2.6638e+05,3.3528e-08,-3.0482,-1.0058e-07,0.94302,197.13,0.097722,-8.2653e-09,-3.7144e-10,1,1721,0,2,0,-1.0245e-08,5,2.658e+05,1721,2.6638e+05,1.0411e+09
8,13,1,2,4,0,0,3.7602e-06,2.2737e-13,0,79,67.313,3.6127e-09,2.6401,3.4794e-06,0.012712,8.5011e-06,5153.6,2.736e+05,-2.4028e-07,-1.8688,-8.3819e-08,0.99815,238.47,-2.8869,-7.5175e-09,2.5608e-10,1,1721,0,2.8,0,-4.191e-09,79,2.664e+05,1721,2.736e+05,1.0411e+09
3,13,1,2,4,0,0,0.00014968,5.1159e-12,0,54,-90.875,5.1763e-09,-1.4974,-4.5728e-06,0.015928,6.4559e-06,5153.7,2.736e+05,3.2783e-07,-0.019819,3.2037e-07,0.9335,237.28,1.262,-8.4193e-09,-3.343e-10,1,1721,0,2,0,-4.6566e-09,54,2.664e+05,1721,2.736e+05,1.0411e+09
5,13,1,2,4,0,0,-0.00037628,-2.16e-12,0,85,23.219,5.0784e-09,0.37795,1.2983e-06,0.0031768,4.8e-06,5153.8,2.736e+05,7.4506e-08,2.2121,5.0291e-08,0.94925,279.5,0.31021,-8.4171e-09,1.0072e-10,1,1721,0,2,0,-1.0245e-08,85,2.664e+05,1721,2.736e+05,1.0411e+09
7,13,1,2,4,0,0,0.0001641,4.4338e-12,0,70,65.469,4.0945e-09,-3.0519,3.4347e-06,0.0060509,8.8867e-06,5153.7,2.736e+05,-7.4506e-08,-1.9569,-4.8429e-08,0.9757,219.16,-2.9217,-7.7753e-09,2.0251e-10,1,1721,0,2,0,-1.1176e-08,70,2.664e+05,1721,2.736e+05,1.0411e+09
10,13,1,2,4,0,0,-6.457e-05,-1.4779e-12,0,54,28.938,5.2402e-09,0.73336,1.5702e-06,0.012218,5.1074e-06,5153.7,2.736e+05,-1.1921e-07,2.2324,1.3039e-07,0.94411,272.84,0.78683,-8.6218e-09,-5.5002e-11,1,1721,0,2,0,-2.794e-09,54,2.664e+05,1721,2.736e+05,1.0411e+09
11,13,1,2,4,0,0,-0.00033934,-3.7517e-12,0,33,-26.125,5.8081e-09,-2.8509,-1.3299e-06,0.013808,1.058e-05,5153.7,2.736e+05,1.3039e-07,0.87953,-9.127e-08,0.88851,133.97,1.1356,-8.3557e-09,2.1715e-10,1,1721,0,2,0,-1.1642e-08,33,2.664e+05,1721,2.736e+05,1.0411e+09
13,13,1,2,4,0,0,0.00015565,-2.8422e-12,0,43,-8.7188,4.0116e-09,-0.6232,-6.7987e-07,0.0048691,9.1754e-06,5153.6,2.736e+05,-7.4506e-08,-2.9251,-3.1665e-08,0.98361,217.59,2.0684,-7.8278e-09,-2.8608e-10,1,1721,0,2,0,-1.1176e-08,43,2.664e+05,1721,2.736e+05,1.0411e+09
15,13,1,2,4,0,0,-0.00010392,-1.1369e-12,0,6,-15.438,4.9874e-09,-0.90427,-9.2201e-07,0.005179,8.3223e-06,5153.7,2.736e+05,6.333e-08,-3.0483,-4.4703e-08,0.94302,205.72,0.097972,-8.275e-09,-3.4573e-10,1,1721,0,2,0,-1.0245e-08,6,2.664e+05,1721,2.736e+05,1.0411e+09
17,13,1,2,4,0,0,6.3699e-05,-3.5243e-12,0,6,-82.688,4.4577e-09,-0.26834,-4.3251e-06,0.0079555,8.1398e-06,5153.8,2.736e+05,-2.0489e-08,0.15777,9.872e-08,0.96475,226.03,-2.266,-8.1868e-09,-2.7394e-10,1,1721,0,2,0,-1.071e-08,6,2.664e+05,1721,2.736e+05,1.0411e+09
19,13,1,2,4,0,0,-0.00033623,-3.2969e-12,0,88,-92.625,4.3923e-09,-0.99086,-4.8485e-06,0.0087825,8.6371e-06,5153.7,2.736e+05,2.3469e-07,0.21012,-1.6019e-07,0.96203,214.5,0.2751,-8.0239e-09,-2.668e-10,1,1721,0,2,0,-1.4435e-08,88,2.664e+05,1721,2.736e+05,1.0411e+09
26,13,1,2,4,0,0,-0.00015344,1.3529e-11,0,83,-1.1875,4.0362e-09,-1.5268,1.7695e-07,0.020993,9.0674e-06,5153.7,2.736e+05,4.0606e-07,-2.9319,3.4273e-07,0.9811,210.47,1.2134,-7.6478e-09,-3.3001e-10,1,1721,0,2,0,-6.0536e-09,83,2.664e+05,1721,2.736e+05,1.0411e+09
28,13,1,2,4,0,0,0.00021961,3.5243e-12,0,29,-4.5,4.4698e-09,0.4755,-1.2107e-07,0.018595,3.8687e-06,5153.6,2.736e+05,-2.0675e-07,-0.87394,3.7253e-08,0.98155,320.75,-1.7984,-8.5639e-09,-8.2861e-11,1,1721,0,2,0,-1.071e-08,29,2.664e+05,1721,2.736e+05,1.0411e+09
1,13,1,2,4,0,0,0.00029091,2.2737e-12,0,104,4.9375,4.3609e-09,-2.6511,3.4273e-07,0.0015305,1.0498e-05,5153.7,2.736e+05,3.7253e-09,1.1658,4.0978e-08,0.9599,177.72,0.50034,-7.8485e-09,3.3966e-10,1,1721,0,2,0,8.3819e-09,104,2.6703e+05,1721,2.736e+05,1.0411e+09
9,13,1,2,3,59,44,0.00021079,2.6148e-12,0,8,76.094,3.8723e-09,3.0018,3.8818e-06,0.017048,9.058e-06,5152.8,2.7358e+05,2.7567e-07,-1.9811,-1.6764e-08,0.98438,213.5,1.6355,-7.5096e-09,1.6501e-10,1,1721,0,2,0,-5.5879e-09,8,2.6838e+05,1721,2.7358e+05,1.0411e+09
24,13,1,2,4,0,0,1.3481e-06,-6.8212e-13,0,13,75.031,4.453e-09,-1.8467,3.7849e-06,0.00043791,9.4119e-06,5153.7,2.736e+05,-1.8626e-08,-1.983,-5.5879e-09,0.95931,198.13,-0.13929,-8.0464e-09,1.9572e-10,1,1721,0,2,0,4.191e-09,13,2.7186e+05,1721,2.736e+05,1.0411e+09
4,13,1,2,4,0,0,9.2821e-05,1.1141e-11,0,84,12.219,4.9345e-09,1.6135,5.6252e-07,0.010413,1.0559e-05,5153.7,2.736e+05,-1.8999e-07,1.1639,-9.3132e-08,0.93746,169.16,0.94971,-8.2307e-09,2.2894e-10,1,1721,0,2,0,-6.5193e-09,84,2.733e+05,1721,2.736e+05,1.0411e+09
9,13,1,2,5,59,44,0.0002108,2.6148e-12,0,9,69.281,3.8627e-09,-2.2307,3.6806e-06,0.017048,8.7563e-06,5152.8,2.8078e+05,2.3842e-07,-1.9811,1.6764e-07,0.98438,221.06,1.6354,-7.5221e-09,2.3358e-10,1,1721,0,2,0,-5.5879e-09,9,2.736e+05,1721,2.8078e+05,1.0411e+09
1,13,1,2,6,0,0,0.00029093,2.2737e-12,0,105,4,4.298e-09,-1.5996,2.9616e-07,0.0015294,1.1384e-05,5153.7,2.808e+05,3.7253e-09,1.1657,-6.333e-08,0.9599,160.84,0.49899,-7.8475e-09,2.518e-10,1,1721,0,2,0,8.3819e-09,105,2.736e+05,1721,2.808e+05,1.0411e+09
4,13,1,2,6,0,0,9.2901e-05,1.1141e-11,0,98,6.8125,4.8763e-09,2.6637,2.5705e-07,0.010413,1.0327e-05,5153.7,2.808e+05,5.7742e-08,1.1638,-1.397e-07,0.93746,167.56,0.94971,-7.9932e-09,2.418e-10,1,1721,0,2,0,-6.5193e-09,98,2.736e+05,1721,2.808e+05,1.0411e+09
8,13,1,2,6,0,0,3.7616e-06,2.2737e-13,0,89,60.188,3.6359e-09,-2.5929,3.0268e-06,0.012713,9.0096e-06,5153.6,2.808e+05,-1.3225e-07,-1.8688,-2.1048e-07,0.99815,229.69,-2.8869,-7.5221e-09,2.9644e-10,1,1721,0,2.8,0,-4.191e-09,89,2.736e+05,1721,2.808e+05,1.0411e+09
11,13,1,2,6,0,0,-0.00033937,-3.7517e-12,0,44,-25.125,5.8399e-09,-1.8007,-1.2666e-06,0.013807,1.09e-05,5153.7,2.808e+05,3.1851e-07,0.87948,-2.9802e-08,0.88851,127.03,1.1355,-8.4461e-09,1.2536e-10,1,1721,0,2,0,-1.1642e-08,44,2.736e+05,1721,2.808e+05,1.0411e+09
15,13,1,2,6,0,0,-0.00010393,-1.1369e-12,0,32,-19.688,4.9223e-09,0.146,-1.0077e-06,0.0051806,7.8585e-06,5153.7,2.808e+05,5.0291e-08,-3.0483,1.4901e-08,0.94302,217.22,0.097881,-8.3239e-09,-3.643e-10,1,1721,0,2,0,-1.0245e-08,32,2.736e+05,1721,2.808e+05,1.0411e+09
17,13,1,2,6,0,0,6.3673e-05,-3.5243e-12,0,7,-85.875,4.498e-09,0.7818,-4.3847e-06,0.0079549,8.0615e-06,5153.8,2.808e+05,-9.127e-08,0.15771,4.0978e-08,0.96475,229.5,-2.2661,-8.1628e-09,-3.368e-10,1,1721,0,2,0,-1.071e-08,7,2.736e+05,1721,2.808e+05,1.0411e+09
24,13,1,2,6,0,0,1.3434e-06,-6.8212e-13,0,62,68.469,4.5055e-09,-0.79988,3.4701e-06,0.00043815,8.855e-06,5153.7,2.808e+05,1.1176e-08,-1.9831,-1.8626e-08,0.95931,209.63,-0.13592,-8.0561e-09,1.7608e-10,1,1721,0,2,0,4.191e-09,62,2.736e+05,1721,2.808e+05,1.0411e+09
26,13,1,2,6,0,0,-0.00015334,1.3529e-11,0,89,-2.7813,4.1366e-09,-0.47657,-2.4214e-08,0.020993,9.0469e-06,5153.7,2.808e+05,-1.7881e-07,-2.9319,2.2911e-07,0.9811,222.81,1.2133,-8.1932e-09,-2.9037e-10,1,1721,0,2,0,-6.0536e-09,89,2.736e+05,1721,2.808e+05,1.0411e+09
28,13,1,2,6,0,0,0.00021963,3.5243e-12,0,38,-5.375,4.4105e-09,1.5257,-6.5379e-07,0.018595,3.8575e-06,5153.6,2.808e+05,-2.7753e-07,-0.874,-3.9488e-07,0.98155,320.34,-1.7984,-8.2439e-09,1.0179e-10,1,1721,0,2,0,-1.071e-08,38,2.736e+05,1721,2.808e+05,1.0411e+09
12,13,1,2,6,0,0,0.00011013,2.0464e-12,0,89,-2.9375,4.3891e-09,-2.2759,-1.3784e-07,0.0041326,3.1721e-06,5153.6,2.808e+05,-1.1176e-08,-0.89874,-1.2293e-07,0.98238,328.13,0.13811,-8.1796e-09,9.8218e-11,1,1721,0,2,0,-1.2107e-08,89,2.7702e+05,1721,2.808e+05,1.0411e+09
2,13,1,2,6,0,0,0.00041342,1.3642e-12,0,61,10.781,4.9938e-09,-0.60957,5.5321e-07,0.011818,9.8199e-06,5153.6,2.808e+05,2.5332e-07,1.1472,1.3597e-07,0.93843,181.13,-2.6983,-8.3196e-09,1.7144e-10,1,1721,0,2,0,-1.7695e-08,61,2.7741e+05,1721,2.808e+05,1.0411e+09
12,13,1,2,5,59,44,0.00011013,2.0464e-12,0,0,-2.9375,4.3888e-09,-2.2782,-1.3784e-07,0.0041326,3.1721e-06,5153.6,2.8078e+05,-1.1176e-08,-0.89874,-1.2293e-07,0.98238,328.13,0.13811,-8.1796e-09,9.8218e-11,1,1721,0,2,0,-1.2107e-08,0,2.7894e+05,1721,2.8078e+05,1.0411e+09
20,13,1,2,6,0,0,7.8538e-05,1.3642e-12,0,44,32.094,5.4684e-09,2.8413,1.6857e-06,0.0054415,5.2731e-06,5153.6,2.808e+05,2.6077e-08,2.1641,-4.6566e-08,0.9285,258.84,1.281,-8.5111e-09,1.3608e-10,1,1721,0,2,0,-7.9162e-09,44,2.7933e+05,1721,2.808e+05,1.0411e+09
14,13,1,2,6,0,0,0.00021907,4.5475e-13,0,49,-11.063,4.1787e-09,0.58727,-7.3574e-07,0.0067368,9.2201e-06,5153.7,2.808e+05,-5.9605e-08,-2.9533,5.2154e-08,0.97634,209.22,-2.0172,-7.9718e-09,-4.1752e-10,1,1721,0,2,0,-8.8476e-09,49,2.8023e+05,1721,2.808e+05,1.0411e+09
9,13,1,2,8,0,0,0.00021082,2.6148e-12,0,10,58.969,3.9545e-09,-1.1776,3.3118e-06,0.017048,9.194e-06,5152.8,2.88e+05,-2.3842e-07,-1.9812,2.7753e-07,0.98438,223.22,1.6354,-7.9725e-09,2.0929e-10,1,1721,0,2,0,-5.5879e-09,10,2.808e+05,1721,2.88e+05,1.0411e+09
2,13,1,2,8,0,0,0.00041343,1.3642e-12,0,62,2.5,5.0734e-09,0.44068,2.5891e-07,0.011817,9.9745e-06,5153.6,2.88e+05,9.127e-08,1.1472,2.2165e-07,0.93843,176.97,-2.6983,-8.3421e-09,1.3179e-10,1,1721,0,2,0,-1.7695e-08,62,2.808e+05,1721,2.88e+05,1.0411e+09
4,13,1,2,8,0,0,9.2981e-05,1.1141e-11,0,103,7.4688,4.8806e-09,-2.5693,3.4459e-07,0.010413,1.0647e-05,5153.7,2.88e+05,1.397e-07,1.1638,-8.0094e-08,0.93746,160.44,0.94967,-8.011e-09,2.943e-10,1,1721,0,2.8,0,-6.5193e-09,103,2.808e+05,1721,2.88e+05,1.0411e+09
12,13,1,2,7,59,44,0.00011015,2.0464e-12,0,1,-2.0313,4.418e-09,-1.2278,-6.1467e-08,0.0041325,3.6657e-06,5153.6,2.8798e+05,5.0291e-08,-0.8988,-1.4901e-08,0.98238,321.97,0.13791,-8.1971e-09,1.9108e-10,1,1721,0,2,0,-1.2107e-08,1,2.808e+05,1721,2.8798e+05,1.0411e+09
14,13,1,2,8,0,0,0.00021907,4.5475e-13,0,70,-11.406,4.0659e-09,1.6374,-5.7556e-07,0.0067366,9.0189e-06,5153.7,2.88e+05,-1.6764e-07,-2.9534,-8.7544e-08,0.97634,211.41,-2.0171,-7.8543e-09,-3.243e-10,1,1721,0,2,0,-8.8476e-09,70,2.808e+05,1721,2.88e+05,1.0411e+09
15,13,1,2,8,0,0,-0.00010394,-1.1369e-12,0,33,-16.625,4.8952e-09,1.1961,-7.8976e-07,0.0051811,7.7151e-06,5153.7,2.88e+05,-1.3039e-08,-3.0484,5.4017e-08,0.94301,220.38,0.097905,-8.2768e-09,-4.0752e-10,1,1721,0,2,0,-1.0245e-08,33,2.808e+05,1721,2.88e+05,1.0411e+09
17,13,1,2,8,0,0,6.3648e-05,-3.5243e-12,0,8,-98.563,4.4302e-09,1.8317,-5.1633e-06,0.0079553,8.2571e-06,5153.8,2.88e+05,-1.5087e-07,0.15766,-8.7544e-08,0.96475,226.31,-2.2658,-8.0803e-09,-2.8358e-10,1,1721,0,2,0,-1.071e-08,8,2.808e+05,1721,2.88e+05,1.0411e+09
24,13,1,2,8,0,0,1.3388e-06,-6.8212e-13,0,92,53.938,4.4277e-09,0.25234,2.7958e-06,0.00044008,8.5477e-06,5153.7,2.88e+05,2.0489e-08,-1.9831,-1.8626e-08,0.95931,216.03,-0.13798,-8.0561e-09,1.7429e-10,1,1721,0,2,0,4.191e-09,92,2.808e+05,1721,2.88e+05,1.0411e+09
28,13,1,2,8,0,0,0.00021966,3.5243e-12,0,46,-2.7813,4.298e-09,2.5759,-2.9989e-07,0.018595,3.2801e-06,5153.6,2.88e+05,1.1362e-07,-0.87406,-2.2352e-07,0.98155,323.91,-1.7984,-7.876e-09,6.0717e-11,1,1721,0,2,0,-1.071e-08,46,2.808e+05,1721,2.88e+05,1.0411e+09
20,13,1,2,8,0,0,7.8548e-05,1.3642e-12,0,59,33.281,5.5167e-09,-2.3916,1.7695e-06,0.0054421,5.1092e-06,5153.6,2.88e+05,5.9605e-08,2.1641,-6.8918e-08,0.9285,263.81,1.281,-8.5207e-09,1.2e-10,1,1721,0,2,0,-7.9162e-09,59,2.8176e+05,1721,2.88e+05,1.0411e+09
25,13,1,2,8,0,0,6.0188e-05,2.3874e-12,0,26,6.5625,4.6352e-09,-2.1995,3.688e-07,0.0019517,3.4086e-06,5153.6,2.88e+05,5.5879e-08,-0.93541,-2.4214e-08,0.9712,319.91,0.59891,-8.3011e-09,1.6394e-10,1,1721,0,2,0,5.1223e-09,26,2.8272e+05,1721,2.88e+05,1.0411e+09
10,13,1,2,7,59,44,-6.4589e-05,-1.4779e-12,0,96,30.031,5.0859e-09,2.8313,1.4454e-06,0.012218,5.4985e-06,5153.7,2.8798e+05,-2.6077e-08,2.2322,-1.4715e-07,0.94411,264.5,0.78682,-8.2332e-09,7.6789e-11,1,1721,0,2,0,-2.794e-09,96,2.8305e+05,1721,2.8798e+05,1.0411e+09
4,13,1,2,7,59,44,9.2975e-05,1.1141e-11,0,4,7.4688,4.8806e-09,-2.5717,3.4459e-07,0.010413,1.0647e-05,5153.7,2.8798e+05,1.397e-07,1.1638,-8.0094e-08,0.93746,160.44,0.94967,-8.011e-09,2.9466e-10,1,1721,0,2,0,-6.5193e-09,4,2.8506e+05,1721,2.8798e+05,1.0411e+09
29,13,1,2,8,0,0,0.00039372,3.979e-12,0,63,-84.313,4.392e-09,-1.5724,-4.4759e-06,0.0018198,8.1453e-06,5153.7,2.88e+05,-1.3039e-07,0.16635,7.4506e-09,0.96534,221.94,-1.111,-8.0285e-09,-2.7394e-10,1,1721,0,2,0,-9.3132e-09,63,2.853e+05,1721,2.88e+05,1.0411e+09
5,13,1,2,7,59,44,-0.00037631,-2.16e-12,0,9,32.156,5.0706e-09,2.4755,1.6484e-06,0.0031779,5.4557e-06,5153.8,2.8798e+05,-4.2841e-08,2.212,1.8626e-09,0.94925,269.97,0.3105,-8.3518e-09,4.7145e-11,1,1721,0,2,0,-1.0245e-08,9,2.8659e+05,1721,2.8798e+05,1.0411e+09
9,13,1,2,10,0,0,0.00021084,2.6148e-12,0,11,52.188,3.9202e-09,-0.127,2.5686e-06,0.017048,9.4362e-06,5152.8,2.952e+05,-2.5332e-07,-1.9813,7.4506e-09,0.98438,215.19,1.6354,-8.0789e-09,2.268e-10,1,1721,0,2,0,-5.5879e-09,11,2.88e+05,1721,2.952e+05,1.0412e+09
2,13,1,2,10,0,0,0.00041344,1.3642e-12,0,63,3.0625,4.9359e-09,1.4906,3.539e-07,0.011819,1.1524e-05,5153.6,2.952e+05,-9.127e-08,1.1471,2.0117e-07,0.93843,147.69,-2.698,-8.2832e-09,6.8574e-11,1,1721,0,2,0,-1.7695e-08,63,2.88e+05,1721,2.952e+05,1.0412e+09
4,13,1,2,9,59,44,9.3055e-05,1.1141e-11,0,5,11.156,4.8895e-09,-1.5215,6.2399e-07,0.010412,1.0885e-05,5153.7,2.9518e+05,2.4959e-07,1.1637,1.8626e-08,0.93747,154.38,0.94968,-8.0793e-09,2.4537e-10,1,1721,0,2,0,-6.5193e-09,5,2.88e+05,1721,2.9518e+05,1.0412e+09
5,13,1,2,10,0,0,-0.00037632,-2.16e-12,0,10,31.844,5.0995e-09,-2.7552,1.6373e-06,0.0031785,5.6773e-06,5153.8,2.952e+05,-3.9116e-08,2.2119,-3.9116e-08,0.94925,265.47,0.31045,-8.3661e-09,5.786e-11,1,1721,0,2,0,-1.0245e-08,10,2.88e+05,1721,2.952e+05,1.0412e+09
10,13,1,2,10,0,0,-6.46e-05,-1.4779e-12,0,97,27.094,5.1438e-09,-2.3994,1.343e-06,0.012219,5.3104e-06,5153.7,2.952e+05,9.3132e-08,2.2322,-1.3411e-07,0.94411,268.06,0.78684,-8.2839e-09,1.5393e-10,1,1721,0,2,0,-2.794e-09,97,2.88e+05,1721,2.952e+05,1.0412e+09
12,13,1,2,10,0,0,0.00011016,2.0464e-12,0,26,1.5625,4.4448e-09,-0.17539,1.3411e-07,0.0041319,3.8669e-06,5153.6,2.952e+05,4.0978e-08,-0.89886,1.4901e-08,0.98238,318.59,0.13799,-8.2211e-09,1.8215e-10,1,1721,0,2,0,-1.2107e-08,26,2.88e+05,1721,2.952e+05,1.0412e+09
24,13,1,2,10,0,0,1.3346e-06,-6.8212e-13,0,93,51.625,4.4277e-09,1.3028,2.6189e-06,0.00043949,8.801e-06,5153.7,2.952e+05,3.3528e-08,-1.9832,-9.3132e-09,0.95931,210.34,-0.13829,-8.0514e-09,1.7572e-10,1,1721,0,2.8,0,4.191e-09,93,2.88e+05,1721,2.952e+05,1.0412e+09
25,13,1,2,10,0,0,6.0205e-05,2.3874e-12,0,27,3.6563,4.6145e-09,-1.1489,2.1048e-07,0.0019515,3.6955e-06,5153.6,2.952e+05,1.6764e-08,-0.93547,1.3039e-08,0.9712,315.16,0.59856,-8.2878e-09,2.0072e-10,1,1721,0,2,0,5.1223e-09,27,2.88e+05,1721,2.952e+05,1.0412e+09
29,13,1,2,10,0,0,0.00039375,3.979e-12,0,87,-87.844,4.5366e-09,-0.52254,-4.4238e-06,0.0018192,7.987e-06,5153.7,2.952e+05,1.4901e-08,0.16629,-5.7742e-08,0.96534,228.03,-1.1107,-8.1228e-09,-1.7251e-10,1,1721,0,2,0,-9.3132e-09,87,2.88e+05,1721,2.952e+05,1.0412e+09
17,13,1,2,10,0,0,6.3621e-05,-3.5243e-12,0,65,-101.94,4.462e-09,2.8819,-5.2657e-06,0.0079562,8.3447e-06,5153.8,2.952e+05,2.0489e-08,0.1576,-1.0803e-07,0.96475,218.06,-2.2659,-7.9285e-09,-2.793e-10,1,1721,0,2,0,-1.071e-08,65,2.8806e+05,1721,2.952e+05,1.0412e+09
31,13,1,2,10,0,0,0.00029552,2.0464e-12,0,132,57,3.953e-09,0.050533,2.9095e-06,0.0081274,8.7656e-06,5153.8,2.952e+05,-1.1176e-08,-1.9532,-1.2852e-07,0.98072,218.31,-0.82254,-7.9478e-09,2.1072e-10,1,1721,0,2,0,-1.3504e-08,132,2.8881e+05,1721,2.952e+05,1.0412e+09
21,13,1,2,10,0,0,-0.00027209,-2.3874e-12,0,85,16.969,5.1845e-09,-0.80291,1.0021e-06,0.019599,9.656e-06,5153.8,2.952e+05,6.333e-08,1.1683,4.2282e-07,0.93122,178.59,-2.1913,-8.5264e-09,1.1393e-10,1,1721,0,2,0,-1.1176e-08,85,2.9271e+05,1721,2.952e+05,1.0412e+09
30,13,1,2,9,59,44,-0.0002648,1.2392e-11,0,36,21.5,4.7691e-09,2.8071,9.6112e-07,0.010855,3.1944e-06,5153.6,2.9518e+05,1.6764e-07,-1.0284,-5.0291e-08,0.96227,318.09,1.6124,-8.2043e-09,1.6429e-10,1,1721,0,2.8,0,-4.6566e-09,36,2.9481e+05,1721,2.9518e+05,1.0412e+09
31,13,1,2,12,0,0,0.00029553,2.0464e-12,0,133,48.563,3.8448e-09,1.1006,2.5611e-06,0.0081283,8.7041e-06,5153.8,3.024e+05,1.6578e-07,-1.9532,-1.3597e-07,0.98072,219.5,-0.82254,-7.8075e-09,2.1322e-10,1,1721,0,2,0,-1.3504e-08,133,2.952e+05,1721,3.024e+05,1.0412e+09
2,13,1,2,12,0,0,0.00041345,1.3642e-12,0,64,7.2813,4.8773e-09,2.5409,2.8871e-07,0.01182,1.196e-05,5153.6,3.024e+05,-2.0862e-07,1.147,-1.2852e-07,0.93844,136.19,-2.698,-8.0125e-09,2.343e-10,1,1721,0,2,0,-1.7695e-08,64,2.952e+05,1721,3.024e+05,1.0412e+09
5,13,1,2,12,0,0,-0.00037634,-2.16e-12,0,11,30.969,5.1109e-09,-1.7052,1.5739e-06,0.0031787,5.4706e-06,5153.8,3.024e+05,1.8626e-09,2.2118,-5.9605e-08,0.94925,268.56,0.31057,-8.3857e-09,7.4289e-11,1,1721,0,2,0,-1.0245e-08,11,2.952e+05,1721,3.024e+05,1.0412e+09
10,13,1,2,12,0,0,-6.4611e-05,-1.4779e-12,0,98,30.75,5.2102e-09,-1.3493,1.6671e-06,0.012219,4.9397e-06,5153.7,3.024e+05,3.2596e-07,2.2321,-2.2352e-08,0.94411,273.69,0.78691,-8.4193e-09,1.7501e-11,1,1721,0,2,0,-2.794e-09,98,2.952e+05,1721,3.024e+05,1.0412e+09
12,13,1,2,12,0,0,0.00011018,2.0464e-12,0,27,4.5625,4.3945e-09,0.87475,1.3784e-07,0.0041321,3.9581e-06,5153.6,3.024e+05,2.794e-08,-0.89892,2.9802e-08,0.98238,317.69,0.13805,-8.2125e-09,1.7465e-10,1,1721,0,2,0,-1.2107e-08,27,2.952e+05,1721,3.024e+05,1.0412e+09
21,13,1,2,11,59,44,-0.0002721,-2.2737e-12,0,8,7,5.3388e-09,0.24486,6.4261e-07,0.019597,9.9912e-06,5153.8,3.0238e+05,-1.5646e-07,1.1682,2.3842e-07,0.93122,173.44,-2.1913,-8.6568e-09,1.125e-10,1,1721,0,2,0,-1.1176e-08,8,2.952e+05,1721,3.0238e+05,1.0412e+09
25,13,1,2,12,0,0,6.0223e-05,2.3874e-12,0,60,5.1563,4.6338e-09,-0.09887,2.8685e-07,0.0019512,3.8836e-06,5153.6,3.024e+05,-2.0489e-08,-0.93553,1.1176e-08,0.97121,312.38,0.59872,-8.3225e-09,2.0072e-10,1,1721,0,2,0,5.1223e-09,60,2.952e+05,1721,3.024e+05,1.0412e+09
29,13,1,2,12,0,0,0.00039378,3.979e-12,0,89,-90.75,4.5855e-09,0.52747,-4.679e-06,0.0018193,8.0187e-06,5153.7,3.024e+05,2.9802e-08,0.16623,-3.7253e-08,0.96534,230.69,-1.1106,-8.1318e-09,-1.7501e-10,1,1721,0,2,0,-9.3132e-09,89,2.952e+05,1721,3.024e+05,1.0412e+09
30,13,1,2,12,0,0,-0.00026471,1.2392e-11,0,37,16.625,4.6188e-09,-2.4235,9.127e-07,0.010854,3.5036e-06,5153.6,3.024e+05,8.7544e-08,-1.0285,1.0617e-07,0.96227,306.53,1.6124,-8.1768e-09,2.968e-10,1,1721,0,5.7,0,-4.6566e-09,37,2.952e+05,1721,3.024e+05,1.0412e+09
26,13,1,2,12,0,0,-0.00015305,1.3529e-11,0,100,-20.688,3.8566e-09,2.674,-1.125e-06,0.020994,9.0469e-06,5153.7,3.024e+05,2.1048e-07,-2.9321,-1.6019e-07,0.98109,211.19,1.2134,-7.435e-09,-4.5716e-10,1,1721,0,2.8,0,-6.0536e-09,100,2.9706e+05,1721,3.024e+05,1.0412e+09
18,13,1,2,12,0,0,0.0002324,1.819e-12,0,111,34.031,5.6849e-09,-0.85934,1.8664e-06,0.013632,5.275e-06,5153.7,3.024e+05,1.6764e-08,2.2175,3.1851e-07,0.92789,261.28,-2.1316,-8.8304e-09,-6.3931e-11,1,1721,0,2,0,-1.071e-08,111,2.9739e+05,1721,3.024e+05,1.0412e+09
15,13,1,2,12,0,0,-0.00010396,-1.1369e-12,0,50,-18.938,4.9206e-09,-2.9867,-9.3691e-07,0.0051815,8.0466e-06,5153.7,3.024e+05,-1.3039e-08,-3.0485,0,0.94301,216.66,0.0979,-8.2611e-09,-4.2109e-10,1,1721,0,2,0,-1.0245e-08,50,2.9829e+05,1721,3.024e+05,1.0412e+09
18,13,1,2,11,59,44,0.0002324,1.819e-12,0,2,34.031,5.6849e-09,-0.86167,1.8664e-06,0.013632,5.275e-06,5153.7,3.0238e+05,1.6764e-08,2.2175,3.1851e-07,0.92789,261.28,-2.1316,-8.8304e-09,-6.3574e-11,1,1721,0,2,0,-1.071e-08,2,2.9895e+05,1721,3.0238e+05,1.0412e+09
16,13,1,2,12,0,0,-0.00025144,-3.4106e-13,0,85,-0.5625,4.2938e-09,-1.3795,-2.4959e-07,0.0067726,3.7309e-06,5153.6,3.024e+05,2.6077e-08,-0.88061,-7.2643e-08,0.98314,316.97,0.027015,-8.1607e-09,2.4965e-10,1,1721,0,2,0,-9.7789e-09,85,2.9916e+05,1721,3.024e+05,1.0412e+09
26,13,1,2,11,59,44,-0.00015304,1.3642e-11,0,4,-20.719,3.8569e-09,2.6716,-1.125e-06,0.020994,9.0469e-06,5153.7,3.0238e+05,2.1048e-07,-2.9321,-1.6205e-07,0.98109,211.19,1.2134,-7.435e-09,-4.5716e-10,1,1721,0,2,0,-6.0536e-09,4,2.9928e+05,1721,3.0238e+05,1.0412e+09
16,13,1,2,11,59,44,-0.00025144,-3.4106e-13,0,1,-0.5625,4.2938e-09,-1.3819,-2.4959e-07,0.0067726,3.7309e-06,5153.6,3.0238e+05,2.6077e-08,-0.88061,-7.2643e-08,0.98314,316.97,0.027015,-8.1607e-09,2.493e-10,1,1721,0,2,0,-9.7789e-09,1,3.0162e+05,1721,3.0238e+05,1.0412e+09
6,13,1,2,12,0,0,0.0004029,-1.3529e-11,0,147,-85.188,5.0963e-09,-1.6815,-4.5486e-06,0.0075613,7.4729e-06,5153.7,3.024e+05,-1.1921e-07,0.058248,-1.844e-07,0.94022,226.09,-0.39876,-8.4314e-09,-9.4647e-11,1,1721,0,2,0,-5.1223e-09,147,3.0192e+05,1721,3.024e+05,1.0412e+09
22,13,1,2,12,0,0,0.0001548,9.0949e-13,0,78,32,5.5677e-09,-1.533,1.6037e-06,0.0061443,5.1837e-06,5153.7,3.024e+05,1.4901e-07,2.2204,7.6368e-08,0.92563,261.28,-2.024,-8.5821e-09,-5.0359e-11,1,1721,0,2.8,0,-1.7229e-08,78,3.0219e+05,1721,3.024e+05,1.0412e+09
25,13,1,2,14,0,0,6.024e-05,2.3874e-12,0,86,10.469,4.5655e-09,0.95125,3.4645e-07,0.0019519,3.8035e-06,5153.6,3.096e+05,3.1665e-08,-0.93559,0,0.97121,311.28,0.59882,-8.3489e-09,2.3322e-10,1,1721,0,2,0,5.1223e-09,86,3.024e+05,1721,3.096e+05,1.0412e+09
5,13,1,2,14,0,0,-0.00037635,-2.16e-12,0,24,33.281,5.157e-09,-0.65521,1.7025e-06,0.0031787,5.3104e-06,5153.8,3.096e+05,8.1956e-08,2.2118,-1.8626e-09,0.94925,271.19,0.3107,-8.4518e-09,1.3929e-11,1,1721,0,2,0,-1.0245e-08,24,3.024e+05,1721,3.096e+05,1.0412e+09
6,13,1,2,14,0,0,0.0004028,-1.3529e-11,0,148,-85.969,5.1613e-09,-0.63155,-4.6138e-06,0.0075607,6.7819e-06,5153.7,3.096e+05,3.9116e-08,0.058187,-1.993e-07,0.94022,238.5,-0.39854,-8.4775e-09,-1.0465e-10,1,1721,0,2,0,-5.1223e-09,148,3.024e+05,1721,3.096e+05,1.0412e+09
15,13,1,2,14,0,0,-0.00010396,-1.1369e-12,0,51,-23.781,4.9256e-09,-1.9366,-1.274e-06,0.0051821,8.11e-06,5153.7,3.096e+05,-1.1176e-08,-3.0486,-1.6764e-08,0.94301,215.31,0.097972,-8.2725e-09,-4.1537e-10,1,1721,0,2,0,-1.0245e-08,51,3.024e+05,1721,3.096e+05,1.0412e+09
16,13,1,2,13,59,44,-0.00025144,-3.4106e-13,0,13,-0.53125,4.2423e-09,-0.3316,5.2154e-08,0.0067724,3.8408e-06,5153.6,3.0958e+05,7.4506e-08,-0.88067,-1.6764e-08,0.98314,313.38,0.026986,-8.2089e-09,2.1037e-10,1,1721,0,2,0,-9.7789e-09,13,3.024e+05,1721,3.0958e+05,1.0412e+09
18,13,1,2,13,59,44,0.00023241,1.819e-12,0,3,35.5,5.771e-09,0.18846,1.9595e-06,0.013633,5.411e-06,5153.7,3.0958e+05,-1.0617e-07,2.2175,1.2852e-07,0.92789,258.81,-2.1316,-8.9754e-09,-2.9287e-11,1,1721,0,2,0,-1.071e-08,3,3.024e+05,1721,3.0958e+05,1.0412e+09
21,13,1,2,14,0,0,-0.00027212,-2.2737e-12,0,9,-4.875,5.2334e-09,1.2972,-5.9605e-08,0.0196,1.183e-05,5153.8,3.096e+05,-3.837e-07,1.1682,1.3039e-07,0.93122,143.59,-2.1911,-8.5754e-09,1.4179e-10,1,1721,0,2,0,-1.1176e-08,9,3.024e+05,1721,3.096e+05,1.0412e+09
22,13,1,2,14,0,0,0.00015481,9.0949e-13,0,79,33.188,5.7749e-09,-0.48292,1.7118e-06,0.0061442,5.2415e-06,5153.7,3.096e+05,-1.0617e-07,2.2204,2.0489e-08,0.92563,257.91,-2.0239,-8.8547e-09,-3.2859e-11,1,1721,0,2.8,0,-1.7229e-08,79,3.024e+05,1721,3.096e+05,1.0412e+09
26,13,1,2,13,59,44,-0.00015294,1.3642e-11,0,16,-16.656,3.8741e-09,-2.5614,-8.8476e-07,0.020994,8.8662e-06,5153.7,3.0958e+05,2.7381e-07,-2.9322,0,0.98109,214.69,1.2134,-7.4517e-09,-3.4359e-10,1,1721,0,2,0,-6.0536e-09,16,3.024e+05,1721,3.0958e+05,1.0412e+09
29,13,1,2,14,0,0,0.00039381,3.979e-12,0,99,-93.281,4.5716e-09,1.578,-4.8075e-06,0.0018191,8.2869e-06,5153.7,3.096e+05,9.3132e-08,0.16617,-1.1176e-08,0.96534,225.5,-1.111,-8.0736e-09,-1.8072e-10,1,1721,0,2.8,0,-9.3132e-09,99,3.024e+05,1721,3.096e+05,1.0412e+09
30,13,1,2,14,0,0,-0.00026462,1.2392e-11,0,99,19.438,4.6759e-09,-1.3734,1.3188e-06,0.010854,4.2636e-06,5153.6,3.096e+05,-1.3225e-07,-1.0285,2.2911e-07,0.96227,298.16,1.6125,-8.3989e-09,2.6537e-10,1,1721,0,8,0,-4.6566e-09,99,3.024e+05,1721,3.096e+05,1.0412e+09
3,13,1,2,14,0,0,0.00014987,5.1159e-12,0,81,-92.344,5.1934e-09,-2.5297,-4.9006e-06,0.015928,5.8915e-06,5153.7,3.096e+05,2.4401e-07,-0.020129,-2.4214e-08,0.93349,245.66,1.2621,-8.2496e-09,-2.0001e-11,1,1721,0,2.8,0,-4.6566e-09,81,3.0408e+05,1721,3.096e+05,1.0412e+09
19,13,1,2,14,0,0,-0.00033635,-3.2969e-12,0,82,-87.375,4.5445e-09,-2.0231,-4.7479e-06,0.0087828,8.3987e-06,5153.7,3.096e+05,2.6077e-08,0.20983,-1.7881e-07,0.96202,218.09,0.27513,-8.0385e-09,-2.9644e-11,1,1721,0,2,0,-1.4435e-08,82,3.0759e+05,1721,3.096e+05,1.0412e+09
14,13,1,2,14,0,0,0.00021908,4.5475e-13,0,90,-16.469,4.143e-09,-1.4954,-8.3633e-07,0.0067375,8.3353e-06,5153.7,3.096e+05,2.3842e-07,-2.9535,8.1956e-08,0.97633,229.38,-2.017,-7.8768e-09,-5.0609e-10,1,1721,0,2.8,0,-8.8476e-09,90,3.0795e+05,1721,3.096e+05,1.0412e+09
9,13,1,2,13,59,44,0.00021088,2.6148e-12,0,18,56.969,3.6394e-09,1.9721,2.8238e-06,0.017049,9.9577e-06,5152.8,3.0958e+05,3.241e-07,-1.9814,-1.5087e-07,0.98439,194.75,1.6354,-7.511e-09,1.6465e-10,1,1721,0,2,0,-5.5879e-09,18,3.0843e+05,1721,3.0958e+05,1.0412e+09
3,13,1,2,16,0,0,0.00014991,5.1159e-12,0,85,-80.969,5.2834e-09,-1.4796,-3.9246e-06,0.015929,5.9064e-06,5153.7,3.168e+05,3.0361e-07,-0.020188,3.0361e-07,0.93349,246.25,1.2622,-8.485e-09,-1.4322e-10,1,1721,0,4,0,-4.6566e-09,85,3.096e+05,1721,3.168e+05,1.0412e+09
6,13,1,2,16,0,0,0.00040271,-1.3529e-11,0,149,-91.156,5.1784e-09,0.41863,-4.8373e-06,0.0075616,6.564e-06,5153.7,3.168e+05,1.1921e-07,0.058126,-7.4506e-08,0.94022,243.19,-0.39855,-8.5757e-09,-1.7179e-10,1,1721,0,2,0,-5.1223e-09,149,3.096e+05,1721,3.168e+05,1.0412e+09
9,13,1,2,15,59,44,0.0002109,2.6148e-12,0,21,58.219,3.633e-09,3.0228,3.051e-06,0.017049,9.6112e-06,5152.8,3.1678e+05,1.8068e-07,-1.9814,2.2352e-08,0.98439,203.5,1.6354,-7.3957e-09,7.9646e-11,1,1721,0,2,0,-5.5879e-09,21,3.096e+05,1721,3.1678e+05,1.0412e+09
14,13,1,2,16,0,0,0.00021908,4.5475e-13,0,107,-17.094,4.2734e-09,-0.44531,-8.6613e-07,0.0067372,8.5272e-06,5153.7,3.168e+05,1.4901e-08,-2.9536,9.3132e-08,0.97633,225.44,-2.0169,-8.0775e-09,-5.0574e-10,1,1721,0,2.8,0,-8.8476e-09,107,3.096e+05,1721,3.168e+05,1.0412e+09
15,13,1,2,16,0,0,-0.00010397,-1.1369e-12,0,79,-19.938,4.9641e-09,-0.88661,-1.0822e-06,0.0051819,7.7393e-06,5153.7,3.168e+05,7.2643e-08,-3.0486,-5.9605e-08,0.943,221.56,0.098167,-8.3039e-09,-4.8323e-10,1,1721,0,2,0,-1.0245e-08,79,3.096e+05,1721,3.168e+05,1.0412e+09
16,13,1,2,16,0,0,-0.00025144,-3.4106e-13,0,18,2.625,4.2002e-09,0.72095,1.993e-07,0.0067725,3.9656e-06,5153.6,3.168e+05,7.0781e-08,-0.88073,5.7742e-08,0.98314,312.47,0.02702,-8.1711e-09,1.8858e-10,1,1721,0,2,0,-9.7789e-09,18,3.096e+05,1721,3.168e+05,1.0412e+09
18,13,1,2,16,0,0,0.00023243,1.819e-12,0,5,37.5,5.7988e-09,1.241,1.9446e-06,0.013633,5.5935e-06,5153.7,3.168e+05,-2.3842e-07,2.2174,7.0781e-08,0.92789,258.88,-2.1316,-8.9289e-09,-1.2143e-11,1,1721,0,2,0,-1.071e-08,5,3.096e+05,1721,3.168e+05,1.0412e+09
19,13,1,2,16,0,0,-0.00033637,-3.2969e-12,0,84,-86.406,4.5648e-09,-0.97303,-4.5579e-06,0.008783,7.8902e-06,5153.7,3.168e+05,2.1793e-07,0.20977,-1.3784e-07,0.96202,225,0.27523,-8.1203e-09,-1.2251e-10,1,1721,0,2,0,-1.4435e-08,84,3.096e+05,1721,3.168e+05,1.0412e+09
21,13,1,2,16,0,0,-0.00027214,-2.2737e-12,0,10,3.4375,5.0774e-09,2.3474,1.4901e-08,0.019601,1.2036e-05,5153.8,3.168e+05,-7.4506e-09,1.1681,-3.9302e-07,0.93122,130.06,-2.1912,-7.9668e-09,3.1144e-10,1,1721,0,2,0,-1.1176e-08,10,3.096e+05,1721,3.168e+05,1.0412e+09
22,13,1,2,16,0,0,0.00015481,9.0949e-13,0,110,35.906,5.8431e-09,0.5673,1.9819e-06,0.0061444,5.3626e-06,5153.7,3.168e+05,-1.6764e-08,2.2203,1.4901e-08,0.92563,258.22,-2.0239,-8.9011e-09,3.1787e-11,1,1721,0,2.8,0,-1.7229e-08,110,3.096e+05,1721,3.168e+05,1.0412e+09
26,13,1,2,16,0,0,-0.00015285,1.3642e-11,0,17,-7.4688,4.0134e-09,-1.5089,-2.3469e-07,0.020995,8.4881e-06,5153.7,3.168e+05,4.0233e-07,-2.9322,3.7625e-07,0.98108,222.91,1.2134,-7.7021e-09,-4.8895e-10,1,1721,0,2,0,-6.0536e-09,17,3.096e+05,1721,3.168e+05,1.0412e+09
29,13,1,2,16,0,0,0.00039383,3.979e-12,0,102,-90.625,4.4666e-09,2.6279,-4.9155e-06,0.0018187,8.2962e-06,5153.7,3.168e+05,7.0781e-08,0.16611,4.4703e-08,0.96534,221.84,-1.1108,-8.0439e-09,-1.9537e-10,1,1721,0,2.8,0,-9.3132e-09,102,3.096e+05,1721,3.168e+05,1.0412e+09
30,13,1,2,16,0,0,-0.00026453,1.2392e-11,0,100,21.313,4.6909e-09,-0.32314,1.1455e-06,0.010854,4.4424e-06,5153.6,3.168e+05,-1.4529e-07,-1.0286,9.3132e-09,0.96227,295.78,1.6125,-8.5554e-09,3.3894e-10,1,1721,0,8,0,-4.6566e-09,100,3.096e+05,1721,3.168e+05,1.0412e+09
24,13,1,2,16,0,0,1.3206e-06,-6.8212e-13,0,96,57.156,4.2295e-09,-1.8358,2.984e-06,0.00044086,9.8739e-06,5153.7,3.168e+05,-5.4017e-08,-1.9833,8.7544e-08,0.95932,189.53,-0.13237,-7.9478e-09,1.3429e-10,1,1721,0,2.8,0,4.191e-09,96,3.1029e+05,1721,3.168e+05,1.0412e+09
3,13,1,2,15,59,44,0.0001499,5.1159e-12,0,39,-80.969,5.2834e-09,-1.482,-3.9246e-06,0.015929,5.9064e-06,5153.7,3.1678e+05,3.0361e-07,-0.020188,3.0361e-07,0.93349,246.25,1.2622,-8.485e-09,-1.4358e-10,1,1721,0,2,0,-4.6566e-09,39,3.117e+05,1721,3.1678e+05,1.0412e+09
14,13,1,2,15,59,44,0.00021908,4.5475e-13,0,0,-17.094,4.2734e-09,-0.44764,-8.6613e-07,0.0067372,8.5272e-06,5153.7,3.1678e+05,1.4901e-08,-2.9536,9.3132e-08,0.97633,225.44,-2.0169,-8.0775e-09,-5.0574e-10,1,1721,0,2,0,-8.8476e-09,0,3.1323e+05,1721,3.1678e+05,1.0412e+09
11,13,1,2,16,0,0,-0.00033951,-3.7517e-12,0,96,-33,6.0256e-09,-2.8331,-1.8496e-06,0.013807,1.0461e-05,5153.7,3.168e+05,1.9558e-07,0.87916,-1.4342e-07,0.88851,135.5,1.1356,-8.4761e-09,1.9179e-10,1,1721,0,2,0,-1.1642e-08,96,3.138e+05,1721,3.168e+05,1.0412e+09
32,13,1,2,15,59,44,-0.00052253,-3.5243e-12,0,4,35.469,5.0327e-09,-2.4573,1.8124e-06,0.011685,5.7258e-06,5153.8,3.1678e+05,-2.9802e-07,2.3006,1.1176e-07,0.94989,262.88,-0.42159,-8.2586e-09,-3.4644e-11,1,1721,0,2,0,-3.2596e-09,4,3.1635e+05,1721,3.1678e+05,1.0412e+09
1,13,1,2,16,0,0,0.00029101,2.2737e-12,0,26,0.6875,4.5388e-09,-2.6319,-5.5879e-09,0.0015305,1.0794e-05,5153.7,3.168e+05,-7.4506e-09,1.1654,-5.4017e-08,0.95991,171.91,0.49888,-7.9103e-09,2.6001e-10,1,1721,0,2,0,8.3819e-09,26,3.1644e+05,1721,3.168e+05,1.0412e+09
19,13,1,2,18,0,0,-0.00033639,-3.2969e-12,0,89,-88.688,4.5891e-09,0.077189,-4.5709e-06,0.0087832,7.9833e-06,5153.7,3.24e+05,1.6019e-07,0.20971,5.0291e-08,0.96202,226.25,0.27521,-8.2586e-09,-1.7429e-10,1,1721,0,2,0,-1.4435e-08,89,3.168e+05,1721,3.24e+05,1.0412e+09
1,13,1,2,18,0,0,0.00029102,2.2737e-12,0,27,-1.1563,4.4652e-09,-1.5805,-9.872e-08,0.0015296,1.1528e-05,5153.7,3.24e+05,2.4214e-08,1.1654,-3.1665e-08,0.95991,156.28,0.4976,-7.9196e-09,2.8108e-10,1,1721,0,2,0,8.3819e-09,27,3.168e+05,1721,3.24e+05,1.0412e+09
3,13,1,2,17,59,44,0.00014993,5.1159e-12,0,64,-81.156,5.3842e-09,-0.43179,-4.163e-06,0.015929,6.3851e-06,5153.7,3.2398e+05,-1.099e-07,-0.020251,2.1234e-07,0.93349,245.84,1.2622,-8.8661e-09,-1.125e-10,1,1721,0,2,0,-4.6566e-09,64,3.168e+05,1721,3.2398e+05,1.0412e+09
6,13,1,2,18,0,0,0.00040261,-1.3529e-11,0,150,-91.344,5.1027e-09,1.4688,-4.7386e-06,0.0075616,6.5584e-06,5153.7,3.24e+05,1.1362e-07,0.058065,1.397e-07,0.94022,242.16,-0.39855,-8.3925e-09,-2.5787e-10,1,1721,0,2,0,-5.1223e-09,150,3.168e+05,1721,3.24e+05,1.0412e+09
9,13,1,2,18,0,0,0.00021092,2.6148e-12,0,27,53.844,3.6944e-09,-2.2074,2.8387e-06,0.01705,9.2722e-06,5152.8,3.24e+05,2.7753e-07,-1.9815,1.6578e-07,0.98439,212.03,1.6354,-7.471e-09,3.7502e-11,1,1721,0,2,0,-5.5879e-09,27,3.168e+05,1721,3.24e+05,1.0412e+09
11,13,1,2,18,0,0,-0.00033954,-3.7517e-12,0,111,-32.188,5.9974e-09,-1.7829,-1.6429e-06,0.013807,1.0589e-05,5153.7,3.24e+05,2.9802e-07,0.8791,-1.8626e-08,0.88852,130.41,1.1356,-8.5314e-09,1.8036e-10,1,1721,0,2,0,-1.1642e-08,111,3.168e+05,1721,3.24e+05,1.0412e+09
14,13,1,2,17,59,44,0.00021909,4.5475e-13,0,12,-16.25,4.2562e-09,0.60253,-8.2515e-07,0.0067373,8.5495e-06,5153.7,3.2398e+05,-5.0291e-08,-2.9537,6.8918e-08,0.97633,225,-2.0169,-8.0532e-09,-5.5288e-10,1,1721,0,2,0,-8.8476e-09,12,3.168e+05,1721,3.2398e+05,1.0412e+09
18,13,1,2,18,0,0,0.00023244,1.819e-12,0,6,36.656,5.6009e-09,2.2911,1.6801e-06,0.013632,5.1055e-06,5153.8,3.24e+05,2.794e-08,2.2173,-2.9802e-07,0.92789,263.34,-2.1316,-8.4879e-09,1.0929e-10,1,1721,0,2,0,-1.071e-08,6,3.168e+05,1721,3.24e+05,1.0412e+09
21,13,1,2,18,0,0,-0.00027215,-2.2737e-12,0,11,15.563,4.9609e-09,-2.8857,4.7311e-07,0.019599,1.1647e-05,5153.8,3.24e+05,1.7323e-07,1.168,-2.7567e-07,0.93123,136.34,-2.1912,-7.9139e-09,3.3966e-10,1,1721,0,2,0,-1.1176e-08,11,3.168e+05,1721,3.24e+05,1.0412e+09
22,13,1,2,18,0,0,0.00015482,9.0949e-13,0,180,39.875,5.8335e-09,1.6176,2.0321e-06,0.006144,5.2769e-06,5153.7,3.24e+05,-1.397e-07,2.2202,-1.0245e-07,0.92563,261.16,-2.024,-8.7847e-09,1.3036e-10,1,1721,0,4,0,-1.7229e-08,180,3.168e+05,1721,3.24e+05,1.0412e+09
24,13,1,2,18,0,0,1.316e-06,-6.8212e-13,0,97,52.344,4.3152e-09,-0.78933,2.7083e-06,0.00044097,9.3374e-06,5153.7,3.24e+05,1.6764e-08,-1.9834,-6.1467e-08,0.95932,202.03,-0.12873,-7.9725e-09,-3.9287e-12,1,1721,0,2.8,0,4.191e-09,97,3.168e+05,1721,3.24e+05,1.0412e+09
32,13,1,2,18,0,0,-0.00052256,-3.5243e-12,0,14,29,5.2445e-09,-1.4049,1.4883e-06,0.011685,5.6904e-06,5153.8,3.24e+05,-4.4703e-08,2.3006,-2.4028e-07,0.94989,264.5,-0.42151,-8.5721e-09,2.0144e-10,1,1721,0,2,0,-3.2596e-09,14,3.168e+05,1721,3.24e+05,1.0412e+09
31,13,1,2,18,0,0,0.00029557,2.0464e-12,0,141,59.094,3.8619e-09,-2.0325,3.0939e-06,0.0081273,1.0278e-05,5153.8,3.24e+05,-1.1362e-07,-1.9534,1.2666e-07,0.98073,194.78,-0.82233,-7.7939e-09,9.429e-11,1,1721,0,2.8,0,-1.3504e-08,141,3.1791e+05,1721,3.24e+05,1.0412e+09
20,13,1,2,18,0,0,7.8596e-05,1.3642e-12,0,83,43.281,5.6081e-09,2.8598,2.2054e-06,0.0054439,5.696e-06,5153.6,3.24e+05,2.794e-08,2.1637,-1.695e-07,0.9285,248.78,1.2809,-8.5836e-09,1.15e-10,1,1721,0,2,0,-7.9162e-09,83,3.2088e+05,1721,3.24e+05,1.0412e+09
23,13,1,2,18,0,0,0.00012786,-3.7517e-12,0,26,-19,4.687e-09,-0.33819,-1.1213e-06,0.0081362,7.4748e-06,5153.8,3.24e+05,1.5274e-07,-3.0097,6.5193e-08,0.95787,233,-2.9167,-8.2836e-09,-5.3002e-10,1,1721,0,2,0,-2.0489e-08,26,3.237e+05,1721,3.24e+05,1.0412e+09
25,13,1,2,18,0,0,6.0276e-05,2.3874e-12,0,89,14.094,4.4266e-09,3.0522,7.9162e-07,0.0019522,3.811e-06,5153.6,3.24e+05,7.6368e-08,-0.93571,-5.5879e-09,0.97121,312.47,0.59829,-8.2271e-09,2.6573e-10,1,1721,0,2,0,5.1223e-09,89,3.2379e+05,1721,3.24e+05,1.0412e+09
32,13,1,2,20,0,0,-0.00052258,-3.5243e-12,0,15,32.375,5.3438e-09,-0.35492,1.6578e-06,0.011685,5.2135e-06,5153.8,3.312e+05,1.1176e-07,2.3005,-2.0117e-07,0.94989,275.38,-0.4214,-8.6307e-09,1.5215e-10,1,1721,0,2,0,-3.2596e-09,15,3.24e+05,1721,3.312e+05,1.0412e+09
1,13,1,2,20,0,0,0.00029104,2.2737e-12,0,38,2.6875,4.4838e-09,-0.5307,1.6578e-07,0.0015291,1.1789e-05,5153.7,3.312e+05,3.539e-08,1.1653,1.8626e-09,0.95991,151.66,0.49797,-7.9464e-09,2.6537e-10,1,1721,0,2,0,8.3819e-09,38,3.24e+05,1721,3.312e+05,1.0412e+09
11,13,1,2,20,0,0,-0.00033956,-3.7517e-12,0,112,-26.188,6.1724e-09,-0.73272,-1.207e-06,0.013807,1.1161e-05,5153.7,3.312e+05,-4.6566e-08,0.87904,2.1607e-07,0.88851,128.16,1.1357,-8.9722e-09,1.1786e-10,1,1721,0,2.8,0,-1.1642e-08,112,3.24e+05,1721,3.312e+05,1.0412e+09
14,13,1,2,20,0,0,0.00021909,4.5475e-13,0,13,-16.781,4.2134e-09,1.655,-9.9465e-07,0.0067372,8.449e-06,5153.7,3.312e+05,-1.6764e-07,-2.9537,-9.3132e-08,0.97632,226.75,-2.0169,-7.9171e-09,-4.4645e-10,1,1721,0,2,0,-8.8476e-09,13,3.24e+05,1721,3.312e+05,1.0412e+09
19,13,1,2,20,0,0,-0.00033642,-3.2969e-12,0,90,-84.656,4.5023e-09,1.1273,-4.353e-06,0.0087836,8.1416e-06,5153.7,3.312e+05,-1.1176e-08,0.20965,1.4342e-07,0.96202,223.22,0.27526,-8.1346e-09,-2.9608e-10,1,1721,0,2,0,-1.4435e-08,90,3.24e+05,1721,3.312e+05,1.0412e+09
20,13,1,2,20,0,0,7.8606e-05,1.3642e-12,0,84,45.594,5.7035e-09,-2.3733,2.3656e-06,0.0054449,5.4743e-06,5153.6,3.312e+05,1.0617e-07,2.1637,-3.7253e-09,0.9285,256.91,1.281,-8.6071e-09,2.5644e-10,1,1721,0,2,0,-7.9162e-09,84,3.24e+05,1721,3.312e+05,1.0412e+09
22,13,1,2,20,0,0,0.00015483,9.0949e-13,0,186,40.281,5.701e-09,2.6677,2.0508e-06,0.0061438,5.0794e-06,5153.7,3.312e+05,8.0094e-08,2.2202,-6.8918e-08,0.92563,264.03,-2.0239,-8.5654e-09,1.2036e-10,1,1721,0,4,0,-1.7229e-08,186,3.24e+05,1721,3.312e+05,1.0412e+09
23,13,1,2,20,0,0,0.00012783,-3.7517e-12,0,88,-20.063,4.7634e-09,0.71194,-9.7416e-07,0.0081358,7.4785e-06,5153.8,3.312e+05,6.333e-08,-3.0098,1.0803e-07,0.95787,230.03,-2.9167,-8.2889e-09,-5.5359e-10,1,1721,0,2,0,-2.0489e-08,88,3.24e+05,1721,3.312e+05,1.0412e+09
25,13,1,2,20,0,0,6.0293e-05,2.3874e-12,0,90,14.094,4.3923e-09,-2.1805,8.4192e-07,0.001952,4.0792e-06,5153.6,3.312e+05,-5.5879e-08,-0.93577,9.3132e-09,0.97121,307.72,0.59809,-8.1593e-09,1.7536e-10,1,1721,0,2,0,5.1223e-09,90,3.24e+05,1721,3.312e+05,1.0412e+09
31,13,1,2,20,0,0,0.00029559,2.0464e-12,0,142,48.531,3.9255e-09,-0.98256,2.4401e-06,0.0081267,9.8646e-06,5153.8,3.312e+05,-1.1548e-07,-1.9534,-1.4901e-08,0.98073,203.69,-0.82215,-7.8771e-09,1.3108e-10,1,1721,0,2.8,0,-1.3504e-08,142,3.24e+05,1721,3.312e+05,1.0412e+09
12,13,1,2,20,0,0,0.00011023,2.0464e-12,0,70,4.9688,4.1673e-09,-1.2072,3.241e-07,0.0041326,4.4182e-06,5153.6,3.312e+05,9.3132e-09,-0.89915,-8.5682e-08,0.98239,307.25,0.13762,-8.0736e-09,1.6001e-10,1,1721,0,2,0,-1.2107e-08,70,3.2427e+05,1721,3.312e+05,1.0412e+09
17,13,1,2,20,0,0,6.3493e-05,-3.5243e-12,0,78,-89.094,4.4095e-09,1.849,-4.5691e-06,0.007957,7.5363e-06,5153.8,3.312e+05,-1.5274e-07,0.15731,-9.3132e-08,0.96474,235.56,-2.2657,-8.1146e-09,-1.4965e-10,1,1721,0,2.8,0,-1.071e-08,78,3.2463e+05,1721,3.312e+05,1.0412e+09
30,13,1,2,20,0,0,-0.00026435,1.2392e-11,0,107,26.813,4.6427e-09,1.7773,1.207e-06,0.010853,3.9414e-06,5153.6,3.312e+05,2.2165e-07,-1.0287,-2.1607e-07,0.96228,304.56,1.6125,-8.2946e-09,2.5537e-10,1,1721,0,16,0,-4.6566e-09,107,3.2685e+05,1721,3.312e+05,1.0412e+09
13,13,1,2,20,0,0,0.00015549,-2.8422e-12,0,96,-18.969,4.0584e-09,1.4958,-1.1399e-06,0.0048692,8.2944e-06,5153.6,3.312e+05,8.7544e-08,-2.9255,-6.1467e-08,0.98359,227.31,2.0682,-7.8396e-09,-5.1609e-10,1,1721,0,2.8,0,-1.1176e-08,96,3.2832e+05,1721,3.312e+05,1.0412e+09
16,13,1,2,20,0,0,-0.00025145,-3.4106e-13,0,20,9.375,4.232e-09,2.8216,5.085e-07,0.0067729,3.9283e-06,5153.6,3.312e+05,-5.5879e-08,-0.88085,-1.1176e-08,0.98314,317.56,0.026921,-8.0893e-09,1.8251e-10,1,1721,0,2,0,-9.7789e-09,20,3.2964e+05,1721,3.312e+05,1.0412e+09
4,13,1,2,20,0,0,9.3454e-05,1.1141e-11,0,86,1.1563,4.9388e-09,-2.5517,-2.0303e-07,0.010412,1.082e-05,5153.7,3.312e+05,1.4715e-07,1.1634,-1.0245e-07,0.93747,155.13,0.94976,-8.036e-09,3.3609e-10,1,1721,0,2,0,-6.5193e-09,86,3.306e+05,1721,3.312e+05,1.0412e+09
32,13,1,2,22,0,0,-0.00052261,-3.5243e-12,0,16,32,5.2974e-09,0.6952,1.641e-06,0.011685,5.0496e-06,5153.8,3.384e+05,2.8685e-07,2.3004,-1.0431e-07,0.94989,277.69,-0.42139,-8.5489e-09,1.2286e-10,1,1721,0,2,0,-3.2596e-09,16,3.312e+05,1721,3.384e+05,1.0412e+09
1,13,1,2,22,0,0,0.00029106,2.2737e-12,0,39,12.688,4.3866e-09,0.51948,5.6438e-07,0.0015308,1.1483e-05,5153.7,3.384e+05,1.6764e-08,1.1652,4.2841e-08,0.95991,158.59,0.49796,-7.9146e-09,2.4572e-10,1,1721,0,2,0,8.3819e-09,39,3.312e+05,1721,3.384e+05,1.0412e+09
4,13,1,2,22,0,0,9.3534e-05,1.1141e-11,0,89,4.375,4.8531e-09,-1.5015,3.4086e-07,0.010411,1.0893e-05,5153.7,3.384e+05,2.2911e-07,1.1634,3.7253e-09,0.93748,148.63,0.94977,-8.0903e-09,3.1001e-10,1,1721,0,2,0,-6.5193e-09,89,3.312e+05,1721,3.384e+05,1.0412e+09
11,13,1,2,22,0,0,-0.00033959,-3.7517e-12,0,174,-24,6.1045e-09,0.31749,-1.2945e-06,0.013807,1.0902e-05,5153.7,3.384e+05,-1.9744e-07,0.87897,1.1921e-07,0.88851,133.41,1.1356,-8.9422e-09,2.9644e-11,1,1721,0,2.8,0,-1.1642e-08,174,3.312e+05,1721,3.384e+05,1.0412e+09
13,13,1,2,22,0,0,0.00015547,-2.8422e-12,0,110,-17.594,4.1341e-09,2.546,-7.8045e-07,0.0048691,8.408e-06,5153.6,3.384e+05,1.5646e-07,-2.9256,1.3039e-08,0.98359,227.19,2.0682,-7.846e-09,-4.7216e-10,1,1721,0,2.8,0,-1.1176e-08,110,3.312e+05,1721,3.384e+05,1.0412e+09
16,13,1,2,22,0,0,-0.00025145,-3.4106e-13,0,21,5.75,4.2291e-09,-2.4114,3.2596e-07,0.0067735,4.1407e-06,5153.6,3.384e+05,-2.4214e-08,-0.8809,-2.6077e-08,0.98314,314.47,0.026958,-8.0718e-09,1.8679e-10,1,1721,0,2,0,-9.7789e-09,21,3.312e+05,1721,3.384e+05,1.0412e+09
20,13,1,2,22,0,0,7.8616e-05,1.3642e-12,0,85,46.75,5.7117e-09,-1.323,2.5928e-06,0.0054451,5.452e-06,5153.6,3.384e+05,7.0781e-08,2.1636,1.0803e-07,0.9285,259.81,1.281,-8.7036e-09,2.2072e-10,1,1721,0,2,0,-7.9162e-09,85,3.312e+05,1721,3.384e+05,1.0412e+09
23,13,1,2,22,0,0,0.0001278,-3.7517e-12,0,89,-18.906,4.8277e-09,1.762,-8.3447e-07,0.0081359,7.8604e-06,5153.8,3.384e+05,-2.794e-08,-3.0098,2.142e-07,0.95786,228.97,-2.9167,-8.2636e-09,-4.8323e-10,1,1721,0,2,0,-2.0489e-08,89,3.312e+05,1721,3.384e+05,1.0412e+09
25,13,1,2,22,0,0,6.0311e-05,2.3874e-12,0,91,8.2813,4.4188e-09,-1.1297,3.9488e-07,0.0019517,4.5095e-06,5153.6,3.384e+05,4.0978e-08,-0.93582,0,0.97121,300.16,0.59746,-8.2061e-09,1.0429e-10,1,1721,0,2,0,5.1223e-09,91,3.312e+05,1721,3.384e+05,1.0412e+09
30,13,1,2,22,0,0,-0.00026426,1.2392e-11,0,108,26.5,4.5895e-09,2.8275,1.4231e-06,0.010853,3.9656e-06,5153.6,3.384e+05,1.2293e-07,-1.0288,3.1665e-08,0.96228,303.81,1.6125,-8.1028e-09,1.3429e-10,1,1721,0,16,0,-4.6566e-09,108,3.312e+05,1721,3.384e+05,1.0412e+09
31,13,1,2,22,0,0,0.0002956,2.0464e-12,0,143,42.719,3.9641e-09,0.06742,2.1551e-06,0.0081263,9.3337e-06,5153.8,3.384e+05,5.5879e-09,-1.9535,-1.248e-07,0.98073,213.44,-0.82203,-7.9218e-09,4.2859e-12,1,1721,0,2.8,0,-1.3504e-08,143,3.312e+05,1721,3.384e+05,1.0412e+09
11,13,1,2,21,59,44,-0.00033959,-3.8654e-12,0,7,-24,6.1045e-09,0.31516,-1.2945e-06,0.013807,1.0902e-05,5153.7,3.3838e+05,-1.9744e-07,0.87897,1.1921e-07,0.88851,133.41,1.1356,-8.9422e-09,2.9644e-11,1,1721,0,2,0,-1.1642e-08,7,3.3129e+05,1721,3.3838e+05,1.0412e+09
13,13,1,2,21,59,44,0.00015547,-2.8422e-12,0,0,-17.594,4.1341e-09,2.5436,-7.8045e-07,0.0048691,8.408e-06,5153.6,3.3838e+05,1.5646e-07,-2.9256,1.3039e-08,0.98359,227.19,2.0682,-7.846e-09,-4.7216e-10,1,1721,0,2,0,-1.1176e-08,0,3.3303e+05,1721,3.3838e+05,1.0412e+09
7,13,1,2,22,0,0,0.00016439,4.4338e-12,0,64,44.719,4.0541e-09,0.11661,2.183e-06,0.0060508,9.8646e-06,5153.7,3.384e+05,5.9605e-08,-1.9574,3.1665e-08,0.97571,194.56,-2.922,-7.9575e-09,-2.3572e-11,1,1721,0,2,0,-1.1176e-08,64,3.3339e+05,1721,3.384e+05,1.0412e+09
20,13,1,2,21,59,44,7.8616e-05,1.3642e-12,0,13,46.75,5.7117e-09,-1.3253,2.5928e-06,0.0054451,5.452e-06,5153.6,3.3838e+05,7.0781e-08,2.1636,1.0803e-07,0.9285,259.81,1.281,-8.7036e-09,2.2072e-10,1,1721,0,2,0,-7.9162e-09,13,3.3528e+05,1721,3.3838e+05,1.0412e+09
10,13,1,2,22,0,0,-6.4665e-05,-1.4779e-12,0,111,39.5,5.2716e-09,-2.3819,1.7732e-06,0.012222,5.7183e-06,5153.7,3.384e+05,1.7323e-07,2.2318,-1.7323e-07,0.94412,258.75,0.78697,-8.3521e-09,2.9144e-10,1,1721,0,2.8,0,-2.794e-09,111,3.3531e+05,1721,3.384e+05,1.0412e+09
2,13,1,2,22,0,0,0.0004135,1.3642e-12,0,15,-4.1563,4.8877e-09,1.5084,-1.4529e-07,0.011821,1.153e-05,5153.6,3.384e+05,-1.1735e-07,1.1467,1.7323e-07,0.93844,143.13,-2.6976,-8.2646e-09,1.1572e-10,1,1721,0,2,0,-1.7695e-08,15,3.3672e+05,1721,3.384e+05,1.0412e+09
3,13,1,2,22,0,0,0.00015001,5.1159e-12,0,66,-86.563,5.1966e-09,1.6709,-4.7162e-06,0.015929,6.2604e-06,5153.7,3.384e+05,-1.844e-07,-0.020378,-3.6694e-07,0.93348,247.31,1.2623,-8.5371e-09,-1.5215e-10,1,1721,0,2,0,-4.6566e-09,66,3.3822e+05,1721,3.384e+05,1.0412e+09
2,13,1,3,0,0,0,0.00041351,1.3642e-12,0,16,0.59375,4.7602e-09,2.5587,1.1921e-07,0.011823,1.2077e-05,5153.6,3.456e+05,-2.0489e-07,1.1467,-1.5646e-07,0.93845,130.69,-2.6976,-7.9971e-09,2.7108e-10,1,1721,0,2,0,-1.7695e-08,16,3.384e+05,1721,3.456e+05,1.0412e+09
3,13,1,3,0,0,0,0.00015004,5.1159e-12,0,67,-84.063,5.0691e-09,2.721,-4.34e-06,0.015929,5.7407e-06,5153.7,3.456e+05,1.3597e-07,-0.020437,-1.6391e-07,0.93348,251.44,1.2623,-8.1953e-09,-2.0537e-10,1,1721,0,2,0,-4.6566e-09,67,3.384e+05,1721,3.456e+05,1.0412e+09
4,13,1,3,0,0,0,9.3614e-05,1.1141e-11,0,90,11,4.8816e-09,-0.4514,7.4506e-07,0.010411,1.1332e-05,5153.7,3.456e+05,1.3039e-08,1.1633,1.4342e-07,0.93748,149.22,0.94979,-8.3371e-09,2.768e-10,1,1721,0,2,0,-6.5193e-09,90,3.384e+05,1721,3.456e+05,1.0412e+09
6,13,1,3,0,0,0,0.00040232,-1.3529e-11,0,153,-78.344,4.9631e-09,-1.6639,-4.0531e-06,0.007562,6.9179e-06,5153.7,3.456e+05,-1.1548e-07,0.057884,-8.5682e-08,0.94021,236.78,-0.39852,-8.4028e-09,-8.9289e-11,1,1721,0,2,0,-5.1223e-09,153,3.384e+05,1721,3.456e+05,1.0412e+09
7,13,1,3,0,0,0,0.00016442,4.4338e-12,0,72,44.844,4.117e-09,1.1668,2.4699e-06,0.0060509,9.6112e-06,5153.7,3.456e+05,2.9802e-08,-1.9575,5.9605e-08,0.97571,200.88,-2.9221,-7.9332e-09,-4.4288e-11,1,1721,0,2,0,-1.1176e-08,72,3.384e+05,1721,3.456e+05,1.0412e+09
10,13,1,3,0,0,0,-6.4676e-05,-1.4779e-12,0,112,43.219,5.2549e-09,-1.3318,2.3376e-06,0.012222,5.1819e-06,5153.7,3.456e+05,3.1106e-07,2.2317,-1.6764e-08,0.94412,265.56,0.78704,-8.4482e-09,2.3001e-10,1,1721,0,2.8,0,-2.794e-09,112,3.384e+05,1721,3.456e+05,1.0412e+09
13,13,1,2,23,59,44,0.00015544,-2.8422e-12,0,7,-11.625,4.1648e-09,-2.6893,-5.383e-07,0.0048702,8.2608e-06,5153.6,3.4558e+05,-1.8626e-08,-2.9256,1.0431e-07,0.98358,232.91,2.0682,-7.7778e-09,-3.268e-10,1,1721,0,2,0,-1.1176e-08,7,3.384e+05,1721,3.4558e+05,1.0412e+09
16,13,1,3,0,0,0,-0.00025145,-3.4106e-13,0,22,6.8438,4.1802e-09,-1.361,3.5204e-07,0.0067734,4.4722e-06,5153.6,3.456e+05,-1.3039e-08,-0.88096,-7.4506e-08,0.98314,306.31,0.026802,-8.0771e-09,1.6501e-10,1,1721,0,2,0,-9.7789e-09,22,3.384e+05,1721,3.456e+05,1.0412e+09
20,13,1,2,23,59,44,7.8626e-05,1.3642e-12,0,14,46.875,5.6585e-09,-0.27505,2.3656e-06,0.0054451,5.5786e-06,5153.6,3.4558e+05,-1.1176e-08,2.1636,1.0617e-07,0.92851,260.03,1.281,-8.7293e-09,2.1001e-10,1,1721,0,2,0,-7.9162e-09,14,3.384e+05,1721,3.4558e+05,1.0412e+09
23,13,1,3,0,0,0,0.00012777,-3.7517e-12,0,92,-18.938,4.7245e-09,2.8122,-9.6299e-07,0.0081358,7.7374e-06,5153.8,3.456e+05,-1.5087e-07,-3.0099,-4.8429e-08,0.95786,231.25,-2.9167,-8.0403e-09,-3.3966e-10,1,1721,0,2,0,-2.0489e-08,92,3.384e+05,1721,3.456e+05,1.0412e+09
30,13,1,3,0,0,0,-0.00026417,1.2392e-11,0,110,20.344,4.5202e-09,-2.4054,1.1604e-06,0.010852,4.5262e-06,5153.6,3.456e+05,1.0245e-07,-1.0288,8.9407e-08,0.96228,292.19,1.6125,-8.0975e-09,1.7322e-10,1,1721,0,16,0,-4.6566e-09,110,3.384e+05,1721,3.456e+05,1.0412e+09
31,13,1,3,0,0,0,0.00029562,2.0464e-12,0,186,33.063,3.9523e-09,1.1175,1.5907e-06,0.0081275,8.7954e-06,5153.8,3.456e+05,1.4715e-07,-1.9536,-1.1176e-07,0.98073,217.66,-0.822,-7.8157e-09,1.0715e-12,1,1721,0,2.8,0,-1.3504e-08,186,3.384e+05,1721,3.456e+05,1.0412e+09
32,13,1,3,0,0,0,-0.00052263,-3.5243e-12,0,25,44.719,5.0874e-09,1.7452,2.2221e-06,0.011685,5.1949e-06,5153.8,3.456e+05,1.099e-07,2.3004,1.6578e-07,0.94989,273.59,-0.42123,-8.3153e-09,-4.3216e-11,1,1721,0,2,0,-3.2596e-09,25,3.384e+05,1721,3.456e+05,1.0412e+09
8,13,1,3,0,0,0,3.7872e-06,2.2737e-13,0,107,51.25,3.6009e-09,0.57578,2.712e-06,0.012713,9.4809e-06,5153.6,3.456e+05,1.0058e-07,-1.8693,1.7695e-07,0.99816,212.69,-2.8869,-7.7668e-09,9.2861e-12,1,1721,0,2,0,-4.191e-09,107,3.3867e+05,1721,3.456e+05,1.0412e+09
19,13,1,3,0,0,0,-0.00033646,-3.2969e-12,0,92,-80.031,4.3877e-09,-3.0554,-4.1239e-06,0.0087835,8.0559e-06,5153.7,3.456e+05,-1.1176e-07,0.20954,-4.0978e-08,0.96201,225.59,0.27523,-7.9396e-09,-1.6394e-10,1,1721,0,2,0,-1.4435e-08,92,3.4137e+05,1721,3.456e+05,1.0412e+09
5,13,1,3,0,0,0,-0.00037643,-2.16e-12,0,82,42.438,5.142e-09,-1.6883,1.9502e-06,0.0031807,5.8264e-06,5153.8,3.456e+05,3.9116e-08,2.2115,-6.333e-08,0.94925,258.22,0.31114,-8.4125e-09,2.5823e-10,1,1721,0,2,0,-1.0245e-08,82,3.4287e+05,1721,3.456e+05,1.0412e+09
28,13,1,3,0,0,0,0.00021986,3.5243e-12,0,18,9.125,4.2498e-09,-1.589,7.1339e-07,0.018598,3.9209e-06,5153.6,3.456e+05,3.39e-07,-0.87452,3.241e-07,0.98156,313.94,-1.7982,-8.0614e-09,8.4646e-11,1,1721,0,2,0,-1.071e-08,18,3.4383e+05,1721,3.456e+05,1.0412e+09
