2,13,1,2,0,0,0,0.00041339,1.3642e-12,0,39,14.75,4.7995e-09,2.5231,8.4564e-07,0.011816,1.1517e-05,5153.6,2.592e+05,-2.1793e-07,1.1474,-1.2852e-07,0.93842,141.59,-2.6985,-8.0153e-09,4.6466e-10,1,1721,0,2,0,-1.7695e-08,39,2.52e+05,1721,2.592e+05,1.0411e+09
4,13,1,2,0,0,0,9.2661e-05,1.1141e-11,0,70,22.969,4.9273e-09,-0.48674,1.3877e-06,0.010414,1.0746e-05,5153.7,2.592e+05,9.3132e-09,1.164,1.6205e-07,0.93745,160.59,0.94967,-8.3553e-09,4.6145e-10,1,1721,0,2,0,-6.5193e-09,70,2.52e+05,1721,2.592e+05,1.0411e+09
5,13,1,2,0,0,0,-0.00037624,-2.16e-12,0,77,20.063,5.2302e-09,-1.7222,7.8976e-07,0.003176,5.0683e-06,5153.8,2.592e+05,2.4214e-08,2.2122,-5.9605e-08,0.94925,273.22,0.31016,-8.4311e-09,1.4536e-10,1,1721,0,2,0,-1.0245e-08,77,2.52e+05,1721,2.592e+05,1.0411e+09
8,13,1,2,0,0,0,3.7574e-06,2.2737e-13,0,77,81.438,3.6598e-09,0.53974,4.2766e-06,0.012713,8.2813e-06,5153.6,2.592e+05,1.1921e-07,-1.8687,1.8068e-07,0.99815,235.78,-2.8869,-7.8253e-09,1.125e-10,1,1721,0,2.8,0,-4.191e-09,77,2.52e+05,1721,2.592e+05,1.0411e+09
9,13,1,2,0,0,0,0.00021075,2.6148e-12,0,117,67.844,3.9762e-09,0.90269,3.3975e-06,0.017048,9.6709e-06,5152.8,2.592e+05,-2.6077e-07,-1.981,-1.546e-07,0.98438,208.19,1.6355,-8.0814e-09,1.2858e-10,1,1721,0,2.8,0,-5.5879e-09,117,2.52e+05,1721,2.592e+05,1.0411e+09
10,13,1,1,23,59,44,-6.4549e-05,-1.4779e-12,0,52,18.313,5.3206e-09,-1.3692,1.0375e-06,0.012216,4.5523e-06,5153.7,2.5918e+05,2.8871e-07,2.2325,-3.3528e-08,0.94411,277.34,0.78681,-8.4486e-09,1.175e-10,1,1721,0,2,0,-2.794e-09,52,2.5728e+05,1721,2.5918e+05,1.0411e+09
12,13,1,2,0,0,0,0.00011009,2.0464e-12,0,74,-3.2188,4.3534e-09,0.85656,-2.0489e-07,0.0041321,3.1106e-06,5153.6,2.592e+05,1.1176e-08,-0.89856,5.4017e-08,0.98238,328.53,0.13824,-8.2443e-09,-1.8215e-11,1,1721,0,2,0,-1.2107e-08,74,2.52e+05,1721,2.592e+05,1.0411e+09
15,13,1,1,23,59,44,-0.00010391,-1.1369e-12,0,4,-17.531,5.0374e-09,-3.0067,-8.4192e-07,0.0051789,9.0078e-06,5153.7,2.5918e+05,-5.7742e-08,-3.0481,-2.2352e-08,0.94303,197.59,0.097699,-8.1818e-09,-4.418e-10,1,1721,0,2,0,-1.0245e-08,4,2.5743e+05,1721,2.5918e+05,1.0411e+09
24,13,1,1,23,59,44,1.3574e-06,-6.8212e-13,0,11,70.656,4.4445e-09,2.3343,3.7476e-06,0.00043605,9.222e-06,5153.7,2.5918e+05,-9.3132e-09,-1.9829,5.9605e-08,0.95931,198.91,-0.13967,-8.0875e-09,1.7001e-10,1,1721,0,2,0,4.191e-09,11,2.5506e+05,1721,2.5918e+05,1.0411e+09
26,13,1,2,0,0,0,-0.00015363,1.3529e-11,0,63,-12.125,3.9802e-09,2.656,-7.8231e-07,0.020991,9.9726e-06,5153.7,2.592e+05,1.6391e-07,-2.9318,-2.5332e-07,0.98111,193.03,1.2133,-7.4021e-09,-4.8609e-10,1,1721,0,2,0,-6.0536e-09,63,2.52e+05,1721,2.592e+05,1.0411e+09
29,13,1,2,0,0,0,0.00039361,3.979e-12,0,9,-98.219,4.323e-09,0.50969,-5.1223e-06,0.0018193,8.6874e-06,5153.7,2.592e+05,6.5193e-08,0.16658,-6.7055e-08,0.96535,216.97,-1.1105,-8.026e-09,-2.4751e-10,1,1721,0,2,0,-9.3132e-09,9,2.5668e+05,1721,2.592e+05,1.0411e+09
2,13,1,2,2,0,0,0.0004134,1.3642e-12,0,40,24.219,4.6652e-09,-2.7098,1.1679e-06,0.011815,1.1398e-05,5153.6,2.664e+05,-6.8918e-08,1.1473,-1.3597e-07,0.93843,146.25,-2.6985,-7.9296e-09,4.7216e-10,1,1721,0,2,0,-1.7695e-08,40,2.592e+05,1721,2.664e+05,1.0411e+09
4,13,1,2,2,0,0,9.2741e-05,1.1141e-11,0,81,19.625,4.8948e-09,0.56345,1.1921e-06,0.010413,1.0476e-05,5153.7,2.664e+05,-2.3283e-07,1.1639,9.6858e-08,0.93746,167.59,0.94963,-8.2521e-09,2.8965e-10,1,1721,0,2,0,-6.5193e-09,81,2.592e+05,1721,2.664e+05,1.0411e+09
5,13,1,2,2,0,0,-0.00037626,-2.16e-12,0,79,20.906,5.162e-09,-0.67217,1.194e-06,0.0031761,4.8745e-06,5153.8,2.664e+05,5.7742e-08,2.2121,-2.0489e-08,0.94925,275.16,0.31023,-8.4632e-09,1.2e-10,1,1721,0,2,0,-1.0245e-08,79,2.592e+05,1721,2.664e+05,1.0411e+09
8,13,1,2,2,0,0,3.7588e-06,2.2737e-13,0,78,77.531,3.7366e-09,1.59,4.2263e-06,0.012713,8.4452e-06,5153.6,2.664e+05,-4.0978e-08,-1.8687,2.1607e-07,0.99815,238.91,-2.887,-7.77e-09,6.5717e-11,1,1721,0,2.8,0,-4.191e-09,78,2.592e+05,1721,2.664e+05,1.0411e+09
9,13,1,2,2,0,0,0.00021077,2.6148e-12,0,118,77.063,3.8248e-09,1.9534,3.757e-06,0.017047,9.4529e-06,5152.8,2.664e+05,2.6077e-07,-1.981,-1.9372e-07,0.98438,203.34,1.6354,-7.5528e-09,1.4751e-10,1,1721,0,2.8,0,-5.5879e-09,118,2.592e+05,1721,2.664e+05,1.0411e+09
10,13,1,2,1,59,44,-6.456e-05,-1.4779e-12,0,53,18.094,5.3749e-09,-0.31908,1.1288e-06,0.012216,4.7553e-06,5153.7,2.6638e+05,6.7055e-08,2.2324,1.4529e-07,0.94411,279.97,0.78679,-8.7107e-09,7.3932e-11,1,1721,0,2,0,-2.794e-09,53,2.592e+05,1721,2.6638e+05,1.0411e+09
12,13,1,2,2,0,0,0.0001101,2.0464e-12,0,86,-2.375,4.3755e-09,1.9069,-1.5646e-07,0.0041321,3.0119e-06,5153.6,2.664e+05,-3.7253e-08,-0.89862,7.8231e-08,0.98238,331.81,0.13813,-8.2307e-09,-1.0715e-12,1,1721,0,2,0,-1.2107e-08,86,2.592e+05,1721,2.664e+05,1.0411e+09
15,13,1,2,1,59,44,-0.00010392,-1.1369e-12,0,5,-18.938,5.0163e-09,-1.9565,-1.2312e-06,0.0051791,9.0264e-06,5153.7,2.6638e+05,3.3528e-08,-3.0482,-1.0058e-07,0.94302,197.13,0.097722,-8.2653e-09,-3.7144e-10,1,1721,0,2,0,-1.0245e-08,5,2.592e+05,1721,2.6638e+05,1.0411e+09
24,13,1,2,2,0,0,1.3527e-06,-6.8212e-13,0,12,82.375,4.4666e-09,-2.8948,4.3064e-06,0.00043764,9.5554e-06,5153.7,2.664e+05,-1.8626e-08,-1.9829,3.7253e-09,0.95931,193.44,-0.14131,-8.0403e-09,1.9322e-10,1,1721,0,2,0,4.191e-09,12,2.592e+05,1721,2.664e+05,1.0411e+09
26,13,1,2,2,0,0,-0.00015354,1.3529e-11,0,82,-7.6875,4.0087e-09,-2.577,-6.0722e-07,0.020992,9.5479e-06,5153.7,2.664e+05,3.5949e-07,-2.9318,1.8626e-09,0.9811,200.03,1.2134,-7.4664e-09,-2.5322e-10,1,1721,0,2,0,-6.0536e-09,82,2.592e+05,1721,2.664e+05,1.0411e+09
29,13,1,2,2,0,0,0.00039363,3.979e-12,0,44,-100.25,4.3741e-09,1.5602,-5.2582e-06,0.0018191,8.7619e-06,5153.7,2.664e+05,1.0058e-07,0.16652,-3.7253e-09,0.96535,212.09,-1.1109,-8.0068e-09,-2.6287e-10,1,1721,0,2,0,-9.3132e-09,44,2.592e+05,1721,2.664e+05,1.0411e+09
25,13,1,2,1,59,44,6.0135e-05,2.3874e-12,0,15,1.9063,4.6473e-09,0.92991,1.2852e-07,0.0019515,3.0138e-06,5153.6,2.6638e+05,2.794e-08,-0.93523,1.3039e-08,0.9712,324.53,0.59967,-8.41e-09,4.0359e-11,1,1721,0,2,0,5.1223e-09,15,2.6355e+05,1721,2.6638e+05,1.0411e+09
21,13,1,2,2,0,0,-0.00027202,-2.3874e-12,0,74,1.875,5.0716e-09,1.2797,2.5891e-07,0.019596,1.1504e-05,5153.8,2.664e+05,-3.5577e-07,1.1685,9.4995e-08,0.93121,147.78,-2.1913,-8.5046e-09,2.2501e-10,1,1721,0,2,0,-1.1176e-08,74,2.6367e+05,1721,2.664e+05,1.0411e+09
2,13,1,2,4,0,0,0.00041341,1.3642e-12,0,41,17.844,4.8288e-09,-1.6599,8.4937e-07,0.011817,1.0144e-05,5153.6,2.736e+05,1.3039e-08,1.1473,-2.5332e-07,0.93843,173.75,-2.6982,-7.9557e-09,4.1823e-10,1,1721,0,2,0,-1.7695e-08,41,2.664e+05,1721,2.736e+05,1.0411e+09
5,13,1,2,4,0,0,-0.00037628,-2.16e-12,0,85,23.219,5.0784e-09,0.37795,1.2983e-06,0.0031768,4.8e-06,5153.8,2.736e+05,7.4506e-08,2.2121,5.0291e-08,0.94925,279.5,0.31021,-8.4171e-09,1.0072e-10,1,1721,0,2,0,-1.0245e-08,85,2.664e+05,1721,2.736e+05,1.0411e+09
9,13,1,2,4,0,0,0.00021078,2.6148e-12,0,119,76.094,3.8723e-09,3.0041,3.8818e-06,0.017048,9.058e-06,5152.8,2.736e+05,2.7567e-07,-1.9811,-1.6764e-08,0.98438,213.5,1.6355,-7.5096e-09,1.6501e-10,1,1721,0,2.8,0,-5.5879e-09,119,2.664e+05,1721,2.736e+05,1.0411e+09
12,13,1,2,4,0,0,0.00011012,2.0464e-12,0,87,-1.3125,4.3313e-09,2.9571,-1.2666e-07,0.0041322,3.0454e-06,5153.6,2.736e+05,-7.0781e-08,-0.89868,-4.4703e-08,0.98238,331.03,0.1381,-8.1293e-09,5.786e-11,1,1721,0,2,0,-1.2107e-08,87,2.664e+05,1721,2.736e+05,1.0411e+09
15,13,1,2,4,0,0,-0.00010392,-1.1369e-12,0,6,-15.438,4.9874e-09,-0.90427,-9.2201e-07,0.005179,8.3223e-06,5153.7,2.736e+05,6.333e-08,-3.0483,-4.4703e-08,0.94302,205.72,0.097972,-8.275e-09,-3.4573e-10,1,1721,0,2,0,-1.0245e-08,6,2.664e+05,1721,2.736e+05,1.0411e+09
21,13,1,2,4,0,0,-0.00027204,-2.3874e-12,0,75,10.719,4.9473e-09,2.33,3.39e-07,0.019597,1.1647e-05,5153.8,2.736e+05,0,1.1685,-3.7625e-07,0.93121,135.53,-2.1914,-7.9489e-09,3.7752e-10,1,1721,0,2,0,-1.1176e-08,75,2.664e+05,1721,2.736e+05,1.0411e+09
24,13,1,2,4,0,0,1.3481e-06,-6.8212e-13,0,13,75.031,4.453e-09,-1.8467,3.7849e-06,0.00043791,9.4119e-06,5153.7,2.736e+05,-1.8626e-08,-1.983,-5.5879e-09,0.95931,198.13,-0.13929,-8.0464e-09,1.9572e-10,1,1721,0,2,0,4.191e-09,13,2.664e+05,1721,2.736e+05,1.0411e+09
25,13,1,2,4,0,0,6.0153e-05,2.3874e-12,0,22,6.125,4.6573e-09,1.9829,3.0547e-07,0.0019514,2.8592e-06,5153.6,2.736e+05,-7.6368e-08,-0.93529,0,0.9712,328.53,0.59926,-8.3578e-09,1.1e-10,1,1721,0,2,0,5.1223e-09,22,2.664e+05,1721,2.736e+05,1.0411e+09
26,13,1,2,4,0,0,-0.00015344,1.3529e-11,0,83,-1.1875,4.0362e-09,-1.5268,1.7695e-07,0.020993,9.0674e-06,5153.7,2.736e+05,4.0606e-07,-2.9319,3.4273e-07,0.9811,210.47,1.2134,-7.6478e-09,-3.3001e-10,1,1721,0,2,0,-6.0536e-09,83,2.664e+05,1721,2.736e+05,1.0411e+09
29,13,1,2,4,0,0,0.00039366,3.979e-12,0,48,-95.781,4.3166e-09,2.61,-5.0366e-06,0.0018187,8.896e-06,5153.7,2.736e+05,2.4214e-08,0.16646,4.8429e-08,0.96535,208.75,-1.1105,-7.9518e-09,-3.1537e-10,1,1721,0,2,0,-9.3132e-09,48,2.664e+05,1721,2.736e+05,1.0411e+09
18,13,1,2,4,0,0,0.00023234,1.819e-12,0,54,25.313,5.721e-09,1.2234,1.2964e-06,0.013634,5.1111e-06,5153.7,2.736e+05,-2.3469e-07,2.2178,4.4703e-08,0.92789,264.22,-2.1317,-8.8932e-09,1.7501e-11,1,1721,0,2,0,-1.071e-08,54,2.6769e+05,1721,2.736e+05,1.0411e+09
9,13,1,2,3,59,44,0.00021079,2.6148e-12,0,8,76.094,3.8723e-09,3.0018,3.8818e-06,0.017048,9.058e-06,5152.8,2.7358e+05,2.7567e-07,-1.9811,-1.6764e-08,0.98438,213.5,1.6355,-7.5096e-09,1.6501e-10,1,1721,0,2,0,-5.5879e-09,8,2.682e+05,1721,2.7358e+05,1.0411e+09
14,13,1,2,4,0,0,0.00021906,4.5475e-13,0,46,-11.313,4.2552e-09,-0.46292,-5.4389e-07,0.0067369,9.5274e-06,5153.7,2.736e+05,-2.6077e-08,-2.9533,7.6368e-08,0.97635,207.5,-2.0171,-7.9832e-09,-3.9002e-10,1,1721,0,2,0,-8.8476e-09,46,2.7063e+05,1721,2.736e+05,1.0411e+09
22,13,1,2,4,0,0,0.00015478,9.0949e-13,0,41,24.281,5.736e-09,0.5493,1.2573e-06,0.0061461,5.0161e-06,5153.7,2.736e+05,-1.0617e-07,2.2207,5.5879e-09,0.92563,264.16,-2.0239,-8.8089e-09,7.1432e-11,1,1721,0,2,0,-1.7229e-08,41,2.7312e+05,1721,2.736e+05,1.0411e+09
5,13,1,2,6,0,0,-0.00037629,-2.16e-12,0,104,29.781,5.0381e-09,1.4277,1.6727e-06,0.0031776,5.2899e-06,5153.8,2.808e+05,-2.4214e-08,2.212,3.3528e-08,0.94925,272.03,0.31056,-8.375e-09,3.0716e-11,1,1721,0,2.8,0,-1.0245e-08,104,2.736e+05,1721,2.808e+05,1.0411e+09
9,13,1,2,5,59,44,0.0002108,2.6148e-12,0,9,69.281,3.8627e-09,-2.2307,3.6806e-06,0.017048,8.7563e-06,5152.8,2.8078e+05,2.3842e-07,-1.9811,1.6764e-07,0.98438,221.06,1.6354,-7.5221e-09,2.3358e-10,1,1721,0,2,0,-5.5879e-09,9,2.736e+05,1721,2.8078e+05,1.0411e+09
12,13,1,2,6,0,0,0.00011013,2.0464e-12,0,89,-2.9375,4.3891e-09,-2.2759,-1.3784e-07,0.0041326,3.1721e-06,5153.6,2.808e+05,-1.1176e-08,-0.89874,-1.2293e-07,0.98238,328.13,0.13811,-8.1796e-09,9.8218e-11,1,1721,0,2,0,-1.2107e-08,89,2.736e+05,1721,2.808e+05,1.0411e+09
15,13,1,2,6,0,0,-0.00010393,-1.1369e-12,0,32,-19.688,4.9223e-09,0.146,-1.0077e-06,0.0051806,7.8585e-06,5153.7,2.808e+05,5.0291e-08,-3.0483,1.4901e-08,0.94302,217.22,0.097881,-8.3239e-09,-3.643e-10,1,1721,0,2,0,-1.0245e-08,32,2.736e+05,1721,2.808e+05,1.0411e+09
18,13,1,2,6,0,0,0.00023236,1.819e-12,0,74,24.563,5.4863e-09,2.2735,1.1623e-06,0.013634,4.8149e-06,5153.7,2.808e+05,2.794e-08,2.2177,-3.1106e-07,0.92789,267.97,-2.1317,-8.4682e-09,1.3358e-10,1,1721,0,2,0,-1.071e-08,74,2.736e+05,1721,2.808e+05,1.0411e+09
21,13,1,2,6,0,0,-0.00027206,-2.3874e-12,0,83,22.969,4.8234e-09,-2.9031,9.2015e-07,0.019595,1.1239e-05,5153.8,2.808e+05,1.1362e-07,1.1684,-2.0675e-07,0.93122,142.5,-2.1914,-7.8393e-09,3.5894e-10,1,1721,0,2,0,-1.1176e-08,83,2.736e+05,1721,2.808e+05,1.0411e+09
22,13,1,2,6,0,0,0.00015478,9.0949e-13,0,42,27.313,5.7185e-09,1.5996,1.3988e-06,0.0061458,4.895e-06,5153.7,2.808e+05,-1.248e-07,2.2206,-1.0058e-07,0.92563,266.19,-2.024,-8.7525e-09,9.6075e-11,1,1721,0,2,0,-1.7229e-08,42,2.736e+05,1721,2.808e+05,1.0411e+09
24,13,1,2,6,0,0,1.3434e-06,-6.8212e-13,0,62,68.469,4.5055e-09,-0.79988,3.4701e-06,0.00043815,8.855e-06,5153.7,2.808e+05,1.1176e-08,-1.9831,-1.8626e-08,0.95931,209.63,-0.13592,-8.056e-09,1.7608e-10,1,1721,0,2,0,4.191e-09,62,2.736e+05,1721,2.808e+05,1.0411e+09
25,13,1,2,6,0,0,6.017e-05,2.3874e-12,0,25,5.5938,4.6184e-09,3.0333,2.7567e-07,0.001952,3.1721e-06,5153.6,2.808e+05,1.8626e-09,-0.93535,-4.8429e-08,0.9712,323.59,0.59907,-8.2793e-09,1.2179e-10,1,1721,0,2,0,5.1223e-09,25,2.736e+05,1721,2.808e+05,1.0411e+09
29,13,1,2,6,0,0,0.00039369,3.979e-12,0,49,-86.375,4.3502e-09,-2.6231,-4.5747e-06,0.0018202,8.6036e-06,5153.7,2.808e+05,-2.4214e-08,0.16641,5.0291e-08,0.96535,214.25,-1.1105,-7.9303e-09,-2.8323e-10,1,1721,0,2,0,-9.3132e-09,49,2.736e+05,1721,2.808e+05,1.0411e+09
31,13,1,2,6,0,0,0.00029549,2.0464e-12,0,130,77.625,3.9952e-09,-2.0494,4.1388e-06,0.008128,9.8497e-06,5153.8,2.808e+05,-1.5646e-07,-1.9531,1.2666e-07,0.98072,203.03,-0.82284,-7.7864e-09,2.3537e-10,1,1721,0,2,0,-1.3504e-08,130,2.748e+05,1721,2.808e+05,1.0411e+09
14,13,1,2,6,0,0,0.00021907,4.5475e-13,0,49,-11.063,4.1787e-09,0.58727,-7.3574e-07,0.0067368,9.2201e-06,5153.7,2.808e+05,-5.9605e-08,-2.9533,5.2154e-08,0.97634,209.22,-2.0172,-7.9718e-09,-4.1752e-10,1,1721,0,2,0,-8.8476e-09,49,2.7582e+05,1721,2.808e+05,1.0411e+09
30,13,1,2,6,0,0,-0.00026498,1.2733e-11,0,32,19.344,4.9916e-09,0.70907,1.0077e-06,0.010856,3.5651e-06,5153.6,2.808e+05,-1.3225e-07,-1.0283,-6.333e-08,0.96226,315.31,1.6124,-8.6661e-09,1.6251e-10,1,1721,0,5.7,0,-4.6566e-09,32,2.7771e+05,1721,2.808e+05,1.0411e+09
12,13,1,2,5,59,44,0.00011013,2.0464e-12,0,0,-2.9375,4.3888e-09,-2.2782,-1.3784e-07,0.0041326,3.1721e-06,5153.6,2.8078e+05,-1.1176e-08,-0.89874,-1.2293e-07,0.98238,328.13,0.13811,-8.1796e-09,9.8218e-11,1,1721,0,2,0,-1.2107e-08,0,2.7894e+05,1721,2.8078e+05,1.0411e+09
12,13,1,2,7,59,44,0.00011015,2.0464e-12,0,1,-2.0313,4.418e-09,-1.2278,-6.1467e-08,0.0041325,3.6657e-06,5153.6,2.8798e+05,5.0291e-08,-0.8988,-1.4901e-08,0.98238,321.97,0.13791,-8.1971e-09,1.9108e-10,1,1721,0,2,0,-1.2107e-08,1,2.808e+05,1721,2.8798e+05,1.0411e+09
14,13,1,2,8,0,0,0.00021907,4.5475e-13,0,70,-11.406,4.0659e-09,1.6374,-5.7556e-07,0.0067366,9.0189e-06,5153.7,2.88e+05,-1.6764e-07,-2.9534,-8.7544e-08,0.97634,211.41,-2.0171,-7.8543e-09,-3.243e-10,1,1721,0,2,0,-8.8476e-09,70,2.808e+05,1721,2.88e+05,1.0411e+09
15,13,1,2,8,0,0,-0.00010394,-1.1369e-12,0,33,-16.625,4.8952e-09,1.1961,-7.8976e-07,0.0051811,7.7151e-06,5153.7,2.88e+05,-1.3039e-08,-3.0484,5.4017e-08,0.94301,220.38,0.097905,-8.2768e-09,-4.0752e-10,1,1721,0,2,0,-1.0245e-08,33,2.808e+05,1721,2.88e+05,1.0411e+09
18,13,1,2,8,0,0,0.00023237,1.819e-12,0,75,30.438,5.4027e-09,-2.9596,1.5441e-06,0.013633,4.7125e-06,5153.7,2.88e+05,1.0617e-07,2.2176,-1.3039e-07,0.92789,269.84,-2.1317,-8.34e-09,9.5718e-11,1,1721,0,2,0,-1.071e-08,75,2.808e+05,1721,2.88e+05,1.0411e+09
21,13,1,2,8,0,0,-0.00027207,-2.3874e-12,0,84,26.094,4.9641e-09,-1.8531,1.1381e-06,0.019598,9.7826e-06,5153.8,2.88e+05,2.9802e-07,1.1683,-1.9372e-07,0.93122,170.84,-2.1912,-7.8971e-09,3.2001e-10,1,1721,0,2,0,-1.1176e-08,84,2.808e+05,1721,2.88e+05,1.0411e+09
22,13,1,2,8,0,0,0.00015479,9.0949e-13,0,75,28.656,5.5581e-09,2.6497,1.4491e-06,0.0061456,4.7404e-06,5153.7,2.88e+05,9.872e-08,2.2206,-4.2841e-08,0.92563,269.44,-2.0239,-8.5168e-09,8.036e-11,1,1721,0,2,0,-1.7229e-08,75,2.808e+05,1721,2.88e+05,1.0411e+09
25,13,1,2,8,0,0,6.0188e-05,2.3874e-12,0,26,6.5625,4.6352e-09,-2.1995,3.688e-07,0.0019517,3.4086e-06,5153.6,2.88e+05,5.5879e-08,-0.93541,-2.4214e-08,0.9712,319.91,0.59891,-8.3011e-09,1.6394e-10,1,1721,0,2,0,5.1223e-09,26,2.808e+05,1721,2.88e+05,1.0411e+09
29,13,1,2,8,0,0,0.00039372,3.979e-12,0,63,-84.313,4.392e-09,-1.5724,-4.4759e-06,0.0018198,8.1453e-06,5153.7,2.88e+05,-1.3039e-07,0.16635,7.4506e-09,0.96534,221.94,-1.111,-8.0285e-09,-2.7394e-10,1,1721,0,2,0,-9.3132e-09,63,2.808e+05,1721,2.88e+05,1.0411e+09
30,13,1,2,8,0,0,-0.00026489,1.2733e-11,0,33,18.688,4.8509e-09,1.7592,7.9907e-07,0.010856,3.1814e-06,5153.6,2.88e+05,1.6019e-07,-1.0283,-2.4959e-07,0.96226,319.03,1.6124,-8.3328e-09,2.2037e-10,1,1721,0,8,0,-4.6566e-09,33,2.808e+05,1721,2.88e+05,1.0411e+09
31,13,1,2,8,0,0,0.0002955,2.0464e-12,0,131,64.938,4.022e-09,-0.99948,3.1088e-06,0.0081273,9.4362e-06,5153.8,2.88e+05,-1.1548e-07,-1.9531,-5.0291e-08,0.98072,211.75,-0.82263,-7.9103e-09,3.0751e-10,1,1721,0,2,0,-1.3504e-08,131,2.808e+05,1721,2.88e+05,1.0411e+09
16,13,1,2,8,0,0,-0.00025143,-3.4106e-13,0,82,-2.1563,4.4213e-09,2.803,-3.3528e-08,0.0067723,3.3081e-06,5153.6,2.88e+05,-1.3225e-07,-0.88049,-2.0489e-08,0.98313,329.13,0.027182,-8.1186e-09,1.5072e-10,1,1721,0,2,0,-9.7789e-09,82,2.8404e+05,1721,2.88e+05,1.0411e+09
6,13,1,2,8,0,0,0.00040309,-1.3529e-11,0,145,-97.094,5.0966e-09,2.5012,-4.8727e-06,0.0075606,7.3835e-06,5153.7,2.88e+05,-1.8626e-08,0.058368,2.5705e-07,0.94022,224.59,-0.39866,-8.3439e-09,-2.8823e-10,1,1721,0,2,0,-5.1223e-09,145,2.8437e+05,1721,2.88e+05,1.0411e+09
30,13,1,2,7,59,44,-0.00026489,1.2392e-11,0,13,18.688,4.8509e-09,1.7569,7.9907e-07,0.010856,3.1814e-06,5153.6,2.8798e+05,1.6019e-07,-1.0283,-2.4959e-07,0.96226,319.03,1.6124,-8.3328e-09,2.2037e-10,1,1721,0,2,0,-4.6566e-09,13,2.8728e+05,1721,2.8798e+05,1.0411e+09
3,13,1,2,10,0,0,0.0001498,5.1159e-12,0,62,-96.063,5.3109e-09,1.6531,-5.2191e-06,0.015928,6.8117e-06,5153.7,2.952e+05,-2.3842e-07,-0.020009,-3.6508e-07,0.93349,237,1.2621,-8.4939e-09,-1.8965e-10,1,1721,0,2.8,0,-4.6566e-09,62,2.88e+05,1721,2.952e+05,1.0412e+09
6,13,1,2,10,0,0,0.000403,-1.3529e-11,0,146,-88.188,5.0538e-09,-2.7317,-4.4461e-06,0.0075618,7.5363e-06,5153.7,2.952e+05,-1.1735e-07,0.058308,8.3819e-08,0.94022,222.16,-0.3987,-8.2075e-09,-1.9858e-10,1,1721,0,2,0,-5.1223e-09,146,2.88e+05,1721,2.952e+05,1.0412e+09
14,13,1,2,10,0,0,0.00021907,4.5475e-13,0,73,-10.281,3.9402e-09,2.6875,-5.1782e-07,0.0067361,8.6371e-06,5153.7,2.952e+05,1.1176e-08,-2.9534,-7.4506e-08,0.97634,219.06,-2.017,-7.6907e-09,-3.2894e-10,1,1721,0,2,0,-8.8476e-09,73,2.88e+05,1721,2.952e+05,1.0412e+09
16,13,1,2,10,0,0,-0.00025143,-3.4106e-13,0,83,-4.1875,4.4002e-09,-2.43,-2.3097e-07,0.0067729,3.5986e-06,5153.6,2.952e+05,-8.5682e-08,-0.88055,-9.4995e-08,0.98313,325.75,0.027201,-8.1168e-09,1.7108e-10,1,1721,0,2,0,-9.7789e-09,83,2.88e+05,1721,2.952e+05,1.0412e+09
18,13,1,2,10,0,0,0.00023238,1.819e-12,0,76,30.344,5.4209e-09,-1.9094,1.5665e-06,0.013633,4.9248e-06,5153.8,2.952e+05,2.2352e-07,2.2176,-1.0617e-07,0.92789,266.53,-2.1317,-8.3775e-09,7.4646e-11,1,1721,0,2,0,-1.071e-08,76,2.88e+05,1721,2.952e+05,1.0412e+09
21,13,1,2,10,0,0,-0.00027209,-2.3874e-12,0,85,16.969,5.1845e-09,-0.80291,1.0021e-06,0.019599,9.656e-06,5153.8,2.952e+05,6.333e-08,1.1683,4.2282e-07,0.93122,178.59,-2.1913,-8.5264e-09,1.1393e-10,1,1721,0,2,0,-1.1176e-08,85,2.88e+05,1721,2.952e+05,1.0412e+09
22,13,1,2,10,0,0,0.00015479,9.0949e-13,0,77,33.344,5.5113e-09,-2.5833,1.6894e-06,0.0061446,5.0273e-06,5153.7,2.952e+05,3.1665e-08,2.2205,-2.6077e-08,0.92563,264.25,-2.0239,-8.4807e-09,3.5716e-11,1,1721,0,2.8,0,-1.7229e-08,77,2.88e+05,1721,2.952e+05,1.0412e+09
25,13,1,2,10,0,0,6.0205e-05,2.3874e-12,0,27,3.6563,4.6145e-09,-1.1489,2.1048e-07,0.0019515,3.6955e-06,5153.6,2.952e+05,1.6764e-08,-0.93547,1.3039e-08,0.9712,315.16,0.59856,-8.2878e-09,2.0072e-10,1,1721,0,2,0,5.1223e-09,27,2.88e+05,1721,2.952e+05,1.0412e+09
29,13,1,2,10,0,0,0.00039375,3.979e-12,0,87,-87.844,4.5366e-09,-0.52254,-4.4238e-06,0.0018192,7.987e-06,5153.7,2.952e+05,1.4901e-08,0.16629,-5.7742e-08,0.96534,228.03,-1.1107,-8.1228e-09,-1.7251e-10,1,1721,0,2,0,-9.3132e-09,87,2.88e+05,1721,2.952e+05,1.0412e+09
30,13,1,2,9,59,44,-0.0002648,1.2392e-11,0,36,21.5,4.7691e-09,2.8071,9.6112e-07,0.010855,3.1944e-06,5153.6,2.9518e+05,1.6764e-07,-1.0284,-5.0291e-08,0.96227,318.09,1.6124,-8.2043e-09,1.6429e-10,1,1721,0,2.8,0,-4.6566e-09,36,2.88e+05,1721,2.9518e+05,1.0412e+09
31,13,1,2,10,0,0,0.00029552,2.0464e-12,0,132,57,3.953e-09,0.050533,2.9095e-06,0.0081274,8.7656e-06,5153.8,2.952e+05,-1.1176e-08,-1.9532,-1.2852e-07,0.98072,218.31,-0.82254,-7.9478e-09,2.1072e-10,1,1721,0,2,0,-1.3504e-08,132,2.88e+05,1721,2.952e+05,1.0412e+09
32,13,1,2,10,0,0,-0.00052246,-3.5243e-12,0,76,19.531,5.1977e-09,0.67812,8.624e-07,0.011684,4.7181e-06,5153.8,2.952e+05,2.7381e-07,2.3008,-9.4995e-08,0.94989,280.28,-0.42186,-8.5343e-09,-4.1787e-11,1,1721,0,2,0,-3.2596e-09,76,2.8839e+05,1721,2.952e+05,1.0412e+09
19,13,1,2,10,0,0,-0.0003363,-3.2969e-12,0,72,-86.813,4.5802e-09,2.1597,-4.4126e-06,0.0087829,8.8383e-06,5153.7,2.952e+05,-2.2724e-07,0.20995,1.5274e-07,0.96202,211.22,0.27509,-8.0364e-09,-2.2358e-10,1,1721,0,2,0,-1.4435e-08,72,2.9199e+05,1721,2.952e+05,1.0412e+09
20,13,1,2,10,0,0,7.8558e-05,1.3642e-12,0,65,34.594,5.6317e-09,-1.3414,1.8012e-06,0.0054423,5.0142e-06,5153.6,2.952e+05,7.4506e-08,2.164,1.2852e-07,0.9285,265.5,1.281,-8.6925e-09,3.5359e-11,1,1721,0,2,0,-7.9162e-09,65,2.9418e+05,1721,2.952e+05,1.0412e+09
23,13,1,2,9,59,44,0.00012797,-3.7517e-12,0,1,-16.25,4.5588e-09,1.7423,-7.4878e-07,0.0081368,8.6837e-06,5153.8,2.9518e+05,-6.1467e-08,-3.0095,1.4342e-07,0.95788,211.69,-2.9168,-8.0925e-09,-5.0966e-10,1,1721,0,2,0,-2.0489e-08,1,2.9484e+05,1721,2.9518e+05,1.0412e+09
3,13,1,2,12,0,0,0.00014983,5.1159e-12,0,63,-93.25,5.1945e-09,2.7033,-4.923e-06,0.015928,6.2641e-06,5153.7,3.024e+05,9.6858e-08,-0.020069,-2.4773e-07,0.93349,241.84,1.2621,-8.2018e-09,-2.1465e-10,1,1721,0,2.8,0,-4.6566e-09,63,2.952e+05,1721,3.024e+05,1.0412e+09
6,13,1,2,12,0,0,0.0004029,-1.3529e-11,0,147,-85.188,5.0963e-09,-1.6815,-4.5486e-06,0.0075613,7.4729e-06,5153.7,3.024e+05,-1.1921e-07,0.058248,-1.844e-07,0.94022,226.09,-0.39876,-8.4314e-09,-9.4647e-11,1,1721,0,2,0,-5.1223e-09,147,2.952e+05,1721,3.024e+05,1.0412e+09
14,13,1,2,12,0,0,0.00021908,4.5475e-13,0,83,-15.156,4.0162e-09,-2.5456,-6.9104e-07,0.0067373,8.3931e-06,5153.7,3.024e+05,1.4901e-08,-2.9535,-9.6858e-08,0.97634,226.66,-2.017,-7.6925e-09,-3.3966e-10,1,1721,0,2,0,-8.8476e-09,83,2.952e+05,1721,3.024e+05,1.0412e+09
16,13,1,2,12,0,0,-0.00025144,-3.4106e-13,0,85,-0.5625,4.2938e-09,-1.3795,-2.4959e-07,0.0067726,3.7309e-06,5153.6,3.024e+05,2.6077e-08,-0.88061,-7.2643e-08,0.98314,316.97,0.027015,-8.1607e-09,2.4965e-10,1,1721,0,2,0,-9.7789e-09,85,2.952e+05,1721,3.024e+05,1.0412e+09
19,13,1,2,12,0,0,-0.00033632,-3.2969e-12,0,74,-85.125,4.5077e-09,-3.0733,-4.4014e-06,0.0087826,8.652e-06,5153.7,3.024e+05,-1.6764e-07,0.20989,-5.4017e-08,0.96202,213.97,0.27508,-7.8943e-09,-1.6751e-10,1,1721,0,2,0,-1.4435e-08,74,2.952e+05,1721,3.024e+05,1.0412e+09
20,13,1,2,12,0,0,7.8567e-05,1.3642e-12,0,76,36.781,5.6606e-09,-0.29109,1.9185e-06,0.0054425,4.9509e-06,5153.6,3.024e+05,-1.8626e-08,2.1639,9.3132e-08,0.9285,266.41,1.281,-8.7532e-09,3.7502e-11,1,1721,0,2,0,-7.9162e-09,76,2.952e+05,1721,3.024e+05,1.0412e+09
21,13,1,2,11,59,44,-0.0002721,-2.2737e-12,0,8,7,5.3388e-09,0.24486,6.4261e-07,0.019597,9.9912e-06,5153.8,3.0238e+05,-1.5646e-07,1.1682,2.3842e-07,0.93122,173.44,-2.1913,-8.6568e-09,1.125e-10,1,1721,0,2,0,-1.1176e-08,8,2.952e+05,1721,3.0238e+05,1.0412e+09
22,13,1,2,12,0,0,0.0001548,9.0949e-13,0,78,32,5.5677e-09,-1.533,1.6037e-06,0.0061443,5.1837e-06,5153.7,3.024e+05,1.4901e-07,2.2204,7.6368e-08,0.92563,261.28,-2.024,-8.5821e-09,-5.0359e-11,1,1721,0,2.8,0,-1.7229e-08,78,2.952e+05,1721,3.024e+05,1.0412e+09
23,13,1,2,11,59,44,0.00012794,-3.7517e-12,0,21,-16.969,4.512e-09,2.7924,-9.5367e-07,0.0081365,8.4937e-06,5153.8,3.0238e+05,-1.2666e-07,-3.0095,-2.794e-08,0.95788,214.41,-2.9168,-7.9493e-09,-4.2037e-10,1,1721,0,2,0,-2.0489e-08,21,2.952e+05,1721,3.0238e+05,1.0412e+09
30,13,1,2,12,0,0,-0.00026471,1.2392e-11,0,37,16.625,4.6188e-09,-2.4235,9.127e-07,0.010854,3.5036e-06,5153.6,3.024e+05,8.7544e-08,-1.0285,1.0617e-07,0.96227,306.53,1.6124,-8.1768e-09,2.968e-10,1,1721,0,5.7,0,-4.6566e-09,37,2.952e+05,1721,3.024e+05,1.0412e+09
31,13,1,2,12,0,0,0.00029553,2.0464e-12,0,133,48.563,3.8448e-09,1.1006,2.5611e-06,0.0081283,8.7041e-06,5153.8,3.024e+05,1.6578e-07,-1.9532,-1.3597e-07,0.98072,219.5,-0.82254,-7.8075e-09,2.1322e-10,1,1721,0,2,0,-1.3504e-08,133,2.952e+05,1721,3.024e+05,1.0412e+09
32,13,1,2,12,0,0,-0.00052249,-3.5243e-12,0,79,33.594,5.0452e-09,1.7281,1.7732e-06,0.011685,4.8317e-06,5153.8,3.024e+05,8.1956e-08,2.3008,1.7136e-07,0.94989,277.72,-0.4217,-8.2939e-09,-2.1715e-10,1,1721,0,2,0,-3.2596e-09,79,2.952e+05,1721,3.024e+05,1.0412e+09
11,13,1,2,12,0,0,-0.00033945,-3.7517e-12,0,64,-22.188,6.1981e-09,1.3498,-1.1865e-06,0.013807,1.0932e-05,5153.7,3.024e+05,-3.2969e-07,0.87928,-5.2154e-08,0.88851,134.28,1.1356,-8.8679e-09,6.7503e-11,1,1721,0,2,0,-1.1642e-08,64,2.9559e+05,1721,3.024e+05,1.0412e+09
1,13,1,2,12,0,0,0.00029097,2.2737e-12,0,2,16.625,4.5552e-09,1.5514,9.1642e-07,0.0015292,1.0515e-05,5153.7,3.024e+05,-1.6764e-08,1.1655,5.0291e-08,0.9599,175.81,0.49839,-7.9471e-09,2.0894e-10,1,1721,0,2,0,8.3819e-09,2,2.9985e+05,1721,3.024e+05,1.0412e+09
13,13,1,2,12,0,0,0.00015557,-2.8422e-12,0,61,-6.9688,3.9162e-09,-2.7054,-3.6694e-07,0.0048702,9.1046e-06,5153.6,3.024e+05,2.794e-08,-2.9253,7.4506e-08,0.9836,215.84,2.0684,-7.6571e-09,-4.1787e-10,1,1721,0,2,0,-1.1176e-08,61,2.9988e+05,1721,3.024e+05,1.0412e+09
16,13,1,2,11,59,44,-0.00025144,-3.4106e-13,0,1,-0.5625,4.2938e-09,-1.3819,-2.4959e-07,0.0067726,3.7309e-06,5153.6,3.0238e+05,2.6077e-08,-0.88061,-7.2643e-08,0.98314,316.97,0.027015,-8.1607e-09,2.493e-10,1,1721,0,2,0,-9.7789e-09,1,3.0162e+05,1721,3.0238e+05,1.0412e+09
1,13,1,2,14,0,0,0.00029099,2.2737e-12,0,25,10.875,4.5005e-09,2.6011,5.9418e-07,0.0015288,1.0395e-05,5153.7,3.096e+05,-3.539e-08,1.1655,-2.0489e-08,0.95991,178.56,0.49888,-7.8885e-09,2.4251e-10,1,1721,0,2,0,8.3819e-09,25,3.024e+05,1721,3.096e+05,1.0412e+09
3,13,1,2,14,0,0,0.00014987,5.1159e-12,0,81,-92.344,5.1934e-09,-2.5297,-4.9006e-06,0.015928,5.8915e-06,5153.7,3.096e+05,2.4401e-07,-0.020129,-2.4214e-08,0.93349,245.66,1.2621,-8.2496e-09,-2.0001e-11,1,1721,0,2.8,0,-4.6566e-09,81,3.024e+05,1721,3.096e+05,1.0412e+09
6,13,1,2,14,0,0,0.0004028,-1.3529e-11,0,148,-85.969,5.1613e-09,-0.63155,-4.6138e-06,0.0075607,6.7819e-06,5153.7,3.096e+05,3.9116e-08,0.058187,-1.993e-07,0.94022,238.5,-0.39854,-8.4775e-09,-1.0465e-10,1,1721,0,2,0,-5.1223e-09,148,3.024e+05,1721,3.096e+05,1.0412e+09
11,13,1,2,14,0,0,-0.00033948,-3.7517e-12,0,65,-28.125,6.0017e-09,2.3999,-1.5832e-06,0.013807,1.0395e-05,5153.7,3.096e+05,5.5879e-08,0.87922,-2.2724e-07,0.88851,138.03,1.1357,-8.45e-09,1.1608e-10,1,1721,0,2,0,-1.1642e-08,65,3.024e+05,1721,3.096e+05,1.0412e+09
13,13,1,2,14,0,0,0.00015555,-2.8422e-12,0,83,-8.0625,3.9445e-09,-1.6549,-4.4331e-07,0.0048694,8.6222e-06,5153.6,3.096e+05,-1.248e-07,-2.9253,7.8231e-08,0.9836,226.13,2.0681,-7.8e-09,-4.2002e-10,1,1721,0,2,0,-1.1176e-08,83,3.024e+05,1721,3.096e+05,1.0412e+09
16,13,1,2,13,59,44,-0.00025144,-3.4106e-13,0,13,-0.53125,4.2423e-09,-0.3316,5.2154e-08,0.0067724,3.8408e-06,5153.6,3.0958e+05,7.4506e-08,-0.88067,-1.6764e-08,0.98314,313.38,0.026986,-8.2089e-09,2.1037e-10,1,1721,0,2,0,-9.7789e-09,13,3.024e+05,1721,3.0958e+05,1.0412e+09
19,13,1,2,14,0,0,-0.00033635,-3.2969e-12,0,82,-87.375,4.5445e-09,-2.0231,-4.7479e-06,0.0087828,8.3987e-06,5153.7,3.096e+05,2.6077e-08,0.20983,-1.7881e-07,0.96202,218.09,0.27513,-8.0385e-09,-2.9644e-11,1,1721,0,2,0,-1.4435e-08,82,3.024e+05,1721,3.096e+05,1.0412e+09
20,13,1,2,14,0,0,7.8577e-05,1.3642e-12,0,81,37.875,5.6031e-09,0.7591,1.9539e-06,0.0054441,5.5376e-06,5153.6,3.096e+05,-8.1956e-08,2.1639,5.7742e-08,0.9285,255.13,1.2811,-8.7346e-09,5.0002e-12,1,1721,0,2,0,-7.9162e-09,81,3.024e+05,1721,3.096e+05,1.0412e+09
22,13,1,2,14,0,0,0.00015481,9.0949e-13,0,79,33.188,5.7749e-09,-0.48292,1.7118e-06,0.0061442,5.2415e-06,5153.7,3.096e+05,-1.0617e-07,2.2204,2.0489e-08,0.92563,257.91,-2.0239,-8.8547e-09,-3.2859e-11,1,1721,0,2.8,0,-1.7229e-08,79,3.024e+05,1721,3.096e+05,1.0412e+09
23,13,1,2,14,0,0,0.00012791,-3.7517e-12,0,22,-13.844,4.5152e-09,-2.4383,-8.4378e-07,0.0081355,8.1398e-06,5153.8,3.096e+05,-8.9407e-08,-3.0096,-1.397e-07,0.95788,221.44,-2.9168,-8.0214e-09,-3.7609e-10,1,1721,0,2,0,-2.0489e-08,22,3.024e+05,1721,3.096e+05,1.0412e+09
30,13,1,2,14,0,0,-0.00026462,1.2392e-11,0,99,19.438,4.6759e-09,-1.3734,1.3188e-06,0.010854,4.2636e-06,5153.6,3.096e+05,-1.3225e-07,-1.0285,2.2911e-07,0.96227,298.16,1.6125,-8.3989e-09,2.6537e-10,1,1721,0,8,0,-4.6566e-09,99,3.024e+05,1721,3.096e+05,1.0412e+09
31,13,1,2,14,0,0,0.00029555,2.0464e-12,0,139,50.656,3.7773e-09,2.1507,2.8126e-06,0.0081277,9.1083e-06,5153.8,3.096e+05,5.5879e-08,-1.9533,5.7742e-08,0.98073,211.75,-0.8225,-7.645e-09,9.8933e-11,1,1721,0,2,0,-1.3504e-08,139,3.024e+05,1721,3.096e+05,1.0412e+09
32,13,1,2,14,0,0,-0.00052251,-3.5243e-12,0,80,32.094,4.9884e-09,2.7781,1.6484e-06,0.011684,5.4128e-06,5153.8,3.096e+05,-1.3597e-07,2.3007,2.2724e-07,0.94989,268.25,-0.4216,-8.2139e-09,-7.1789e-11,1,1721,0,2.8,0,-3.2596e-09,80,3.024e+05,1721,3.096e+05,1.0412e+09
32,13,1,2,13,59,44,-0.00052251,-3.5243e-12,0,3,32.094,4.9881e-09,2.7758,1.6484e-06,0.011684,5.411e-06,5153.8,3.0958e+05,-1.3597e-07,2.3007,2.2724e-07,0.94989,268.25,-0.4216,-8.2139e-09,-7.1789e-11,1,1721,0,2,0,-3.2596e-09,3,3.0459e+05,1721,3.0958e+05,1.0412e+09
7,13,1,2,14,0,0,0.00016426,4.4338e-12,0,25,56.75,3.9827e-09,2.1991,2.9635e-06,0.0060504,9.1642e-06,5153.7,3.096e+05,-1.1362e-07,-1.9572,4.4703e-08,0.9757,211.38,-2.9219,-7.8221e-09,1.2643e-10,1,1721,0,2,0,-1.1176e-08,25,3.0576e+05,1721,3.096e+05,1.0412e+09
1,13,1,2,16,0,0,0.00029101,2.2737e-12,0,26,0.6875,4.5388e-09,-2.6319,-5.5879e-09,0.0015305,1.0794e-05,5153.7,3.168e+05,-7.4506e-09,1.1654,-5.4017e-08,0.95991,171.91,0.49888,-7.9103e-09,2.6001e-10,1,1721,0,2,0,8.3819e-09,26,3.096e+05,1721,3.168e+05,1.0412e+09
3,13,1,2,16,0,0,0.00014991,5.1159e-12,0,85,-80.969,5.2834e-09,-1.4796,-3.9246e-06,0.015929,5.9064e-06,5153.7,3.168e+05,3.0361e-07,-0.020188,3.0361e-07,0.93349,246.25,1.2622,-8.485e-09,-1.4322e-10,1,1721,0,4,0,-4.6566e-09,85,3.096e+05,1721,3.168e+05,1.0412e+09
6,13,1,2,16,0,0,0.00040271,-1.3529e-11,0,149,-91.156,5.1784e-09,0.41863,-4.8373e-06,0.0075616,6.564e-06,5153.7,3.168e+05,1.1921e-07,0.058126,-7.4506e-08,0.94022,243.19,-0.39855,-8.5757e-09,-1.7179e-10,1,1721,0,2,0,-5.1223e-09,149,3.096e+05,1721,3.168e+05,1.0412e+09
7,13,1,2,16,0,0,0.00016429,4.4338e-12,0,49,50.469,3.9177e-09,-3.034,2.6245e-06,0.0060502,9.1624e-06,5153.7,3.168e+05,-5.2154e-08,-1.9572,-3.539e-08,0.97571,211.88,-2.9219,-7.735e-09,1.4822e-10,1,1721,0,2,0,-1.1176e-08,49,3.096e+05,1721,3.168e+05,1.0412e+09
11,13,1,2,16,0,0,-0.00033951,-3.7517e-12,0,96,-33,6.0256e-09,-2.8331,-1.8496e-06,0.013807,1.0461e-05,5153.7,3.168e+05,1.9558e-07,0.87916,-1.4342e-07,0.88851,135.5,1.1356,-8.4761e-09,1.9179e-10,1,1721,0,2,0,-1.1642e-08,96,3.096e+05,1721,3.168e+05,1.0412e+09
13,13,1,2,16,0,0,0.00015553,-2.8422e-12,0,84,-12.625,3.9762e-09,-0.60478,-7.5065e-07,0.0048689,8.3949e-06,5153.6,3.168e+05,-1.1362e-07,-2.9254,-2.6077e-08,0.9836,230.5,2.0683,-7.8478e-09,-4.0252e-10,1,1721,0,2,0,-1.1176e-08,84,3.096e+05,1721,3.168e+05,1.0412e+09
16,13,1,2,16,0,0,-0.00025144,-3.4106e-13,0,18,2.625,4.2002e-09,0.72095,1.993e-07,0.0067725,3.9656e-06,5153.6,3.168e+05,7.0781e-08,-0.88073,5.7742e-08,0.98314,312.47,0.02702,-8.1711e-09,1.8858e-10,1,1721,0,2,0,-9.7789e-09,18,3.096e+05,1721,3.168e+05,1.0412e+09
19,13,1,2,16,0,0,-0.00033637,-3.2969e-12,0,84,-86.406,4.5648e-09,-0.97303,-4.5579e-06,0.008783,7.8902e-06,5153.7,3.168e+05,2.1793e-07,0.20977,-1.3784e-07,0.96202,225,0.27523,-8.1203e-09,-1.2251e-10,1,1721,0,2,0,-1.4435e-08,84,3.096e+05,1721,3.168e+05,1.0412e+09
20,13,1,2,16,0,0,7.8586e-05,1.3642e-12,0,82,41.156,5.5695e-09,1.8095,1.9781e-06,0.0054441,5.696e-06,5153.6,3.168e+05,-8.1956e-08,2.1638,-1.2666e-07,0.9285,250.38,1.2809,-8.5746e-09,8.1075e-11,1,1721,0,2,0,-7.9162e-09,82,3.096e+05,1721,3.168e+05,1.0412e+09
23,13,1,2,16,0,0,0.00012788,-3.7517e-12,0,23,-16.594,4.5673e-09,-1.3883,-1.0114e-06,0.008136,7.5456e-06,5153.8,3.168e+05,2.4214e-08,-3.0096,-1.8999e-07,0.95788,232.13,-2.9167,-8.0557e-09,-3.8252e-10,1,1721,0,2,0,-2.0489e-08,23,3.096e+05,1721,3.168e+05,1.0412e+09
30,13,1,2,16,0,0,-0.00026453,1.2392e-11,0,100,21.313,4.6909e-09,-0.32314,1.1455e-06,0.010854,4.4424e-06,5153.6,3.168e+05,-1.4529e-07,-1.0286,9.3132e-09,0.96227,295.78,1.6125,-8.5554e-09,3.3894e-10,1,1721,0,8,0,-4.6566e-09,100,3.096e+05,1721,3.168e+05,1.0412e+09
32,13,1,2,15,59,44,-0.00052253,-3.5243e-12,0,4,35.469,5.0327e-09,-2.4573,1.8124e-06,0.011685,5.7258e-06,5153.8,3.1678e+05,-2.9802e-07,2.3006,1.1176e-07,0.94989,262.88,-0.42159,-8.2586e-09,-3.4644e-11,1,1721,0,2,0,-3.2596e-09,4,3.096e+05,1721,3.1678e+05,1.0412e+09
8,13,1,2,16,0,0,3.7709e-06,2.2737e-13,0,38,52.563,3.4305e-09,2.6581,2.6412e-06,0.012712,8.9873e-06,5153.6,3.168e+05,-1.9744e-07,-1.8691,-7.8231e-08,0.99816,226.97,-2.8868,-7.4675e-09,1.6572e-10,1,1721,0,2,0,-4.191e-09,38,3.1044e+05,1721,3.168e+05,1.0412e+09
3,13,1,2,15,59,44,0.0001499,5.1159e-12,0,39,-80.969,5.2834e-09,-1.482,-3.9246e-06,0.015929,5.9064e-06,5153.7,3.1678e+05,3.0361e-07,-0.020188,3.0361e-07,0.93349,246.25,1.2622,-8.485e-09,-1.4358e-10,1,1721,0,2,0,-4.6566e-09,39,3.117e+05,1721,3.1678e+05,1.0412e+09
28,13,1,2,16,0,0,0.00021976,3.5243e-12,0,80,3.5938,4.3305e-09,0.49341,1.9558e-07,0.018597,4.3716e-06,5153.6,3.168e+05,-2.6822e-07,-0.87429,1.8626e-09,0.98155,308.97,-1.7983,-8.4661e-09,7.5003e-11,1,1721,0,2.8,0,-1.071e-08,80,3.1485e+05,1721,3.168e+05,1.0412e+09
4,13,1,2,16,0,0,9.3295e-05,1.1141e-11,0,9,5.375,5.0774e-09,1.6312,2.7195e-07,0.010412,1.0872e-05,5153.7,3.168e+05,-2.645e-07,1.1635,-6.7055e-08,0.93747,162.28,0.94978,-8.2407e-09,2.1465e-10,1,1721,0,2,0,-6.5193e-09,9,3.1512e+05,1721,3.168e+05,1.0412e+09
8,13,1,2,15,59,44,3.7812e-06,2.2737e-13,0,5,52.563,3.4305e-09,2.6558,2.6412e-06,0.012712,8.9873e-06,5153.6,3.1678e+05,-1.9744e-07,-1.8691,-7.8231e-08,0.99816,226.97,-2.8868,-7.4675e-09,1.6572e-10,1,1721,0,2,0,-4.191e-09,5,3.159e+05,1721,3.1678e+05,1.0412e+09
1,13,1,2,18,0,0,0.00029102,2.2737e-12,0,27,-1.1563,4.4652e-09,-1.5805,-9.872e-08,0.0015296,1.1528e-05,5153.7,3.24e+05,2.4214e-08,1.1654,-3.1665e-08,0.95991,156.28,0.4976,-7.9196e-09,2.8108e-10,1,1721,0,2,0,8.3819e-09,27,3.168e+05,1721,3.24e+05,1.0412e+09
3,13,1,2,17,59,44,0.00014993,5.1159e-12,0,64,-81.156,5.3842e-09,-0.43179,-4.163e-06,0.015929,6.3851e-06,5153.7,3.2398e+05,-1.099e-07,-0.020251,2.1234e-07,0.93349,245.84,1.2622,-8.8661e-09,-1.125e-10,1,1721,0,2,0,-4.6566e-09,64,3.168e+05,1721,3.2398e+05,1.0412e+09
4,13,1,2,18,0,0,9.3374e-05,1.1141e-11,0,41,0.15625,4.9856e-09,2.6813,-5.5879e-08,0.010412,1.0641e-05,5153.7,3.24e+05,1.8626e-09,1.1635,-1.5646e-07,0.93747,161.94,0.9498,-7.9832e-09,2.3715e-10,1,1721,0,2,0,-6.5193e-09,41,3.168e+05,1721,3.24e+05,1.0412e+09
7,13,1,2,18,0,0,0.00016432,4.4338e-12,0,50,43.406,3.9284e-09,-1.9839,2.1774e-06,0.0060511,9.3896e-06,5153.7,3.24e+05,-4.4703e-08,-1.9573,-5.4017e-08,0.97571,207.41,-2.9218,-7.7464e-09,1.5465e-10,1,1721,0,2,0,-1.1176e-08,50,3.168e+05,1721,3.24e+05,1.0412e+09
8,13,1,2,17,59,44,3.7826e-06,2.2737e-13,0,6,45.469,3.4641e-09,-2.5772,2.2408e-06,0.012713,9.2965e-06,5153.6,3.2398e+05,-1.1362e-07,-1.8692,-1.6391e-07,0.99816,220.72,-2.8868,-7.4678e-09,1.9501e-10,1,1721,0,2,0,-4.191e-09,6,3.168e+05,1721,3.2398e+05,1.0412e+09
11,13,1,2,18,0,0,-0.00033954,-3.7517e-12,0,111,-32.188,5.9974e-09,-1.7829,-1.6429e-06,0.013807,1.0589e-05,5153.7,3.24e+05,2.9802e-07,0.8791,-1.8626e-08,0.88852,130.41,1.1356,-8.5314e-09,1.8036e-10,1,1721,0,2,0,-1.1642e-08,111,3.168e+05,1721,3.24e+05,1.0412e+09
13,13,1,2,18,0,0,0.00015551,-2.8422e-12,0,93,-17.406,4.0045e-09,0.44541,-1.0375e-06,0.0048693,8.3633e-06,5153.6,3.24e+05,1.6764e-08,-2.9254,-8.9407e-08,0.98359,231.63,2.0683,-7.8993e-09,-5.1002e-10,1,1721,0,2,0,-1.1176e-08,93,3.168e+05,1721,3.24e+05,1.0412e+09
16,13,1,2,18,0,0,-0.00025144,-3.4106e-13,0,19,5.5,4.2237e-09,1.7712,3.8929e-07,0.0067727,4.001e-06,5153.6,3.24e+05,-7.4506e-09,-0.88079,4.6566e-08,0.98314,314.81,0.027,-8.1414e-09,1.4072e-10,1,1721,0,2,0,-9.7789e-09,19,3.168e+05,1721,3.24e+05,1.0412e+09
19,13,1,2,18,0,0,-0.00033639,-3.2969e-12,0,89,-88.688,4.5891e-09,0.077189,-4.5709e-06,0.0087832,7.9833e-06,5153.7,3.24e+05,1.6019e-07,0.20971,5.0291e-08,0.96202,226.25,0.27521,-8.2586e-09,-1.7429e-10,1,1721,0,2,0,-1.4435e-08,89,3.168e+05,1721,3.24e+05,1.0412e+09
20,13,1,2,18,0,0,7.8596e-05,1.3642e-12,0,83,43.281,5.6081e-09,2.8598,2.2054e-06,0.0054439,5.696e-06,5153.6,3.24e+05,2.794e-08,2.1637,-1.695e-07,0.9285,248.78,1.2809,-8.5836e-09,1.15e-10,1,1721,0,2,0,-7.9162e-09,83,3.168e+05,1721,3.24e+05,1.0412e+09
23,13,1,2,18,0,0,0.00012786,-3.7517e-12,0,26,-19,4.687e-09,-0.33819,-1.1213e-06,0.0081362,7.4748e-06,5153.8,3.24e+05,1.5274e-07,-3.0097,6.5193e-08,0.95787,233,-2.9167,-8.2836e-09,-5.3002e-10,1,1721,0,2,0,-2.0489e-08,26,3.168e+05,1721,3.24e+05,1.0412e+09
28,13,1,2,18,0,0,0.00021979,3.5243e-12,0,81,2.0313,4.243e-09,1.5436,-1.8626e-07,0.018597,4.407e-06,5153.6,3.24e+05,-2.6263e-07,-0.87435,-4.0606e-07,0.98156,306.75,-1.7983,-8.1821e-09,2.1572e-10,1,1721,0,2.8,0,-1.071e-08,81,3.168e+05,1721,3.24e+05,1.0412e+09
32,13,1,2,18,0,0,-0.00052256,-3.5243e-12,0,14,29,5.2445e-09,-1.4049,1.4883e-06,0.011685,5.6904e-06,5153.8,3.24e+05,-4.4703e-08,2.3006,-2.4028e-07,0.94989,264.5,-0.42151,-8.5721e-09,2.0144e-10,1,1721,0,2,0,-3.2596e-09,14,3.168e+05,1721,3.24e+05,1.0412e+09
10,13,1,2,18,0,0,-6.4643e-05,-1.4779e-12,0,109,37.063,5.3292e-09,1.801,1.8608e-06,0.012221,5.886e-06,5153.7,3.24e+05,-3.5577e-07,2.2319,-1.1176e-08,0.94411,260.16,0.787,-8.4957e-09,7.0003e-11,1,1721,0,2,0,-2.794e-09,109,3.1893e+05,1721,3.24e+05,1.0412e+09
17,13,1,2,18,0,0,6.3519e-05,-3.5243e-12,0,77,-80.656,4.5288e-09,0.79905,-4.2878e-06,0.0079568,7.5232e-06,5153.8,3.24e+05,-1.0431e-07,0.15737,2.9802e-08,0.96474,237.19,-2.2658,-8.1907e-09,-1.9572e-10,1,1721,0,2,0,-1.071e-08,77,3.2094e+05,1721,3.24e+05,1.0412e+09
1,13,1,2,20,0,0,0.00029104,2.2737e-12,0,38,2.6875,4.4838e-09,-0.5307,1.6578e-07,0.0015291,1.1789e-05,5153.7,3.312e+05,3.539e-08,1.1653,1.8626e-09,0.95991,151.66,0.49797,-7.9464e-09,2.6537e-10,1,1721,0,2,0,8.3819e-09,38,3.24e+05,1721,3.312e+05,1.0412e+09
4,13,1,2,20,0,0,9.3454e-05,1.1141e-11,0,86,1.1563,4.9388e-09,-2.5517,-2.0303e-07,0.010412,1.082e-05,5153.7,3.312e+05,1.4715e-07,1.1634,-1.0245e-07,0.93747,155.13,0.94976,-8.036e-09,3.3609e-10,1,1721,0,2,0,-6.5193e-09,86,3.24e+05,1721,3.312e+05,1.0412e+09
7,13,1,2,20,0,0,0.00016435,4.4338e-12,0,59,39.813,3.9223e-09,-0.93347,1.9744e-06,0.006051,9.9801e-06,5153.7,3.312e+05,1.3784e-07,-1.9573,-1.1176e-07,0.97571,195.66,-2.9221,-7.8196e-09,1.7144e-11,1,1721,0,2,0,-1.1176e-08,59,3.24e+05,1721,3.312e+05,1.0412e+09
8,13,1,2,20,0,0,3.784e-06,2.2737e-13,0,42,44.906,3.4437e-09,-1.5246,2.1756e-06,0.012713,9.6001e-06,5153.6,3.312e+05,2.4214e-08,-1.8692,-2.0675e-07,0.99816,213.25,-2.8869,-7.5157e-09,2.3215e-10,1,1721,0,2,0,-4.191e-09,42,3.24e+05,1721,3.312e+05,1.0412e+09
10,13,1,2,20,0,0,-6.4654e-05,-1.4779e-12,0,110,39.531,5.2309e-09,2.8512,1.9111e-06,0.012222,5.9772e-06,5153.7,3.312e+05,-9.127e-08,2.2319,-1.8813e-07,0.94411,255.31,0.78695,-8.2293e-09,1.125e-10,1,1721,0,2.8,0,-2.794e-09,110,3.24e+05,1721,3.312e+05,1.0412e+09
13,13,1,2,20,0,0,0.00015549,-2.8422e-12,0,96,-18.969,4.0584e-09,1.4958,-1.1399e-06,0.0048692,8.2944e-06,5153.6,3.312e+05,8.7544e-08,-2.9255,-6.1467e-08,0.98359,227.31,2.0682,-7.8396e-09,-5.1609e-10,1,1721,0,2.8,0,-1.1176e-08,96,3.24e+05,1721,3.312e+05,1.0412e+09
17,13,1,2,20,0,0,6.3493e-05,-3.5243e-12,0,78,-89.094,4.4095e-09,1.849,-4.5691e-06,0.007957,7.5363e-06,5153.8,3.312e+05,-1.5274e-07,0.15731,-9.3132e-08,0.96474,235.56,-2.2657,-8.1146e-09,-1.4965e-10,1,1721,0,2.8,0,-1.071e-08,78,3.24e+05,1721,3.312e+05,1.0412e+09
19,13,1,2,20,0,0,-0.00033642,-3.2969e-12,0,90,-84.656,4.5023e-09,1.1273,-4.353e-06,0.0087836,8.1416e-06,5153.7,3.312e+05,-1.1176e-08,0.20965,1.4342e-07,0.96202,223.22,0.27526,-8.1346e-09,-2.9608e-10,1,1721,0,2,0,-1.4435e-08,90,3.24e+05,1721,3.312e+05,1.0412e+09
20,13,1,2,20,0,0,7.8606e-05,1.3642e-12,0,84,45.594,5.7035e-09,-2.3733,2.3656e-06,0.0054449,5.4743e-06,5153.6,3.312e+05,1.0617e-07,2.1637,-3.7253e-09,0.9285,256.91,1.281,-8.6071e-09,2.5644e-10,1,1721,0,2,0,-7.9162e-09,84,3.24e+05,1721,3.312e+05,1.0412e+09
23,13,1,2,20,0,0,0.00012783,-3.7517e-12,0,88,-20.063,4.7634e-09,0.71194,-9.7416e-07,0.0081358,7.4785e-06,5153.8,3.312e+05,6.333e-08,-3.0098,1.0803e-07,0.95787,230.03,-2.9167,-8.2889e-09,-5.5359e-10,1,1721,0,2,0,-2.0489e-08,88,3.24e+05,1721,3.312e+05,1.0412e+09
28,13,1,2,20,0,0,0.00021981,3.5243e-12,0,82,4.9063,4.0762e-09,2.5938,1.2293e-07,0.018597,4.0662e-06,5153.6,3.312e+05,1.3784e-07,-0.87441,-1.6578e-07,0.98156,308.09,-1.7983,-7.765e-09,1.5322e-10,1,1721,0,2.8,0,-1.071e-08,82,3.24e+05,1721,3.312e+05,1.0412e+09
32,13,1,2,20,0,0,-0.00052258,-3.5243e-12,0,15,32.375,5.3438e-09,-0.35492,1.6578e-06,0.011685,5.2135e-06,5153.8,3.312e+05,1.1176e-07,2.3005,-2.0117e-07,0.94989,275.38,-0.4214,-8.6307e-09,1.5215e-10,1,1721,0,2,0,-3.2596e-09,15,3.24e+05,1721,3.312e+05,1.0412e+09
2,13,1,2,20,0,0,0.00041349,1.3642e-12,0,2,-2.875,5.0956e-09,0.45847,-7.8231e-08,0.01182,1.0308e-05,5153.6,3.312e+05,5.4017e-08,1.1468,2.1607e-07,0.93844,171.81,-2.6979,-8.3193e-09,1.8751e-10,1,1721,0,2,0,-1.7695e-08,2,3.2493e+05,1721,3.312e+05,1.0412e+09
5,13,1,2,20,0,0,-0.0003764,-2.16e-12,0,80,39.906,5.1863e-09,2.4946,2.1122e-06,0.0031802,5.8915e-06,5153.8,3.312e+05,-1.1362e-07,2.2116,-5.5879e-09,0.94925,260.81,0.31116,-8.3339e-09,1.3608e-10,1,1721,0,2,0,-1.0245e-08,80,3.2622e+05,1721,3.312e+05,1.0412e+09
28,13,1,2,19,59,44,0.00021981,3.5243e-12,0,16,4.9063,4.0766e-09,2.5915,1.2107e-07,0.018597,4.0662e-06,5153.6,3.3118e+05,1.3784e-07,-0.87441,-1.6578e-07,0.98156,308.09,-1.7983,-7.765e-09,1.5322e-10,1,1721,0,2,0,-1.071e-08,16,3.27e+05,1721,3.3118e+05,1.0412e+09
26,13,1,2,20,0,0,-0.00015265,1.3642e-11,0,20,-12.281,4.2855e-09,0.59153,-4.6007e-07,0.020995,8.1863e-06,5153.7,3.312e+05,-2.6077e-07,-2.9323,1.8626e-09,0.98107,237.75,1.2134,-8.265e-09,-5.7395e-10,1,1721,0,2,0,-6.0536e-09,20,3.2916e+05,1721,3.312e+05,1.0412e+09
2,13,1,2,22,0,0,0.0004135,1.3642e-12,0,15,-4.1563,4.8877e-09,1.5084,-1.4529e-07,0.011821,1.153e-05,5153.6,3.384e+05,-1.1735e-07,1.1467,1.7323e-07,0.93844,143.13,-2.6976,-8.2646e-09,1.1572e-10,1,1721,0,2,0,-1.7695e-08,15,3.312e+05,1721,3.384e+05,1.0412e+09
4,13,1,2,22,0,0,9.3534e-05,1.1141e-11,0,89,4.375,4.8531e-09,-1.5015,3.4086e-07,0.010411,1.0893e-05,5153.7,3.384e+05,2.2911e-07,1.1634,3.7253e-09,0.93748,148.63,0.94977,-8.0903e-09,3.1001e-10,1,1721,0,2,0,-6.5193e-09,89,3.312e+05,1721,3.384e+05,1.0412e+09
5,13,1,2,22,0,0,-0.00037641,-2.16e-12,0,81,40.844,5.1909e-09,-2.7384,2.0675e-06,0.0031807,6.2026e-06,5153.8,3.384e+05,-9.3132e-08,2.2115,-9.6858e-08,0.94925,256.19,0.31109,-8.3582e-09,1.6108e-10,1,1721,0,2,0,-1.0245e-08,81,3.312e+05,1721,3.384e+05,1.0412e+09
7,13,1,2,22,0,0,0.00016439,4.4338e-12,0,64,44.719,4.0541e-09,0.11661,2.183e-06,0.0060508,9.8646e-06,5153.7,3.384e+05,5.9605e-08,-1.9574,3.1665e-08,0.97571,194.56,-2.922,-7.9575e-09,-2.3572e-11,1,1721,0,2,0,-1.1176e-08,64,3.312e+05,1721,3.384e+05,1.0412e+09
8,13,1,2,22,0,0,3.7858e-06,2.2737e-13,0,47,47.719,3.5701e-09,-0.47442,2.3898e-06,0.012712,9.7528e-06,5153.6,3.384e+05,2.2165e-07,-1.8693,6.8918e-08,0.99816,209.81,-2.8869,-7.7621e-09,4.8216e-11,1,1721,0,2,0,-4.191e-09,47,3.312e+05,1721,3.384e+05,1.0412e+09
10,13,1,2,22,0,0,-6.4665e-05,-1.4779e-12,0,111,39.5,5.2716e-09,-2.3819,1.7732e-06,0.012222,5.7183e-06,5153.7,3.384e+05,1.7323e-07,2.2318,-1.7323e-07,0.94412,258.75,0.78697,-8.3521e-09,2.9144e-10,1,1721,0,2.8,0,-2.794e-09,111,3.312e+05,1721,3.384e+05,1.0412e+09
13,13,1,2,22,0,0,0.00015547,-2.8422e-12,0,110,-17.594,4.1341e-09,2.546,-7.8045e-07,0.0048691,8.408e-06,5153.6,3.384e+05,1.5646e-07,-2.9256,1.3039e-08,0.98359,227.19,2.0682,-7.846e-09,-4.7216e-10,1,1721,0,2.8,0,-1.1176e-08,110,3.312e+05,1721,3.384e+05,1.0412e+09
17,13,1,2,22,0,0,6.3467e-05,-3.5243e-12,0,83,-92,4.3366e-09,2.8992,-4.7013e-06,0.0079579,7.8585e-06,5153.8,3.384e+05,5.4017e-08,0.15725,-6.8918e-08,0.96474,228.41,-2.2657,-7.9153e-09,-1.5715e-10,1,1721,0,2.8,0,-1.071e-08,83,3.312e+05,1721,3.384e+05,1.0412e+09
23,13,1,2,22,0,0,0.0001278,-3.7517e-12,0,89,-18.906,4.8277e-09,1.762,-8.3447e-07,0.0081359,7.8604e-06,5153.8,3.384e+05,-2.794e-08,-3.0098,2.142e-07,0.95786,228.97,-2.9167,-8.2636e-09,-4.8323e-10,1,1721,0,2,0,-2.0489e-08,89,3.312e+05,1721,3.384e+05,1.0412e+09
26,13,1,2,22,0,0,-0.00015255,1.3642e-11,0,21,-21.906,4.2062e-09,1.6417,-1.4454e-06,0.020995,8.2124e-06,5153.7,3.384e+05,-3.1106e-07,-2.9324,-4.1723e-07,0.98107,236.34,1.2134,-7.9721e-09,-4.118e-10,1,1721,0,2,0,-6.0536e-09,21,3.312e+05,1721,3.384e+05,1.0412e+09
28,13,1,2,21,59,44,0.00021983,3.5243e-12,0,17,5.0313,4.1441e-09,-2.6415,2.4028e-07,0.018598,3.9451e-06,5153.6,3.3838e+05,2.1048e-07,-0.87447,-5.4017e-08,0.98156,312.75,-1.7983,-7.7882e-09,2.4965e-10,1,1721,0,2,0,-1.071e-08,17,3.312e+05,1721,3.3838e+05,1.0412e+09
13,13,1,2,21,59,44,0.00015547,-2.8422e-12,0,0,-17.594,4.1341e-09,2.5436,-7.8045e-07,0.0048691,8.408e-06,5153.6,3.3838e+05,1.5646e-07,-2.9256,1.3039e-08,0.98359,227.19,2.0682,-7.846e-09,-4.7216e-10,1,1721,0,2,0,-1.1176e-08,0,3.3303e+05,1721,3.3838e+05,1.0412e+09
15,13,1,2,22,0,0,-0.000104,-1.1369e-12,0,83,-17.094,5.1595e-09,2.2639,-7.8417e-07,0.0051838,7.0576e-06,5153.7,3.384e+05,-6.5193e-08,-3.0488,8.5682e-08,0.94299,235.88,0.098129,-8.3707e-09,-3.968e-10,1,1721,0,2,0,-1.0245e-08,83,3.3429e+05,1721,3.384e+05,1.0412e+09
12,13,1,2,22,0,0,0.00011025,2.0464e-12,0,75,6.8438,4.2805e-09,-0.15706,2.5332e-07,0.0041321,4.5225e-06,5153.6,3.384e+05,4.4703e-08,-0.89921,2.2352e-08,0.98239,303.13,0.13766,-8.1632e-09,1.0715e-10,1,1721,0,2,0,-1.2107e-08,75,3.3612e+05,1721,3.384e+05,1.0412e+09
9,13,1,2,22,0,0,0.00021096,2.6148e-12,0,29,34.688,3.9662e-09,-0.10603,1.8738e-06,0.017049,9.5312e-06,5152.8,3.384e+05,-2.5518e-07,-1.9816,9.3132e-09,0.98439,211.09,1.6354,-8.0911e-09,3.8573e-11,1,1721,0,2,0,-5.5879e-09,29,3.3702e+05,1721,3.384e+05,1.0412e+09
2,13,1,3,0,0,0,0.00041351,1.3642e-12,0,16,0.59375,4.7602e-09,2.5587,1.1921e-07,0.011823,1.2077e-05,5153.6,3.456e+05,-2.0489e-07,1.1467,-1.5646e-07,0.93845,130.69,-2.6976,-7.9971e-09,2.7108e-10,1,1721,0,2,0,-1.7695e-08,16,3.384e+05,1721,3.456e+05,1.0412e+09
4,13,1,3,0,0,0,9.3614e-05,1.1141e-11,0,90,11,4.8816e-09,-0.4514,7.4506e-07,0.010411,1.1332e-05,5153.7,3.456e+05,1.3039e-08,1.1633,1.4342e-07,0.93748,149.22,0.94979,-8.3371e-09,2.768e-10,1,1721,0,2,0,-6.5193e-09,90,3.384e+05,1721,3.456e+05,1.0412e+09
5,13,1,3,0,0,0,-0.00037643,-2.16e-12,0,82,42.438,5.142e-09,-1.6883,1.9502e-06,0.0031807,5.8264e-06,5153.8,3.456e+05,3.9116e-08,2.2115,-6.333e-08,0.94925,258.22,0.31114,-8.4125e-09,2.5823e-10,1,1721,0,2,0,-1.0245e-08,82,3.384e+05,1721,3.456e+05,1.0412e+09
7,13,1,3,0,0,0,0.00016442,4.4338e-12,0,72,44.844,4.117e-09,1.1668,2.4699e-06,0.0060509,9.6112e-06,5153.7,3.456e+05,2.9802e-08,-1.9575,5.9605e-08,0.97571,200.88,-2.9221,-7.9332e-09,-4.4288e-11,1,1721,0,2,0,-1.1176e-08,72,3.384e+05,1721,3.456e+05,1.0412e+09
8,13,1,3,0,0,0,3.7872e-06,2.2737e-13,0,107,51.25,3.6009e-09,0.57578,2.712e-06,0.012713,9.4809e-06,5153.6,3.456e+05,1.0058e-07,-1.8693,1.7695e-07,0.99816,212.69,-2.8869,-7.7668e-09,9.2861e-12,1,1721,0,2,0,-4.191e-09,107,3.384e+05,1721,3.456e+05,1.0412e+09
9,13,1,3,0,0,0,0.00021098,2.6148e-12,0,120,28.438,3.9305e-09,0.94464,1.3467e-06,0.017051,1.0276e-05,5152.8,3.456e+05,-2.6822e-07,-1.9817,-1.8813e-07,0.98439,196.94,1.6354,-8.0418e-09,1.6429e-11,1,1721,0,2,0,-5.5879e-09,120,3.384e+05,1721,3.456e+05,1.0412e+09
10,13,1,3,0,0,0,-6.4676e-05,-1.4779e-12,0,112,43.219,5.2549e-09,-1.3318,2.3376e-06,0.012222,5.1819e-06,5153.7,3.456e+05,3.1106e-07,2.2317,-1.6764e-08,0.94412,265.56,0.78704,-8.4482e-09,2.3001e-10,1,1721,0,2.8,0,-2.794e-09,112,3.384e+05,1721,3.456e+05,1.0412e+09
12,13,1,3,0,0,0,0.00011026,2.0464e-12,0,80,10.125,4.2988e-09,0.89306,5.0664e-07,0.0041323,4.5039e-06,5153.6,3.456e+05,2.2352e-08,-0.89927,3.539e-08,0.98239,301.75,0.13773,-8.1571e-09,9.7861e-11,1,1721,0,2,0,-1.2107e-08,80,3.384e+05,1721,3.456e+05,1.0412e+09
15,13,1,3,0,0,0,-0.000104,-1.1369e-12,0,107,-18.469,5.1499e-09,-2.9691,-9.0525e-07,0.0051842,7.2401e-06,5153.7,3.456e+05,-7.0781e-08,-3.0489,0,0.94299,232.19,0.098141,-8.3236e-09,-3.7109e-10,1,1721,0,2.8,0,-1.0245e-08,107,3.384e+05,1721,3.456e+05,1.0412e+09
17,13,1,3,0,0,0,6.3442e-05,-3.5243e-12,0,84,-90.188,4.3352e-09,-2.3339,-4.6063e-06,0.0079577,7.8976e-06,5153.8,3.456e+05,4.4703e-08,0.15719,-5.7742e-08,0.96474,228.38,-2.2657,-7.9082e-09,-1.6394e-10,1,1721,0,2.8,0,-1.071e-08,84,3.384e+05,1721,3.456e+05,1.0412e+09
26,13,1,3,0,0,0,-0.00015245,1.3642e-11,0,22,-23.594,4.1134e-09,2.6919,-1.3802e-06,0.020996,8.1845e-06,5153.7,3.456e+05,1.5832e-07,-2.9325,-2.3656e-07,0.98107,228.06,1.2134,-7.5492e-09,-4.5288e-10,1,1721,0,2,0,-6.0536e-09,22,3.384e+05,1721,3.456e+05,1.0412e+09
28,13,1,3,0,0,0,0.00021986,3.5243e-12,0,18,9.125,4.2498e-09,-1.589,7.1339e-07,0.018598,3.9209e-06,5153.6,3.456e+05,3.39e-07,-0.87452,3.241e-07,0.98156,313.94,-1.7982,-8.0614e-09,8.4646e-11,1,1721,0,2,0,-1.071e-08,18,3.384e+05,1721,3.456e+05,1.0412e+09
17,13,1,2,23,59,44,6.3438e-05,-3.638e-12,0,18,-90.188,4.3352e-09,-2.3362,-4.6063e-06,0.0079577,7.8976e-06,5153.8,3.4558e+05,4.6566e-08,0.15719,-5.7742e-08,0.96474,228.38,-2.2657,-7.9082e-09,-1.6394e-10,1,1721,0,2,0,-1.071e-08,18,3.3894e+05,1721,3.4558e+05,1.0412e+09
24,13,1,3,0,0,0,1.2997e-06,-6.8212e-13,0,16,30.813,4.4127e-09,2.3585,1.695e-06,0.00044165,9.8385e-06,5153.7,3.456e+05,-2.0489e-08,-1.9836,4.4703e-08,0.95932,187.28,-0.12613,-8.0575e-09,5.7145e-11,1,1721,0,2,0,4.191e-09,16,3.4119e+05,1721,3.456e+05,1.0412e+09
15,13,1,2,23,59,44,-0.000104,-1.1369e-12,0,7,-18.469,5.1499e-09,-2.9714,-9.0525e-07,0.0051842,7.2401e-06,5153.7,3.4558e+05,-7.0781e-08,-3.0489,0,0.94299,232.19,0.098141,-8.3236e-09,-3.7144e-10,1,1721,0,2,0,-1.0245e-08,7,3.4134e+05,1721,3.4558e+05,1.0412e+09
29,13,1,3,0,0,0,0.00039395,3.979e-12,0,14,-82.531,4.467e-09,0.54553,-4.3306e-06,0.0018193,7.5456e-06,5153.7,3.456e+05,6.1467e-08,0.16588,-5.2154e-08,0.96533,238.84,-1.111,-8.1207e-09,-2.4858e-10,1,1721,0,2,0,-9.3132e-09,14,3.4236e+05,1721,3.456e+05,1.0412e+09
