3,13,1,2,0,0,0,0.00014961,5.1159e-12,0,52,-101.56,4.9448e-09,2.6855,-5.2452e-06,0.015927,6.6888e-06,5153.7,2.592e+05,1.3597e-07,-0.019702,-1.5646e-07,0.9335,233.25,1.2619,-8.1082e-09,-2.2537e-10,1,1721,0,2,0,-4.6566e-09,52,2.5704e+05,1721,2.592e+05,1.0411e+09
5,13,1,2,0,0,0,-0.00037624,-2.16e-12,0,77,20.063,5.2302e-09,-1.7222,7.8976e-07,0.003176,5.0683e-06,5153.8,2.592e+05,2.4214e-08,2.2122,-5.9605e-08,0.94925,273.22,0.31016,-8.4311e-09,1.4536e-10,1,1721,0,2,0,-1.0245e-08,77,2.5203e+05,1721,2.592e+05,1.0411e+09
6,13,1,1,23,59,44,0.00040348,-1.3529e-11,0,6,-92.219,4.8366e-09,-1.7016,-4.7814e-06,0.0075604,7.9032e-06,5153.7,2.5918e+05,-1.2666e-07,0.058609,-7.2643e-08,0.94023,217.81,-0.39891,-8.3075e-09,-9.4647e-11,1,1721,0,2,0,-5.1223e-09,6,2.5545e+05,1721,2.5918e+05,1.0411e+09
16,13,1,2,0,0,0,-0.00025142,-3.4106e-13,0,56,-11.219,4.2112e-09,-1.398,-5.7928e-07,0.0067725,3.3155e-06,5153.6,2.592e+05,1.8626e-09,-0.88026,-7.2643e-08,0.98313,328.28,0.02717,-8.1411e-09,5.7502e-11,1,1721,0,2,0,-9.7789e-09,56,2.5422e+05,1721,2.592e+05,1.0411e+09
18,13,1,2,0,0,0,0.00023232,1.819e-12,0,43,25.531,5.7535e-09,-0.8769,1.6186e-06,0.013634,5.0496e-06,5153.7,2.592e+05,1.8626e-08,2.2179,3.2037e-07,0.92789,265.06,-2.1317,-8.8118e-09,7.0717e-11,1,1721,0,2,0,-1.071e-08,43,2.5215e+05,1721,2.592e+05,1.0411e+09
21,13,1,2,0,0,0,-0.00027201,-2.3874e-12,0,66,12.125,5.2184e-09,0.22975,8.4192e-07,0.019593,9.8832e-06,5153.7,2.592e+05,-1.8626e-07,1.1686,3.2596e-07,0.93121,177.78,-2.1915,-8.5629e-09,3.2394e-10,1,1721,0,2,0,-1.1176e-08,66,2.5203e+05,1721,2.592e+05,1.0411e+09
22,13,1,2,0,0,0,0.00015476,9.0949e-13,0,34,23.688,5.6774e-09,-1.551,1.3299e-06,0.0061465,4.7386e-06,5153.7,2.592e+05,1.0617e-07,2.2208,9.127e-08,0.92563,266.69,-2.024,-8.6207e-09,1.0179e-10,1,1721,0,2,0,-1.7229e-08,34,2.5662e+05,1721,2.592e+05,1.0411e+09
25,13,1,2,0,0,0,6.0118e-05,2.3874e-12,0,107,-1.6563,4.6077e-09,-0.11797,-1.6391e-07,0.0019511,3.0193e-06,5153.6,2.592e+05,-4.0978e-08,-0.93517,2.9802e-08,0.9712,323.56,0.59966,-8.3718e-09,-6.0717e-12,1,1721,0,2.8,0,5.1223e-09,107,2.52e+05,1721,2.592e+05,1.0411e+09
27,13,1,2,0,0,0,-0.00019921,3.638e-12,0,64,-6.125,5.6099e-09,-1.4974,-2.8126e-07,0.0056768,3.1963e-06,5153.6,2.592e+05,1.248e-07,-0.91923,3.7253e-09,0.97607,326.91,0.85187,-8.1714e-09,7.8575e-12,1,1721,0,2,63,-1.9092e-08,64,2.5917e+05,1721,2.592e+05,1.0411e+09
29,13,1,2,0,0,0,0.00039361,3.979e-12,0,9,-98.219,4.323e-09,0.50969,-5.1223e-06,0.0018193,8.6874e-06,5153.7,2.592e+05,6.5193e-08,0.16658,-6.7055e-08,0.96535,216.97,-1.1105,-8.026e-09,-2.4751e-10,1,1721,0,2,0,-9.3132e-09,9,2.52e+05,1721,2.592e+05,1.0411e+09
30,13,1,2,0,0,0,-0.00026526,1.1141e-11,0,95,9.625,4.582e-09,-2.4415,6.1467e-07,0.010856,2.956e-06,5153.6,2.592e+05,1.0803e-07,-1.0281,9.4995e-08,0.96226,322.34,1.6122,-8.1743e-09,9.2147e-11,1,1721,0,8,0,-4.6566e-09,95,2.52e+05,1721,2.592e+05,1.0411e+09
6,13,1,2,1,59,44,0.00040339,-1.3529e-11,0,7,-94.344,4.9188e-09,-0.65157,-4.923e-06,0.00756,7.4115e-06,5153.7,2.6638e+05,1.3039e-08,0.05855,-2.5146e-07,0.94023,228.5,-0.39872,-8.3489e-09,-2.3822e-10,1,1721,0,2,0,-5.1223e-09,7,2.592e+05,1721,2.6638e+05,1.0411e+09
18,13,1,2,2,0,0,0.00023233,1.819e-12,0,49,24.406,5.7524e-09,0.17323,1.2778e-06,0.013634,5.2471e-06,5153.7,2.664e+05,-1.4342e-07,2.2178,1.7323e-07,0.92789,263.25,-2.1317,-8.9236e-09,7.8218e-11,1,1721,0,2,0,-1.071e-08,49,2.592e+05,1721,2.664e+05,1.0411e+09
22,13,1,2,2,0,0,0.00015477,9.0949e-13,0,40,24.531,5.757e-09,-0.50091,1.3541e-06,0.0061463,5.1521e-06,5153.7,2.664e+05,-7.8231e-08,2.2207,7.4506e-08,0.92563,262.63,-2.0239,-8.8114e-09,1.0822e-10,1,1721,0,2,0,-1.7229e-08,40,2.592e+05,1721,2.664e+05,1.0411e+09
25,13,1,2,1,59,44,6.0135e-05,2.3874e-12,0,15,1.9063,4.6473e-09,0.92991,1.2852e-07,0.0019515,3.0138e-06,5153.6,2.6638e+05,2.794e-08,-0.93523,1.3039e-08,0.9712,324.53,0.59967,-8.41e-09,4.0359e-11,1,1721,0,2,0,5.1223e-09,15,2.592e+05,1721,2.6638e+05,1.0411e+09
27,13,1,2,2,0,0,-0.00019918,3.638e-12,0,65,-2.6563,5.7977e-09,-0.44728,-1.4342e-07,0.0056765,3.228e-06,5153.6,2.664e+05,-5.9605e-08,-0.91928,8.0094e-08,0.97607,322.09,0.852,-8.3711e-09,-1.3215e-11,1,1721,0,2,63,-1.9092e-08,65,2.592e+05,1721,2.664e+05,1.0411e+09
29,13,1,2,2,0,0,0.00039363,3.979e-12,0,44,-100.25,4.3741e-09,1.5602,-5.2582e-06,0.0018191,8.7619e-06,5153.7,2.664e+05,1.0058e-07,0.16652,-3.7253e-09,0.96535,212.09,-1.1109,-8.0068e-09,-2.6287e-10,1,1721,0,2,0,-9.3132e-09,44,2.592e+05,1721,2.664e+05,1.0411e+09
30,13,1,2,2,0,0,-0.00026518,1.1141e-11,0,97,15.031,4.7773e-09,-1.3914,9.3877e-07,0.010856,3.4589e-06,5153.6,2.664e+05,-1.546e-07,-1.0282,2.645e-07,0.96226,312.81,1.6124,-8.4561e-09,4.6073e-11,1,1721,0,11.3,0,-4.6566e-09,97,2.592e+05,1721,2.664e+05,1.0411e+09
3,13,1,2,2,0,0,0.00014965,5.1159e-12,0,53,-102.16,4.9691e-09,-2.5475,-5.2191e-06,0.015927,6.4727e-06,5153.7,2.664e+05,1.8626e-07,-0.019761,-5.7742e-08,0.9335,237,1.2619,-8.1218e-09,-1.5465e-10,1,1721,0,2,0,-4.6566e-09,53,2.5923e+05,1721,2.664e+05,1.0411e+09
16,13,1,2,2,0,0,-0.00025142,-3.4106e-13,0,57,-7.6875,4.2862e-09,-0.34781,-4.6566e-07,0.0067721,3.3993e-06,5153.6,2.664e+05,1.0245e-07,-0.88031,9.3132e-09,0.98313,325.75,0.027201,-8.2275e-09,-1.9287e-11,1,1721,0,2,0,-9.7789e-09,57,2.5923e+05,1721,2.664e+05,1.0411e+09
21,13,1,2,2,0,0,-0.00027202,-2.3874e-12,0,74,1.875,5.0716e-09,1.2797,2.5891e-07,0.019596,1.1504e-05,5153.8,2.664e+05,-3.5577e-07,1.1685,9.4995e-08,0.93121,147.78,-2.1913,-8.5046e-09,2.2501e-10,1,1721,0,2,0,-1.1176e-08,74,2.5923e+05,1721,2.664e+05,1.0411e+09
15,13,1,2,1,59,44,-0.00010392,-1.1369e-12,0,5,-18.938,5.0163e-09,-1.9565,-1.2312e-06,0.0051791,9.0264e-06,5153.7,2.6638e+05,3.3528e-08,-3.0482,-1.0058e-07,0.94302,197.13,0.097722,-8.2653e-09,-3.7144e-10,1,1721,0,2,0,-1.0245e-08,5,2.6007e+05,1721,2.6638e+05,1.0411e+09
19,13,1,2,2,0,0,-0.0003362,-3.2969e-12,0,87,-92.219,4.3059e-09,-2.041,-4.7982e-06,0.0087823,8.8848e-06,5153.7,2.664e+05,-3.9116e-08,0.21018,-1.0617e-07,0.96203,209.53,0.27503,-7.911e-09,-7.6075e-11,1,1721,0,2,0,-1.4435e-08,87,2.6079e+05,1721,2.664e+05,1.0411e+09
30,13,1,2,1,59,44,-0.00026516,1.2733e-11,0,12,15.031,4.7773e-09,-1.3937,9.3877e-07,0.010856,3.4589e-06,5153.6,2.6638e+05,-1.5274e-07,-1.0282,2.645e-07,0.96226,312.81,1.6124,-8.4561e-09,4.6073e-11,1,1721,0,2.8,0,-4.6566e-09,12,2.6148e+05,1721,2.6638e+05,1.0411e+09
14,13,1,2,2,0,0,0.00021906,4.5475e-13,0,45,-12.344,4.2034e-09,-1.513,-5.0291e-07,0.006737,9.1493e-06,5153.7,2.664e+05,1.5646e-07,-2.9532,7.8231e-08,0.97635,210.91,-2.0172,-7.8135e-09,-3.9287e-10,1,1721,0,2,0,-8.8476e-09,45,2.643e+05,1721,2.664e+05,1.0411e+09
11,13,1,2,2,0,0,-0.00033932,-3.7517e-12,0,32,-21.563,5.8106e-09,2.3821,-1.2033e-06,0.013807,1.0414e-05,5153.7,2.664e+05,1.2107e-07,0.87959,-2.1979e-07,0.88851,137.91,1.1356,-8.4175e-09,2.3287e-10,1,1721,0,2,0,-1.1642e-08,32,2.6574e+05,1721,2.664e+05,1.0411e+09
6,13,1,2,4,0,0,0.00040329,-1.3529e-11,0,8,-99.75,5.0606e-09,0.40095,-5.4222e-06,0.0075608,7.0855e-06,5153.7,2.736e+05,1.2107e-07,0.05849,-4.6566e-08,0.94023,231.72,-0.39874,-8.5204e-09,-3.4751e-10,1,1721,0,2,0,-5.1223e-09,8,2.664e+05,1721,2.736e+05,1.0411e+09
14,13,1,2,4,0,0,0.00021906,4.5475e-13,0,46,-11.313,4.2552e-09,-0.46292,-5.4389e-07,0.0067369,9.5274e-06,5153.7,2.736e+05,-2.6077e-08,-2.9533,7.6368e-08,0.97635,207.5,-2.0171,-7.9832e-09,-3.9002e-10,1,1721,0,2,0,-8.8476e-09,46,2.664e+05,1721,2.736e+05,1.0411e+09
15,13,1,2,4,0,0,-0.00010392,-1.1369e-12,0,6,-15.438,4.9874e-09,-0.90427,-9.2201e-07,0.005179,8.3223e-06,5153.7,2.736e+05,6.333e-08,-3.0483,-4.4703e-08,0.94302,205.72,0.097972,-8.275e-09,-3.4573e-10,1,1721,0,2,0,-1.0245e-08,6,2.664e+05,1721,2.736e+05,1.0411e+09
18,13,1,2,4,0,0,0.00023234,1.819e-12,0,54,25.313,5.721e-09,1.2234,1.2964e-06,0.013634,5.1111e-06,5153.7,2.736e+05,-2.3469e-07,2.2178,4.4703e-08,0.92789,264.22,-2.1317,-8.8932e-09,1.7501e-11,1,1721,0,2,0,-1.071e-08,54,2.664e+05,1721,2.736e+05,1.0411e+09
19,13,1,2,4,0,0,-0.00033623,-3.2969e-12,0,88,-92.625,4.3923e-09,-0.99086,-4.8485e-06,0.0087825,8.6371e-06,5153.7,2.736e+05,2.3469e-07,0.21012,-1.6019e-07,0.96203,214.5,0.2751,-8.0239e-09,-2.668e-10,1,1721,0,2,0,-1.4435e-08,88,2.664e+05,1721,2.736e+05,1.0411e+09
22,13,1,2,4,0,0,0.00015478,9.0949e-13,0,41,24.281,5.736e-09,0.5493,1.2573e-06,0.0061461,5.0161e-06,5153.7,2.736e+05,-1.0617e-07,2.2207,5.5879e-09,0.92563,264.16,-2.0239,-8.8089e-09,7.1432e-11,1,1721,0,2,0,-1.7229e-08,41,2.664e+05,1721,2.736e+05,1.0411e+09
27,13,1,2,4,0,0,-0.00019915,3.638e-12,0,66,0.96875,5.8624e-09,0.60295,2.3097e-07,0.0056769,3.2578e-06,5153.6,2.736e+05,-7.4506e-09,-0.91935,2.2352e-08,0.97607,322.63,0.85199,-8.4229e-09,2.9644e-11,1,1721,0,2,63,-1.9092e-08,66,2.664e+05,1721,2.736e+05,1.0411e+09
30,13,1,2,3,59,44,-0.00026507,1.2733e-11,0,31,15.906,4.9056e-09,-0.34352,1.0002e-06,0.010857,3.5707e-06,5153.6,2.7358e+05,-1.0803e-07,-1.0282,-1.6764e-08,0.96226,310.75,1.6124,-8.6782e-09,1.7179e-10,1,1721,0,4,0,-4.6566e-09,31,2.664e+05,1721,2.7358e+05,1.0411e+09
3,13,1,2,4,0,0,0.00014968,5.1159e-12,0,54,-90.875,5.1763e-09,-1.4974,-4.5728e-06,0.015928,6.4559e-06,5153.7,2.736e+05,3.2783e-07,-0.019819,3.2037e-07,0.9335,237.28,1.262,-8.4193e-09,-3.343e-10,1,1721,0,2,0,-4.6566e-09,54,2.6643e+05,1721,2.736e+05,1.0411e+09
11,13,1,2,4,0,0,-0.00033934,-3.7517e-12,0,33,-26.125,5.8081e-09,-2.8509,-1.3299e-06,0.013808,1.058e-05,5153.7,2.736e+05,1.3039e-07,0.87953,-9.127e-08,0.88851,133.97,1.1356,-8.3557e-09,2.1715e-10,1,1721,0,2,0,-1.1642e-08,33,2.6643e+05,1721,2.736e+05,1.0411e+09
16,13,1,2,4,0,0,-0.00025143,-3.4106e-13,0,58,-4.7188,4.3727e-09,0.70241,-1.9185e-07,0.0067722,3.1609e-06,5153.6,2.736e+05,4.4703e-08,-0.88037,3.3528e-08,0.98313,325.41,0.027232,-8.2618e-09,-2.6073e-11,1,1721,0,2,0,-9.7789e-09,58,2.6643e+05,1721,2.736e+05,1.0411e+09
21,13,1,2,4,0,0,-0.00027204,-2.3874e-12,0,75,10.719,4.9473e-09,2.33,3.39e-07,0.019597,1.1647e-05,5153.8,2.736e+05,0,1.1685,-3.7625e-07,0.93121,135.53,-2.1914,-7.9489e-09,3.7752e-10,1,1721,0,2,0,-1.1176e-08,75,2.6643e+05,1721,2.736e+05,1.0411e+09
32,13,1,2,4,0,0,-0.00052239,-3.5243e-12,0,57,24.469,4.9766e-09,-2.4721,1.4044e-06,0.011684,5.4706e-06,5153.8,2.736e+05,-2.3097e-07,2.301,1.248e-07,0.94989,269.75,-0.42203,-8.2507e-09,6.536e-11,1,1721,0,2,0,-3.2596e-09,57,2.6739e+05,1721,2.736e+05,1.0411e+09
1,13,1,2,4,0,0,0.00029091,2.2737e-12,0,104,4.9375,4.3609e-09,-2.6511,3.4273e-07,0.0015305,1.0498e-05,5153.7,2.736e+05,3.7253e-09,1.1658,4.0978e-08,0.9599,177.72,0.50034,-7.8485e-09,3.3966e-10,1,1721,0,2,0,8.3819e-09,104,2.6829e+05,1721,2.736e+05,1.0411e+09
20,13,1,2,3,59,44,7.8528e-05,1.3642e-12,0,1,31.094,5.5099e-09,1.7887,1.5646e-06,0.0054416,5.2433e-06,5153.6,2.7358e+05,-5.2154e-08,2.1642,-1.2666e-07,0.9285,259.91,1.281,-8.6082e-09,1.5786e-10,1,1721,0,2,0,-7.9162e-09,1,2.7123e+05,1721,2.7358e+05,1.0411e+09
19,13,1,2,3,59,44,-0.00033623,-3.2969e-12,0,0,-92.625,4.3923e-09,-0.9932,-4.8485e-06,0.0087825,8.6371e-06,5153.7,2.7358e+05,2.3469e-07,0.21012,-1.6019e-07,0.96203,214.5,0.2751,-8.0239e-09,-2.668e-10,1,1721,0,2,0,-1.4435e-08,0,2.7201e+05,1721,2.7358e+05,1.0411e+09
28,13,1,2,4,0,0,0.00021961,3.5243e-12,0,29,-4.5,4.4698e-09,0.4755,-1.2107e-07,0.018595,3.8687e-06,5153.6,2.736e+05,-2.0675e-07,-0.87394,3.7253e-08,0.98155,320.75,-1.7984,-8.5639e-09,-8.2861e-11,1,1721,0,2,0,-1.071e-08,29,2.7339e+05,1721,2.736e+05,1.0411e+09
1,13,1,2,6,0,0,0.00029093,2.2737e-12,0,105,4,4.298e-09,-1.5996,2.9616e-07,0.0015294,1.1384e-05,5153.7,2.808e+05,3.7253e-09,1.1657,-6.333e-08,0.9599,160.84,0.49899,-7.8475e-09,2.518e-10,1,1721,0,2,0,8.3819e-09,105,2.736e+05,1721,2.808e+05,1.0411e+09
14,13,1,2,6,0,0,0.00021907,4.5475e-13,0,49,-11.063,4.1787e-09,0.58727,-7.3574e-07,0.0067368,9.2201e-06,5153.7,2.808e+05,-5.9605e-08,-2.9533,5.2154e-08,0.97634,209.22,-2.0172,-7.9718e-09,-4.1752e-10,1,1721,0,2,0,-8.8476e-09,49,2.736e+05,1721,2.808e+05,1.0411e+09
19,13,1,2,5,59,44,-0.00033625,-3.2969e-12,0,10,-94.344,4.5527e-09,0.057005,-4.9677e-06,0.0087823,8.5067e-06,5153.7,2.8078e+05,1.3597e-07,0.21006,6.5193e-08,0.96203,213.41,0.27509,-8.2243e-09,-3.3001e-10,1,1721,0,2,0,-1.4435e-08,10,2.736e+05,1721,2.8078e+05,1.0411e+09
20,13,1,2,6,0,0,7.8538e-05,1.3642e-12,0,44,32.094,5.4684e-09,2.8413,1.6857e-06,0.0054415,5.2731e-06,5153.6,2.808e+05,2.6077e-08,2.1641,-4.6566e-08,0.9285,258.84,1.281,-8.5111e-09,1.3608e-10,1,1721,0,2,0,-7.9162e-09,44,2.736e+05,1721,2.808e+05,1.0411e+09
22,13,1,2,6,0,0,0.00015478,9.0949e-13,0,42,27.313,5.7185e-09,1.5996,1.3988e-06,0.0061458,4.895e-06,5153.7,2.808e+05,-1.248e-07,2.2206,-1.0058e-07,0.92563,266.19,-2.024,-8.7525e-09,9.6075e-11,1,1721,0,2,0,-1.7229e-08,42,2.736e+05,1721,2.808e+05,1.0411e+09
32,13,1,2,6,0,0,-0.00052241,-3.5243e-12,0,58,17.469,5.0841e-09,-1.422,8.7172e-07,0.011685,5.478e-06,5153.8,2.808e+05,-1.3039e-07,2.3009,-1.3784e-07,0.94989,270.41,-0.42195,-8.4589e-09,1.9787e-10,1,1721,0,2,0,-3.2596e-09,58,2.736e+05,1721,2.808e+05,1.0411e+09
18,13,1,2,6,0,0,0.00023236,1.819e-12,0,74,24.563,5.4863e-09,2.2735,1.1623e-06,0.013634,4.8149e-06,5153.7,2.808e+05,2.794e-08,2.2177,-3.1106e-07,0.92789,267.97,-2.1317,-8.4682e-09,1.3358e-10,1,1721,0,2,0,-1.071e-08,74,2.7363e+05,1721,2.808e+05,1.0411e+09
28,13,1,2,6,0,0,0.00021963,3.5243e-12,0,38,-5.375,4.4105e-09,1.5257,-6.5379e-07,0.018595,3.8575e-06,5153.6,2.808e+05,-2.7753e-07,-0.874,-3.9488e-07,0.98155,320.34,-1.7984,-8.2439e-09,1.0179e-10,1,1721,0,2,0,-1.071e-08,38,2.7363e+05,1721,2.808e+05,1.0411e+09
3,13,1,2,6,0,0,0.00014972,5.1159e-12,0,60,-91.406,5.4074e-09,-0.44722,-4.6436e-06,0.015928,6.726e-06,5153.7,2.808e+05,-1.2107e-07,-0.019882,1.8626e-07,0.93349,235.22,1.262,-8.8657e-09,-2.8858e-10,1,1721,0,2.8,0,-4.6566e-09,60,2.7363e+05,1721,2.808e+05,1.0411e+09
11,13,1,2,6,0,0,-0.00033937,-3.7517e-12,0,44,-25.125,5.8399e-09,-1.8007,-1.2666e-06,0.013807,1.09e-05,5153.7,2.808e+05,3.1851e-07,0.87948,-2.9802e-08,0.88851,127.03,1.1355,-8.4461e-09,1.2536e-10,1,1721,0,2,0,-1.1642e-08,44,2.7363e+05,1721,2.808e+05,1.0411e+09
16,13,1,2,6,0,0,-0.00025143,-3.4106e-13,0,59,-3.0625,4.4563e-09,1.7527,7.4506e-08,0.0067723,3.3174e-06,5153.6,2.808e+05,4.4703e-08,-0.88043,1.099e-07,0.98313,327.63,0.027207,-8.2614e-09,1.8572e-11,1,1721,0,2,0,-9.7789e-09,59,2.7363e+05,1721,2.808e+05,1.0411e+09
31,13,1,2,6,0,0,0.00029549,2.0464e-12,0,130,77.625,3.9952e-09,-2.0494,4.1388e-06,0.008128,9.8497e-06,5153.8,2.808e+05,-1.5646e-07,-1.9531,1.2666e-07,0.98072,203.03,-0.82284,-7.7864e-09,2.3537e-10,1,1721,0,2,0,-1.3504e-08,130,2.7561e+05,1721,2.808e+05,1.0411e+09
23,13,1,2,6,0,0,0.00012802,-3.7517e-12,0,87,-16.375,4.6173e-09,-0.35553,-7.7859e-07,0.0081371,8.2478e-06,5153.8,2.808e+05,1.6391e-07,-3.0094,5.2154e-08,0.95789,217.88,-2.9169,-8.2243e-09,-3.6823e-10,1,1721,0,2,0,-2.0489e-08,87,2.7639e+05,1721,2.808e+05,1.0411e+09
17,13,1,2,6,0,0,6.3673e-05,-3.5243e-12,0,7,-85.875,4.498e-09,0.7818,-4.3847e-06,0.0079549,8.0615e-06,5153.8,2.808e+05,-9.127e-08,0.15771,4.0978e-08,0.96475,229.5,-2.2661,-8.1628e-09,-3.368e-10,1,1721,0,2,0,-1.071e-08,7,2.793e+05,1721,2.808e+05,1.0411e+09
13,13,1,2,6,0,0,0.00015563,-2.8422e-12,0,44,-13.75,3.9502e-09,0.42701,-7.6368e-07,0.0048696,9.0022e-06,5153.6,2.808e+05,2.2352e-08,-2.9251,-7.4506e-08,0.98361,217.06,2.0685,-7.8653e-09,-3.6323e-10,1,1721,0,2,0,-1.1176e-08,44,2.805e+05,1721,2.808e+05,1.0411e+09
1,13,1,2,8,0,0,0.00029094,2.2737e-12,0,106,9.75,4.4398e-09,-0.55,3.8184e-07,0.0015288,1.1524e-05,5153.7,2.88e+05,3.9116e-08,1.1656,4.2841e-08,0.9599,155.53,0.49951,-7.9389e-09,1.9822e-10,1,1721,0,2,0,8.3819e-09,106,2.808e+05,1721,2.88e+05,1.0411e+09
13,13,1,2,8,0,0,0.00015561,-2.8422e-12,0,59,-14.656,3.9112e-09,1.4774,-7.6741e-07,0.0048694,9.2555e-06,5153.6,2.88e+05,1.5087e-07,-2.9252,-5.0291e-08,0.98361,211.63,2.0683,-7.7518e-09,-3.6752e-10,1,1721,0,2,0,-1.1176e-08,59,2.808e+05,1721,2.88e+05,1.0411e+09
14,13,1,2,8,0,0,0.00021907,4.5475e-13,0,70,-11.406,4.0659e-09,1.6374,-5.7556e-07,0.0067366,9.0189e-06,5153.7,2.88e+05,-1.6764e-07,-2.9534,-8.7544e-08,0.97634,211.41,-2.0171,-7.8543e-09,-3.243e-10,1,1721,0,2,0,-8.8476e-09,70,2.808e+05,1721,2.88e+05,1.0411e+09
19,13,1,2,8,0,0,-0.00033627,-3.2969e-12,0,71,-90.813,4.5727e-09,1.1095,-4.4666e-06,0.0087827,8.7004e-06,5153.7,2.88e+05,3.7253e-08,0.21,1.3411e-07,0.96202,210.38,0.27514,-8.1478e-09,-4.0002e-10,1,1721,0,2,0,-1.4435e-08,71,2.808e+05,1721,2.88e+05,1.0411e+09
20,13,1,2,8,0,0,7.8548e-05,1.3642e-12,0,59,33.281,5.5167e-09,-2.3916,1.7695e-06,0.0054421,5.1092e-06,5153.6,2.88e+05,5.9605e-08,2.1641,-6.8918e-08,0.9285,263.81,1.281,-8.5207e-09,1.2e-10,1,1721,0,2,0,-7.9162e-09,59,2.808e+05,1721,2.88e+05,1.0411e+09
23,13,1,2,8,0,0,0.00012799,-3.7517e-12,0,93,-17.656,4.577e-09,0.69459,-8.3447e-07,0.0081366,8.4899e-06,5153.8,2.88e+05,8.5682e-08,-3.0094,2.0117e-07,0.95789,214.06,-2.9169,-8.1382e-09,-4.3073e-10,1,1721,0,2,0,-2.0489e-08,93,2.808e+05,1721,2.88e+05,1.0411e+09
32,13,1,2,8,0,0,-0.00052244,-3.5243e-12,0,75,19.406,5.1613e-09,-0.372,9.5554e-07,0.011684,5.0701e-06,5153.8,2.88e+05,1.2107e-07,2.3009,-2.5146e-07,0.94989,277.5,-0.42187,-8.5521e-09,7.8575e-12,1,1721,0,2,0,-3.2596e-09,75,2.808e+05,1721,2.88e+05,1.0411e+09
17,13,1,2,8,0,0,6.3648e-05,-3.5243e-12,0,8,-98.563,4.4302e-09,1.8317,-5.1633e-06,0.0079553,8.2571e-06,5153.8,2.88e+05,-1.5087e-07,0.15766,-8.7544e-08,0.96475,226.31,-2.2658,-8.0803e-09,-2.8358e-10,1,1721,0,2,0,-1.071e-08,8,2.8083e+05,1721,2.88e+05,1.0411e+09
31,13,1,2,8,0,0,0.0002955,2.0464e-12,0,131,64.938,4.022e-09,-0.99948,3.1088e-06,0.0081273,9.4362e-06,5153.8,2.88e+05,-1.1548e-07,-1.9531,-5.0291e-08,0.98072,211.75,-0.82263,-7.9103e-09,3.0751e-10,1,1721,0,2,0,-1.3504e-08,131,2.8083e+05,1721,2.88e+05,1.0411e+09
3,13,1,2,8,0,0,0.00014976,5.1159e-12,0,61,-91.031,5.447e-09,0.60297,-4.5858e-06,0.015928,6.9756e-06,5153.7,2.88e+05,-1.8999e-07,-0.019945,7.0781e-08,0.93349,234.72,1.262,-8.845e-09,-3.7966e-10,1,1721,0,2.8,0,-4.6566e-09,61,2.8083e+05,1721,2.88e+05,1.0411e+09
11,13,1,2,8,0,0,-0.0003394,-3.7517e-12,0,58,-17.938,6.1524e-09,-0.75058,-8.6054e-07,0.013807,1.1221e-05,5153.7,2.88e+05,-8.0094e-08,0.87941,2.4028e-07,0.88851,123.41,1.1356,-8.9611e-09,5.2502e-11,1,1721,0,2,0,-1.1642e-08,58,2.8083e+05,1721,2.88e+05,1.0411e+09
4,13,1,2,7,59,44,9.2975e-05,1.1141e-11,0,4,7.4688,4.8806e-09,-2.5717,3.4459e-07,0.010413,1.0647e-05,5153.7,2.8798e+05,1.397e-07,1.1638,-8.0094e-08,0.93746,160.44,0.94967,-8.011e-09,2.9466e-10,1,1721,0,2,0,-6.5193e-09,4,2.856e+05,1721,2.8798e+05,1.0411e+09
1,13,1,2,7,59,44,0.00029094,2.2737e-12,0,0,9.75,4.4398e-09,-0.55233,3.8184e-07,0.0015288,1.1524e-05,5153.7,2.8798e+05,3.9116e-08,1.1656,4.2841e-08,0.9599,155.53,0.49951,-7.9389e-09,1.9858e-10,1,1721,0,2,0,8.3819e-09,0,2.8683e+05,1721,2.8798e+05,1.0411e+09
30,13,1,2,8,0,0,-0.00026489,1.2733e-11,0,33,18.688,4.8509e-09,1.7592,7.9907e-07,0.010856,3.1814e-06,5153.6,2.88e+05,1.6019e-07,-1.0283,-2.4959e-07,0.96226,319.03,1.6124,-8.3328e-09,2.2037e-10,1,1721,0,8,0,-4.6566e-09,33,2.8704e+05,1721,2.88e+05,1.0411e+09
7,13,1,2,7,59,44,0.00016416,4.4338e-12,0,3,60.688,4.0195e-09,-0.9537,3.1255e-06,0.0060514,9.4231e-06,5153.7,2.8798e+05,1.1176e-07,-1.957,-5.2154e-08,0.9757,202.88,-2.9219,-7.8775e-09,2.6787e-10,1,1721,0,2,0,-1.1176e-08,3,2.8722e+05,1721,2.8798e+05,1.0411e+09
30,13,1,2,7,59,44,-0.00026489,1.2392e-11,0,13,18.688,4.8509e-09,1.7569,7.9907e-07,0.010856,3.1814e-06,5153.6,2.8798e+05,1.6019e-07,-1.0283,-2.4959e-07,0.96226,319.03,1.6124,-8.3328e-09,2.2037e-10,1,1721,0,2,0,-4.6566e-09,13,2.8731e+05,1721,2.8798e+05,1.0411e+09
1,13,1,2,9,59,44,0.00029096,2.2737e-12,0,1,18.031,4.4602e-09,0.49787,9.6671e-07,0.0015303,1.1059e-05,5153.7,2.9518e+05,9.3132e-09,1.1656,3.3528e-08,0.9599,161.88,0.49947,-7.9546e-09,1.9787e-10,1,1721,0,2,0,8.3819e-09,1,2.88e+05,1721,2.9518e+05,1.0412e+09
13,13,1,2,10,0,0,0.00015559,-2.8422e-12,0,60,-12.094,3.8712e-09,2.5275,-5.6066e-07,0.0048692,9.3114e-06,5153.6,2.952e+05,5.4017e-08,-2.9252,5.0291e-08,0.98361,210.81,2.0684,-7.6646e-09,-4.4002e-10,1,1721,0,2,0,-1.1176e-08,60,2.88e+05,1721,2.952e+05,1.0412e+09
20,13,1,2,10,0,0,7.8558e-05,1.3642e-12,0,65,34.594,5.6317e-09,-1.3414,1.8012e-06,0.0054423,5.0142e-06,5153.6,2.952e+05,7.4506e-08,2.164,1.2852e-07,0.9285,265.5,1.281,-8.6925e-09,3.5359e-11,1,1721,0,2,0,-7.9162e-09,65,2.88e+05,1721,2.952e+05,1.0412e+09
23,13,1,2,10,0,0,0.00012796,-3.7517e-12,0,97,-16.25,4.5584e-09,1.7447,-7.4878e-07,0.0081368,8.6837e-06,5153.8,2.952e+05,-6.1467e-08,-3.0095,1.4342e-07,0.95788,211.69,-2.9168,-8.0925e-09,-5.0966e-10,1,1721,0,2.8,0,-2.0489e-08,97,2.88e+05,1721,2.952e+05,1.0412e+09
32,13,1,2,10,0,0,-0.00052246,-3.5243e-12,0,76,19.531,5.1977e-09,0.67812,8.624e-07,0.011684,4.7181e-06,5153.8,2.952e+05,2.7381e-07,2.3008,-9.4995e-08,0.94989,280.28,-0.42186,-8.5343e-09,-4.1787e-11,1,1721,0,2,0,-3.2596e-09,76,2.88e+05,1721,2.952e+05,1.0412e+09
4,13,1,2,9,59,44,9.3055e-05,1.1141e-11,0,5,11.156,4.8895e-09,-1.5215,6.2399e-07,0.010412,1.0885e-05,5153.7,2.9518e+05,2.4959e-07,1.1637,1.8626e-08,0.93747,154.38,0.94968,-8.0793e-09,2.4537e-10,1,1721,0,2,0,-6.5193e-09,5,2.8803e+05,1721,2.9518e+05,1.0412e+09
17,13,1,2,10,0,0,6.3621e-05,-3.5243e-12,0,65,-101.94,4.462e-09,2.8819,-5.2657e-06,0.0079562,8.3447e-06,5153.8,2.952e+05,2.0489e-08,0.1576,-1.0803e-07,0.96475,218.06,-2.2659,-7.9285e-09,-2.793e-10,1,1721,0,2,0,-1.071e-08,65,2.8803e+05,1721,2.952e+05,1.0412e+09
30,13,1,2,9,59,44,-0.0002648,1.2392e-11,0,36,21.5,4.7691e-09,2.8071,9.6112e-07,0.010855,3.1944e-06,5153.6,2.9518e+05,1.6764e-07,-1.0284,-5.0291e-08,0.96227,318.09,1.6124,-8.2043e-09,1.6429e-10,1,1721,0,2.8,0,-4.6566e-09,36,2.8803e+05,1721,2.9518e+05,1.0412e+09
31,13,1,2,10,0,0,0.00029552,2.0464e-12,0,132,57,3.953e-09,0.050533,2.9095e-06,0.0081274,8.7656e-06,5153.8,2.952e+05,-1.1176e-08,-1.9532,-1.2852e-07,0.98072,218.31,-0.82254,-7.9478e-09,2.1072e-10,1,1721,0,2,0,-1.3504e-08,132,2.8803e+05,1721,2.952e+05,1.0412e+09
7,13,1,2,9,59,44,0.00016419,4.4338e-12,0,23,66.25,4.0334e-09,0.096378,3.4794e-06,0.0060512,9.5852e-06,5153.7,2.9518e+05,9.127e-08,-1.9571,5.2154e-08,0.9757,202.38,-2.9218,-7.95e-09,2.3787e-10,1,1721,0,2,0,-1.1176e-08,23,2.8803e+05,1721,2.9518e+05,1.0412e+09
11,13,1,2,10,0,0,-0.00033943,-3.7517e-12,0,59,-17.813,6.1949e-09,0.29963,-7.5437e-07,0.013807,1.1001e-05,5153.7,2.952e+05,-1.7695e-07,0.87935,1.248e-07,0.88851,129.38,1.1356,-8.9725e-09,8.5718e-12,1,1721,0,2,0,-1.1642e-08,59,2.8803e+05,1721,2.952e+05,1.0412e+09
10,13,1,2,10,0,0,-6.46e-05,-1.4779e-12,0,97,27.094,5.1438e-09,-2.3994,1.343e-06,0.012219,5.3104e-06,5153.7,2.952e+05,9.3132e-08,2.2322,-1.3411e-07,0.94411,268.06,0.78684,-8.2839e-09,1.5393e-10,1,1721,0,2,0,-2.794e-09,97,2.8836e+05,1721,2.952e+05,1.0412e+09
27,13,1,2,10,0,0,-0.00019908,3.638e-12,0,102,5.2813,5.7617e-09,-2.5294,1.248e-07,0.0056764,3.4478e-06,5153.6,2.952e+05,9.4995e-08,-0.91953,-5.7742e-08,0.97607,321.38,0.85181,-8.1753e-09,1.9858e-10,1,1721,0,2.8,63,-1.9092e-08,102,2.8887e+05,1721,2.952e+05,1.0412e+09
27,13,1,2,9,59,44,-0.00019908,3.638e-12,0,0,5.2813,5.7617e-09,-2.5317,1.248e-07,0.0056764,3.4459e-06,5153.6,2.9518e+05,9.4995e-08,-0.91952,-5.7742e-08,0.97607,321.38,0.85181,-8.175e-09,1.9858e-10,1,1721,0,2,63,-1.9092e-08,0,2.9376e+05,1721,2.9518e+05,1.0412e+09
7,13,1,2,12,0,0,0.00016423,4.4338e-12,0,24,62.156,3.9948e-09,1.149,3.2596e-06,0.0060508,9.3002e-06,5153.7,3.024e+05,-6.1467e-08,-1.9571,1.2107e-07,0.9757,208.34,-2.922,-7.8475e-09,1.3215e-10,1,1721,0,2,0,-1.1176e-08,24,2.952e+05,1721,3.024e+05,1.0412e+09
10,13,1,2,12,0,0,-6.4611e-05,-1.4779e-12,0,98,30.75,5.2102e-09,-1.3493,1.6671e-06,0.012219,4.9397e-06,5153.7,3.024e+05,3.2596e-07,2.2321,-2.2352e-08,0.94411,273.69,0.78691,-8.4193e-09,1.7501e-11,1,1721,0,2,0,-2.794e-09,98,2.952e+05,1721,3.024e+05,1.0412e+09
13,13,1,2,12,0,0,0.00015557,-2.8422e-12,0,61,-6.9688,3.9162e-09,-2.7054,-3.6694e-07,0.0048702,9.1046e-06,5153.6,3.024e+05,2.794e-08,-2.9253,7.4506e-08,0.9836,215.84,2.0684,-7.6571e-09,-4.1787e-10,1,1721,0,2,0,-1.1176e-08,61,2.952e+05,1721,3.024e+05,1.0412e+09
20,13,1,2,12,0,0,7.8567e-05,1.3642e-12,0,76,36.781,5.6606e-09,-0.29109,1.9185e-06,0.0054425,4.9509e-06,5153.6,3.024e+05,-1.8626e-08,2.1639,9.3132e-08,0.9285,266.41,1.281,-8.7532e-09,3.7502e-11,1,1721,0,2,0,-7.9162e-09,76,2.952e+05,1721,3.024e+05,1.0412e+09
23,13,1,2,11,59,44,0.00012794,-3.7517e-12,0,21,-16.969,4.512e-09,2.7924,-9.5367e-07,0.0081365,8.4937e-06,5153.8,3.0238e+05,-1.2666e-07,-3.0095,-2.794e-08,0.95788,214.41,-2.9168,-7.9493e-09,-4.2037e-10,1,1721,0,2,0,-2.0489e-08,21,2.952e+05,1721,3.0238e+05,1.0412e+09
32,13,1,2,12,0,0,-0.00052249,-3.5243e-12,0,79,33.594,5.0452e-09,1.7281,1.7732e-06,0.011685,4.8317e-06,5153.8,3.024e+05,8.1956e-08,2.3008,1.7136e-07,0.94989,277.72,-0.4217,-8.2939e-09,-2.1715e-10,1,1721,0,2,0,-3.2596e-09,79,2.952e+05,1721,3.024e+05,1.0412e+09
4,13,1,2,12,0,0,9.3135e-05,1.1141e-11,0,6,17.219,5.0434e-09,-0.46906,9.7789e-07,0.010412,1.1003e-05,5153.7,3.024e+05,-2.4214e-08,1.1636,1.4715e-07,0.93747,154.44,0.94971,-8.3868e-09,2.1394e-10,1,1721,0,2,0,-6.5193e-09,6,2.9523e+05,1721,3.024e+05,1.0412e+09
16,13,1,2,12,0,0,-0.00025144,-3.4106e-13,0,85,-0.5625,4.2938e-09,-1.3795,-2.4959e-07,0.0067726,3.7309e-06,5153.6,3.024e+05,2.6077e-08,-0.88061,-7.2643e-08,0.98314,316.97,0.027015,-8.1607e-09,2.4965e-10,1,1721,0,2,0,-9.7789e-09,85,2.9523e+05,1721,3.024e+05,1.0412e+09
30,13,1,2,12,0,0,-0.00026471,1.2392e-11,0,37,16.625,4.6188e-09,-2.4235,9.127e-07,0.010854,3.5036e-06,5153.6,3.024e+05,8.7544e-08,-1.0285,1.0617e-07,0.96227,306.53,1.6124,-8.1768e-09,2.968e-10,1,1721,0,5.7,0,-4.6566e-09,37,2.9523e+05,1721,3.024e+05,1.0412e+09
2,13,1,2,12,0,0,0.00041345,1.3642e-12,0,64,7.2813,4.8773e-09,2.5409,2.8871e-07,0.01182,1.196e-05,5153.6,3.024e+05,-2.0862e-07,1.147,-1.2852e-07,0.93844,136.19,-2.698,-8.0125e-09,2.343e-10,1,1721,0,2,0,-1.7695e-08,64,2.9523e+05,1721,3.024e+05,1.0412e+09
8,13,1,2,12,0,0,3.7681e-06,2.2737e-13,0,36,67.813,3.5269e-09,0.55776,3.6191e-06,0.012713,9.1586e-06,5153.6,3.024e+05,1.397e-07,-1.869,2.6636e-07,0.99816,222.59,-2.8869,-7.7346e-09,2.3537e-10,1,1721,0,2,0,-4.191e-09,36,2.9523e+05,1721,3.024e+05,1.0412e+09
5,13,1,2,12,0,0,-0.00037634,-2.16e-12,0,11,30.969,5.1109e-09,-1.7052,1.5739e-06,0.0031787,5.4706e-06,5153.8,3.024e+05,1.8626e-09,2.2118,-5.9605e-08,0.94925,268.56,0.31057,-8.3857e-09,7.4289e-11,1,1721,0,2,0,-1.0245e-08,11,2.979e+05,1721,3.024e+05,1.0412e+09
28,13,1,2,12,0,0,0.00021971,3.5243e-12,0,50,1.8438,4.3305e-09,-1.6069,5.383e-07,0.018596,3.0771e-06,5153.6,3.024e+05,3.0175e-07,-0.87417,3.0361e-07,0.98155,327.09,-1.7984,-8.0889e-09,2.2072e-10,1,1721,0,2,0,-1.071e-08,50,2.982e+05,1721,3.024e+05,1.0412e+09
26,13,1,2,12,0,0,-0.00015305,1.3529e-11,0,100,-20.688,3.8566e-09,2.674,-1.125e-06,0.020994,9.0469e-06,5153.7,3.024e+05,2.1048e-07,-2.9321,-1.6019e-07,0.98109,211.19,1.2134,-7.435e-09,-4.5716e-10,1,1721,0,2.8,0,-6.0536e-09,100,2.9865e+05,1721,3.024e+05,1.0412e+09
26,13,1,2,11,59,44,-0.00015304,1.3642e-11,0,4,-20.719,3.8569e-09,2.6716,-1.125e-06,0.020994,9.0469e-06,5153.7,3.0238e+05,2.1048e-07,-2.9321,-1.6205e-07,0.98109,211.19,1.2134,-7.435e-09,-4.5716e-10,1,1721,0,2,0,-6.0536e-09,4,2.9928e+05,1721,3.0238e+05,1.0412e+09
7,13,1,2,14,0,0,0.00016426,4.4338e-12,0,25,56.75,3.9827e-09,2.1991,2.9635e-06,0.0060504,9.1642e-06,5153.7,3.096e+05,-1.1362e-07,-1.9572,4.4703e-08,0.9757,211.38,-2.9219,-7.8221e-09,1.2643e-10,1,1721,0,2,0,-1.1176e-08,25,3.024e+05,1721,3.096e+05,1.0412e+09
10,13,1,2,14,0,0,-6.4622e-05,-1.4779e-12,0,101,30.375,5.3934e-09,-0.29919,1.7025e-06,0.012219,4.8727e-06,5153.7,3.096e+05,4.8429e-08,2.2321,1.546e-07,0.94411,274.47,0.7869,-8.7318e-09,-2.4287e-11,1,1721,0,2,0,-2.794e-09,101,3.024e+05,1721,3.096e+05,1.0412e+09
13,13,1,2,14,0,0,0.00015555,-2.8422e-12,0,83,-8.0625,3.9445e-09,-1.6549,-4.4331e-07,0.0048694,8.6222e-06,5153.6,3.096e+05,-1.248e-07,-2.9253,7.8231e-08,0.9836,226.13,2.0681,-7.8e-09,-4.2002e-10,1,1721,0,2,0,-1.1176e-08,83,3.024e+05,1721,3.096e+05,1.0412e+09
23,13,1,2,14,0,0,0.00012791,-3.7517e-12,0,22,-13.844,4.5152e-09,-2.4383,-8.4378e-07,0.0081355,8.1398e-06,5153.8,3.096e+05,-8.9407e-08,-3.0096,-1.397e-07,0.95788,221.44,-2.9168,-8.0214e-09,-3.7609e-10,1,1721,0,2,0,-2.0489e-08,22,3.024e+05,1721,3.096e+05,1.0412e+09
26,13,1,2,13,59,44,-0.00015294,1.3642e-11,0,16,-16.656,3.8741e-09,-2.5614,-8.8476e-07,0.020994,8.8662e-06,5153.7,3.0958e+05,2.7381e-07,-2.9322,0,0.98109,214.69,1.2134,-7.4517e-09,-3.4359e-10,1,1721,0,2,0,-6.0536e-09,16,3.024e+05,1721,3.0958e+05,1.0412e+09
28,13,1,2,14,0,0,0.00021973,3.5243e-12,0,79,-0.03125,4.4548e-09,-0.5568,1.993e-07,0.018596,4.027e-06,5153.6,3.096e+05,-1.4342e-07,-0.87423,2.0862e-07,0.98155,318.69,-1.7983,-8.5079e-09,2.5644e-10,1,1721,0,2.8,0,-1.071e-08,79,3.024e+05,1721,3.096e+05,1.0412e+09
4,13,1,2,14,0,0,9.3215e-05,1.1141e-11,0,8,14.188,5.0949e-09,0.58113,9.872e-07,0.010412,1.077e-05,5153.7,3.096e+05,-1.3225e-07,1.1636,9.3132e-08,0.93747,161.31,0.94968,-8.3489e-09,1.3643e-10,1,1721,0,2,0,-6.5193e-09,8,3.0243e+05,1721,3.096e+05,1.0412e+09
5,13,1,2,14,0,0,-0.00037635,-2.16e-12,0,24,33.281,5.157e-09,-0.65521,1.7025e-06,0.0031787,5.3104e-06,5153.8,3.096e+05,8.1956e-08,2.2118,-1.8626e-09,0.94925,271.19,0.3107,-8.4518e-09,1.3929e-11,1,1721,0,2,0,-1.0245e-08,24,3.0243e+05,1721,3.096e+05,1.0412e+09
2,13,1,2,14,0,0,0.00041346,1.3642e-12,0,91,17.344,4.8577e-09,-2.692,7.9721e-07,0.011818,1.163e-05,5153.6,3.096e+05,-7.2643e-08,1.147,-2.1793e-07,0.93844,140.56,-2.6981,-8.0107e-09,2.7358e-10,1,1721,0,2,0,-1.7695e-08,91,3.0243e+05,1721,3.096e+05,1.0412e+09
8,13,1,2,14,0,0,3.7695e-06,2.2737e-13,0,37,63.75,3.5187e-09,1.608,3.431e-06,0.012713,9.0469e-06,5153.6,3.096e+05,-1.1176e-07,-1.8691,1.5646e-07,0.99816,226.28,-2.8869,-7.6453e-09,4.9645e-11,1,1721,0,2,0,-4.191e-09,37,3.0243e+05,1721,3.096e+05,1.0412e+09
9,13,1,2,14,0,0,0.00021088,2.6148e-12,0,13,56.969,3.6394e-09,1.9744,2.8238e-06,0.017049,9.9577e-06,5152.8,3.096e+05,3.241e-07,-1.9814,-1.5087e-07,0.98439,194.78,1.6354,-7.511e-09,1.6465e-10,1,1721,0,2,0,-5.5879e-09,13,3.0519e+05,1721,3.096e+05,1.0412e+09
19,13,1,2,14,0,0,-0.00033635,-3.2969e-12,0,82,-87.375,4.5445e-09,-2.0231,-4.7479e-06,0.0087828,8.3987e-06,5153.7,3.096e+05,2.6077e-08,0.20983,-1.7881e-07,0.96202,218.09,0.27513,-8.0385e-09,-2.9644e-11,1,1721,0,2,0,-1.4435e-08,82,3.0528e+05,1721,3.096e+05,1.0412e+09
15,13,1,2,14,0,0,-0.00010396,-1.1369e-12,0,51,-23.781,4.9256e-09,-1.9366,-1.274e-06,0.0051821,8.11e-06,5153.7,3.096e+05,-1.1176e-08,-3.0486,-1.6764e-08,0.94301,215.31,0.097972,-8.2725e-09,-4.1537e-10,1,1721,0,2,0,-1.0245e-08,51,3.0615e+05,1721,3.096e+05,1.0412e+09
9,13,1,2,13,59,44,0.00021088,2.6148e-12,0,18,56.969,3.6394e-09,1.9721,2.8238e-06,0.017049,9.9577e-06,5152.8,3.0958e+05,3.241e-07,-1.9814,-1.5087e-07,0.98439,194.75,1.6354,-7.511e-09,1.6465e-10,1,1721,0,2,0,-5.5879e-09,18,3.069e+05,1721,3.0958e+05,1.0412e+09
17,13,1,2,14,0,0,6.357e-05,-3.5243e-12,0,75,-81.813,4.5598e-09,-1.3013,-4.1649e-06,0.0079562,8.1044e-06,5153.8,3.096e+05,1.397e-07,0.15748,9.4995e-08,0.96474,222.78,-2.2656,-8.011e-09,-1.4858e-10,1,1721,0,2,0,-1.071e-08,75,3.0717e+05,1721,3.096e+05,1.0412e+09
7,13,1,2,16,0,0,0.00016429,4.4338e-12,0,49,50.469,3.9177e-09,-3.034,2.6245e-06,0.0060502,9.1624e-06,5153.7,3.168e+05,-5.2154e-08,-1.9572,-3.539e-08,0.97571,211.88,-2.9219,-7.735e-09,1.4822e-10,1,1721,0,2,0,-1.1176e-08,49,3.096e+05,1721,3.168e+05,1.0412e+09
9,13,1,2,15,59,44,0.0002109,2.6148e-12,0,21,58.219,3.633e-09,3.0228,3.051e-06,0.017049,9.6112e-06,5152.8,3.1678e+05,1.8068e-07,-1.9814,2.2352e-08,0.98439,203.5,1.6354,-7.3957e-09,7.9646e-11,1,1721,0,2,0,-5.5879e-09,21,3.096e+05,1721,3.1678e+05,1.0412e+09
10,13,1,2,16,0,0,-6.4632e-05,-1.4779e-12,0,102,38.969,5.357e-09,0.7509,2.306e-06,0.012221,5.3681e-06,5153.7,3.168e+05,-7.8231e-08,2.232,1.4342e-07,0.94411,266.69,0.78695,-8.6725e-09,-1.1072e-10,1,1721,0,2,0,-2.794e-09,102,3.096e+05,1721,3.168e+05,1.0412e+09
15,13,1,2,16,0,0,-0.00010397,-1.1369e-12,0,79,-19.938,4.9641e-09,-0.88661,-1.0822e-06,0.0051819,7.7393e-06,5153.7,3.168e+05,7.2643e-08,-3.0486,-5.9605e-08,0.943,221.56,0.098167,-8.3039e-09,-4.8323e-10,1,1721,0,2,0,-1.0245e-08,79,3.096e+05,1721,3.168e+05,1.0412e+09
26,13,1,2,16,0,0,-0.00015285,1.3642e-11,0,17,-7.4688,4.0134e-09,-1.5089,-2.3469e-07,0.020995,8.4881e-06,5153.7,3.168e+05,4.0233e-07,-2.9322,3.7625e-07,0.98108,222.91,1.2134,-7.7021e-09,-4.8895e-10,1,1721,0,2,0,-6.0536e-09,17,3.096e+05,1721,3.168e+05,1.0412e+09
28,13,1,2,16,0,0,0.00021976,3.5243e-12,0,80,3.5938,4.3305e-09,0.49341,1.9558e-07,0.018597,4.3716e-06,5153.6,3.168e+05,-2.6822e-07,-0.87429,1.8626e-09,0.98155,308.97,-1.7983,-8.4661e-09,7.5003e-11,1,1721,0,2.8,0,-1.071e-08,80,3.096e+05,1721,3.168e+05,1.0412e+09
5,13,1,2,16,0,0,-0.00037637,-2.16e-12,0,25,34.438,5.2002e-09,0.39492,1.8664e-06,0.0031792,4.9528e-06,5153.8,3.168e+05,5.5879e-08,2.2117,3.3528e-08,0.94925,274.44,0.31068,-8.46e-09,5.0002e-12,1,1721,0,2,0,-1.0245e-08,25,3.0963e+05,1721,3.168e+05,1.0412e+09
8,13,1,2,16,0,0,3.7709e-06,2.2737e-13,0,38,52.563,3.4305e-09,2.6581,2.6412e-06,0.012712,8.9873e-06,5153.6,3.168e+05,-1.9744e-07,-1.8691,-7.8231e-08,0.99816,226.97,-2.8868,-7.4675e-09,1.6572e-10,1,1721,0,2,0,-4.191e-09,38,3.0963e+05,1721,3.168e+05,1.0412e+09
17,13,1,2,16,0,0,6.3545e-05,-3.5243e-12,0,76,-78.188,4.5591e-09,-0.2511,-4.0364e-06,0.0079574,7.8343e-06,5153.8,3.168e+05,-5.5879e-08,0.15742,9.127e-08,0.96474,233.16,-2.2658,-8.2046e-09,-1.4501e-10,1,1721,0,2,0,-1.071e-08,76,3.0963e+05,1721,3.168e+05,1.0412e+09
24,13,1,2,16,0,0,1.3206e-06,-6.8212e-13,0,96,57.156,4.2295e-09,-1.8358,2.984e-06,0.00044086,9.8739e-06,5153.7,3.168e+05,-5.4017e-08,-1.9833,8.7544e-08,0.95932,189.53,-0.13237,-7.9478e-09,1.3429e-10,1,1721,0,2.8,0,4.191e-09,96,3.0972e+05,1721,3.168e+05,1.0412e+09
18,13,1,2,16,0,0,0.00023243,1.819e-12,0,5,37.5,5.7988e-09,1.241,1.9446e-06,0.013633,5.5935e-06,5153.7,3.168e+05,-2.3842e-07,2.2174,7.0781e-08,0.92789,258.88,-2.1316,-8.9289e-09,-1.2143e-11,1,1721,0,2,0,-1.071e-08,5,3.1311e+05,1721,3.168e+05,1.0412e+09
12,13,1,2,16,0,0,0.0001102,2.0464e-12,0,29,8.1563,4.2162e-09,2.9752,5.0291e-07,0.0041323,3.6303e-06,5153.6,3.168e+05,-2.6077e-08,-0.89903,-3.7253e-08,0.98238,320.53,0.13794,-8.1121e-09,2.568e-10,1,1721,0,2,0,-1.2107e-08,29,3.1353e+05,1721,3.168e+05,1.0412e+09
8,13,1,2,15,59,44,3.7812e-06,2.2737e-13,0,5,52.563,3.4305e-09,2.6558,2.6412e-06,0.012712,8.9873e-06,5153.6,3.1678e+05,-1.9744e-07,-1.8691,-7.8231e-08,0.99816,226.97,-2.8868,-7.4675e-09,1.6572e-10,1,1721,0,2,0,-4.191e-09,5,3.1593e+05,1721,3.1678e+05,1.0412e+09
9,13,1,2,18,0,0,0.00021092,2.6148e-12,0,27,53.844,3.6944e-09,-2.2074,2.8387e-06,0.01705,9.2722e-06,5152.8,3.24e+05,2.7753e-07,-1.9815,1.6578e-07,0.98439,212.03,1.6354,-7.471e-09,3.7502e-11,1,1721,0,2,0,-5.5879e-09,27,3.168e+05,1721,3.24e+05,1.0412e+09
12,13,1,2,18,0,0,0.00011022,2.0464e-12,0,67,5.25,4.1959e-09,-2.2578,3.4459e-07,0.0041328,3.8128e-06,5153.6,3.24e+05,-1.3039e-08,-0.89909,9.3132e-09,0.98239,318.06,0.13798,-8.0675e-09,2.393e-10,1,1721,0,2,0,-1.2107e-08,67,3.168e+05,1721,3.24e+05,1.0412e+09
15,13,1,2,18,0,0,-0.00010398,-1.1369e-12,0,81,-21.594,5.032e-09,0.16361,-1.2331e-06,0.0051832,7.0706e-06,5153.7,3.24e+05,2.9802e-08,-3.0487,3.1665e-08,0.943,230.75,0.098121,-8.3964e-09,-5.1109e-10,1,1721,0,2,0,-1.0245e-08,81,3.168e+05,1721,3.24e+05,1.0412e+09
24,13,1,2,18,0,0,1.316e-06,-6.8212e-13,0,97,52.344,4.3152e-09,-0.78933,2.7083e-06,0.00044097,9.3374e-06,5153.7,3.24e+05,1.6764e-08,-1.9834,-6.1467e-08,0.95932,202.03,-0.12873,-7.9725e-09,-3.9287e-12,1,1721,0,2.8,0,4.191e-09,97,3.168e+05,1721,3.24e+05,1.0412e+09
26,13,1,2,18,0,0,-0.00015275,1.3642e-11,0,18,-7.125,4.2252e-09,-0.45865,-2.3283e-07,0.020996,8.1994e-06,5153.7,3.24e+05,-1.9744e-07,-2.9323,2.0489e-07,0.98108,233.88,1.2134,-8.2821e-09,-4.3216e-10,1,1721,0,2,0,-6.0536e-09,18,3.168e+05,1721,3.24e+05,1.0412e+09
28,13,1,2,18,0,0,0.00021979,3.5243e-12,0,81,2.0313,4.243e-09,1.5436,-1.8626e-07,0.018597,4.407e-06,5153.6,3.24e+05,-2.6263e-07,-0.87435,-4.0606e-07,0.98156,306.75,-1.7983,-8.1821e-09,2.1572e-10,1,1721,0,2.8,0,-1.071e-08,81,3.168e+05,1721,3.24e+05,1.0412e+09
5,13,1,2,18,0,0,-0.00037638,-2.16e-12,0,73,40.25,5.2095e-09,1.4446,2.3227e-06,0.00318,5.6401e-06,5153.8,3.24e+05,3.7253e-08,2.2117,9.127e-08,0.94925,264.75,0.31109,-8.4511e-09,2.5001e-11,1,1721,0,2,0,-1.0245e-08,73,3.1683e+05,1721,3.24e+05,1.0412e+09
8,13,1,2,17,59,44,3.7826e-06,2.2737e-13,0,6,45.469,3.4641e-09,-2.5772,2.2408e-06,0.012713,9.2965e-06,5153.6,3.2398e+05,-1.1362e-07,-1.8692,-1.6391e-07,0.99816,220.72,-2.8868,-7.4678e-09,1.9501e-10,1,1721,0,2,0,-4.191e-09,6,3.1683e+05,1721,3.2398e+05,1.0412e+09
17,13,1,2,18,0,0,6.3519e-05,-3.5243e-12,0,77,-80.656,4.5288e-09,0.79905,-4.2878e-06,0.0079568,7.5232e-06,5153.8,3.24e+05,-1.0431e-07,0.15737,2.9802e-08,0.96474,237.19,-2.2658,-8.1907e-09,-1.9572e-10,1,1721,0,2,0,-1.071e-08,77,3.1683e+05,1721,3.24e+05,1.0412e+09
18,13,1,2,18,0,0,0.00023244,1.819e-12,0,6,36.656,5.6009e-09,2.2911,1.6801e-06,0.013632,5.1055e-06,5153.8,3.24e+05,2.794e-08,2.2173,-2.9802e-07,0.92789,263.34,-2.1316,-8.4879e-09,1.0929e-10,1,1721,0,2,0,-1.071e-08,6,3.1683e+05,1721,3.24e+05,1.0412e+09
4,13,1,2,18,0,0,9.3374e-05,1.1141e-11,0,41,0.15625,4.9856e-09,2.6813,-5.5879e-08,0.010412,1.0641e-05,5153.7,3.24e+05,1.8626e-09,1.1635,-1.5646e-07,0.93747,161.94,0.9498,-7.9832e-09,2.3715e-10,1,1721,0,2,0,-6.5193e-09,41,3.1758e+05,1721,3.24e+05,1.0412e+09
25,13,1,2,18,0,0,6.0276e-05,2.3874e-12,0,89,14.094,4.4266e-09,3.0522,7.9162e-07,0.0019522,3.811e-06,5153.6,3.24e+05,7.6368e-08,-0.93571,-5.5879e-09,0.97121,312.47,0.59829,-8.2271e-09,2.6573e-10,1,1721,0,2,0,5.1223e-09,89,3.195e+05,1721,3.24e+05,1.0412e+09
2,13,1,2,17,59,44,0.00041348,1.3642e-12,0,1,5.4688,5.0877e-09,-0.59411,4.0047e-07,0.011821,1.0027e-05,5153.6,3.2398e+05,1.9185e-07,1.1469,1.3411e-07,0.93844,175.13,-2.6979,-8.3128e-09,2.2572e-10,1,1721,0,2,0,-1.7695e-08,1,3.2007e+05,1721,3.2398e+05,1.0412e+09
14,13,1,2,17,59,44,0.00021909,4.5475e-13,0,12,-16.25,4.2562e-09,0.60253,-8.2515e-07,0.0067373,8.5495e-06,5153.7,3.2398e+05,-5.0291e-08,-2.9537,6.8918e-08,0.97633,225,-2.0169,-8.0532e-09,-5.5288e-10,1,1721,0,2,0,-8.8476e-09,12,3.2175e+05,1721,3.2398e+05,1.0412e+09
29,13,1,2,17,59,44,0.00039386,3.979e-12,0,11,-81.844,4.4105e-09,-2.6075,-4.2487e-06,0.00182,7.8883e-06,5153.7,3.2398e+05,-1.8626e-08,0.16606,6.5193e-08,0.96534,225.91,-1.1107,-8.0046e-09,-1.2965e-10,1,1721,0,2,0,-9.3132e-09,11,3.2331e+05,1721,3.2398e+05,1.0412e+09
2,13,1,2,20,0,0,0.00041349,1.3642e-12,0,2,-2.875,5.0956e-09,0.45847,-7.8231e-08,0.01182,1.0308e-05,5153.6,3.312e+05,5.4017e-08,1.1468,2.1607e-07,0.93844,171.81,-2.6979,-8.3193e-09,1.8751e-10,1,1721,0,2,0,-1.7695e-08,2,3.24e+05,1721,3.312e+05,1.0412e+09
9,13,1,2,20,0,0,0.00021094,2.6148e-12,0,28,44.313,3.8973e-09,-1.1567,2.427e-06,0.017049,9.2704e-06,5152.8,3.312e+05,-2.6636e-07,-1.9815,2.6636e-07,0.98439,216.59,1.6353,-7.9878e-09,1.6429e-11,1,1721,0,2,0,-5.5879e-09,28,3.24e+05,1721,3.312e+05,1.0412e+09
12,13,1,2,20,0,0,0.00011023,2.0464e-12,0,70,4.9688,4.1673e-09,-1.2072,3.241e-07,0.0041326,4.4182e-06,5153.6,3.312e+05,9.3132e-09,-0.89915,-8.5682e-08,0.98239,307.25,0.13762,-8.0736e-09,1.6001e-10,1,1721,0,2,0,-1.2107e-08,70,3.24e+05,1721,3.312e+05,1.0412e+09
15,13,1,2,20,0,0,-0.00010399,-1.1369e-12,0,82,-16.813,5.1081e-09,1.2137,-6.3889e-07,0.0051838,6.9141e-06,5153.7,3.312e+05,4.6566e-08,-3.0487,2.0489e-08,0.94299,233.75,0.098174,-8.4132e-09,-4.9645e-10,1,1721,0,2,0,-1.0245e-08,82,3.24e+05,1721,3.312e+05,1.0412e+09
24,13,1,2,20,0,0,1.3118e-06,-6.8212e-13,0,100,38.875,4.3609e-09,0.26265,1.8589e-06,0.00044293,8.7209e-06,5153.7,3.312e+05,9.3132e-09,-1.9835,1.4901e-08,0.95932,209.75,-0.13056,-8.0443e-09,-3.393e-11,1,1721,0,4,0,4.191e-09,100,3.24e+05,1721,3.312e+05,1.0412e+09
26,13,1,2,20,0,0,-0.00015265,1.3642e-11,0,20,-12.281,4.2855e-09,0.59153,-4.6007e-07,0.020995,8.1863e-06,5153.7,3.312e+05,-2.6077e-07,-2.9323,1.8626e-09,0.98107,237.75,1.2134,-8.265e-09,-5.7395e-10,1,1721,0,2,0,-6.0536e-09,20,3.24e+05,1721,3.312e+05,1.0412e+09
29,13,1,2,20,0,0,0.00039389,3.979e-12,0,12,-79.719,4.3602e-09,-1.5545,-4.0978e-06,0.0018198,7.73e-06,5153.7,3.312e+05,-6.7055e-08,0.166,3.1665e-08,0.96534,232.72,-1.1112,-8.046e-09,-1.2215e-10,1,1721,0,2,0,-9.3132e-09,12,3.24e+05,1721,3.312e+05,1.0412e+09
4,13,1,2,20,0,0,9.3454e-05,1.1141e-11,0,86,1.1563,4.9388e-09,-2.5517,-2.0303e-07,0.010412,1.082e-05,5153.7,3.312e+05,1.4715e-07,1.1634,-1.0245e-07,0.93747,155.13,0.94976,-8.036e-09,3.3609e-10,1,1721,0,2,0,-6.5193e-09,86,3.2403e+05,1721,3.312e+05,1.0412e+09
14,13,1,2,20,0,0,0.00021909,4.5475e-13,0,13,-16.781,4.2134e-09,1.655,-9.9465e-07,0.0067372,8.449e-06,5153.7,3.312e+05,-1.6764e-07,-2.9537,-9.3132e-08,0.97632,226.75,-2.0169,-7.9171e-09,-4.4645e-10,1,1721,0,2,0,-8.8476e-09,13,3.2403e+05,1721,3.312e+05,1.0412e+09
17,13,1,2,20,0,0,6.3493e-05,-3.5243e-12,0,78,-89.094,4.4095e-09,1.849,-4.5691e-06,0.007957,7.5363e-06,5153.8,3.312e+05,-1.5274e-07,0.15731,-9.3132e-08,0.96474,235.56,-2.2657,-8.1146e-09,-1.4965e-10,1,1721,0,2.8,0,-1.071e-08,78,3.2403e+05,1721,3.312e+05,1.0412e+09
25,13,1,2,20,0,0,6.0293e-05,2.3874e-12,0,90,14.094,4.3923e-09,-2.1805,8.4192e-07,0.001952,4.0792e-06,5153.6,3.312e+05,-5.5879e-08,-0.93577,9.3132e-09,0.97121,307.72,0.59809,-8.1593e-09,1.7536e-10,1,1721,0,2,0,5.1223e-09,90,3.2403e+05,1721,3.312e+05,1.0412e+09
31,13,1,2,20,0,0,0.00029559,2.0464e-12,0,142,48.531,3.9255e-09,-0.98256,2.4401e-06,0.0081267,9.8646e-06,5153.8,3.312e+05,-1.1548e-07,-1.9534,-1.4901e-08,0.98073,203.69,-0.82215,-7.8771e-09,1.3108e-10,1,1721,0,2.8,0,-1.3504e-08,142,3.3051e+05,1721,3.312e+05,1.0412e+09
2,13,1,2,22,0,0,0.0004135,1.3642e-12,0,15,-4.1563,4.8877e-09,1.5084,-1.4529e-07,0.011821,1.153e-05,5153.6,3.384e+05,-1.1735e-07,1.1467,1.7323e-07,0.93844,143.13,-2.6976,-8.2646e-09,1.1572e-10,1,1721,0,2,0,-1.7695e-08,15,3.312e+05,1721,3.384e+05,1.0412e+09
9,13,1,2,22,0,0,0.00021096,2.6148e-12,0,29,34.688,3.9662e-09,-0.10603,1.8738e-06,0.017049,9.5312e-06,5152.8,3.384e+05,-2.5518e-07,-1.9816,9.3132e-09,0.98439,211.09,1.6354,-8.0911e-09,3.8573e-11,1,1721,0,2,0,-5.5879e-09,29,3.312e+05,1721,3.384e+05,1.0412e+09
12,13,1,2,22,0,0,0.00011025,2.0464e-12,0,75,6.8438,4.2805e-09,-0.15706,2.5332e-07,0.0041321,4.5225e-06,5153.6,3.384e+05,4.4703e-08,-0.89921,2.2352e-08,0.98239,303.13,0.13766,-8.1632e-09,1.0715e-10,1,1721,0,2,0,-1.2107e-08,75,3.312e+05,1721,3.384e+05,1.0412e+09
24,13,1,2,22,0,0,1.3071e-06,-6.8212e-13,0,120,33.25,4.477e-09,1.3139,1.8403e-06,0.00044215,8.8438e-06,5153.7,3.384e+05,3.539e-08,-1.9835,-1.8626e-08,0.95932,205.19,-0.13169,-8.0768e-09,-1e-11,1,1721,0,4,0,4.191e-09,120,3.312e+05,1721,3.384e+05,1.0412e+09
29,13,1,2,22,0,0,0.00039392,3.979e-12,0,13,-81.344,4.3909e-09,-0.50454,-4.1425e-06,0.0018194,7.5679e-06,5153.7,3.384e+05,-8.5682e-08,0.16594,-2.6077e-08,0.96534,236.91,-1.111,-8.0535e-09,-1.3858e-10,1,1721,0,2,0,-9.3132e-09,13,3.312e+05,1721,3.384e+05,1.0412e+09
31,13,1,2,22,0,0,0.0002956,2.0464e-12,0,143,42.719,3.9641e-09,0.06742,2.1551e-06,0.0081263,9.3337e-06,5153.8,3.384e+05,5.5879e-09,-1.9535,-1.248e-07,0.98073,213.44,-0.82203,-7.9218e-09,4.2859e-12,1,1721,0,2.8,0,-1.3504e-08,143,3.312e+05,1721,3.384e+05,1.0412e+09
4,13,1,2,22,0,0,9.3534e-05,1.1141e-11,0,89,4.375,4.8531e-09,-1.5015,3.4086e-07,0.010411,1.0893e-05,5153.7,3.384e+05,2.2911e-07,1.1634,3.7253e-09,0.93748,148.63,0.94977,-8.0903e-09,3.1001e-10,1,1721,0,2,0,-6.5193e-09,89,3.3123e+05,1721,3.384e+05,1.0412e+09
14,13,1,2,22,0,0,0.0002191,4.5475e-13,0,14,-14.438,4.1877e-09,2.705,-7.8045e-07,0.0067365,7.7188e-06,5153.7,3.384e+05,-2.4214e-08,-2.9538,-1.2666e-07,0.97632,235.63,-2.0168,-7.81e-09,-4.3788e-10,1,1721,0,2,0,-8.8476e-09,14,3.3123e+05,1721,3.384e+05,1.0412e+09
25,13,1,2,22,0,0,6.0311e-05,2.3874e-12,0,91,8.2813,4.4188e-09,-1.1297,3.9488e-07,0.0019517,4.5095e-06,5153.6,3.384e+05,4.0978e-08,-0.93582,0,0.97121,300.16,0.59746,-8.2061e-09,1.0429e-10,1,1721,0,2,0,5.1223e-09,91,3.3123e+05,1721,3.384e+05,1.0412e+09
5,13,1,2,22,0,0,-0.00037641,-2.16e-12,0,81,40.844,5.1909e-09,-2.7384,2.0675e-06,0.0031807,6.2026e-06,5153.8,3.384e+05,-9.3132e-08,2.2115,-9.6858e-08,0.94925,256.19,0.31109,-8.3582e-09,1.6108e-10,1,1721,0,2,0,-1.0245e-08,81,3.3156e+05,1721,3.384e+05,1.0412e+09
21,13,1,2,22,0,0,-0.00027219,-2.2737e-12,0,21,13.406,5.1477e-09,-0.78548,1.0133e-06,0.019603,9.8739e-06,5153.8,3.384e+05,8.3819e-08,1.1679,4.2468e-07,0.93123,175.75,-2.1911,-8.5136e-09,2.3858e-10,1,1721,0,2,0,-1.1176e-08,21,3.318e+05,1721,3.384e+05,1.0412e+09
24,13,1,2,21,59,44,1.3039e-06,-6.8212e-13,0,15,33.25,4.477e-09,1.3116,1.8403e-06,0.00044215,8.8438e-06,5153.7,3.3838e+05,3.539e-08,-1.9835,-1.8626e-08,0.95932,205.19,-0.13169,-8.0768e-09,-1e-11,1,1721,0,2,0,4.191e-09,15,3.3228e+05,1721,3.3838e+05,1.0412e+09
27,13,1,2,22,0,0,-0.00019892,3.638e-12,0,29,12.281,5.5688e-09,-2.511,6.9477e-07,0.0056759,4.1034e-06,5153.6,3.384e+05,1.6764e-08,-0.91988,-1.8626e-09,0.97608,309.97,0.85154,-8.0625e-09,1.7358e-10,1,1721,0,2,63,-1.9092e-08,29,3.324e+05,1721,3.384e+05,1.0412e+09
10,13,1,2,22,0,0,-6.4665e-05,-1.4779e-12,0,111,39.5,5.2716e-09,-2.3819,1.7732e-06,0.012222,5.7183e-06,5153.7,3.384e+05,1.7323e-07,2.2318,-1.7323e-07,0.94412,258.75,0.78697,-8.3521e-09,2.9144e-10,1,1721,0,2.8,0,-2.794e-09,111,3.3345e+05,1721,3.384e+05,1.0412e+09
30,13,1,2,22,0,0,-0.00026426,1.2392e-11,0,108,26.5,4.5895e-09,2.8275,1.4231e-06,0.010853,3.9656e-06,5153.6,3.384e+05,1.2293e-07,-1.0288,3.1665e-08,0.96228,303.81,1.6125,-8.1028e-09,1.3429e-10,1,1721,0,16,0,-4.6566e-09,108,3.3528e+05,1721,3.384e+05,1.0412e+09
18,13,1,2,22,0,0,0.00023247,1.819e-12,0,26,40.469,5.527e-09,-1.8918,2.1327e-06,0.013631,5.1279e-06,5153.8,3.384e+05,1.9372e-07,2.2172,-1.8626e-09,0.92789,258.78,-2.1316,-8.4432e-09,2.5072e-10,1,1721,0,2,0,-1.071e-08,26,3.3831e+05,1721,3.384e+05,1.0412e+09
12,13,1,3,0,0,0,0.00011026,2.0464e-12,0,80,10.125,4.2988e-09,0.89306,5.0664e-07,0.0041323,4.5039e-06,5153.6,3.456e+05,2.2352e-08,-0.89927,3.539e-08,0.98239,301.75,0.13773,-8.1571e-09,9.7861e-11,1,1721,0,2,0,-1.2107e-08,80,3.384e+05,1721,3.456e+05,1.0412e+09
21,13,1,3,0,0,0,-0.00027221,-2.2737e-12,0,91,1.0938,5.1834e-09,0.26462,2.645e-07,0.019601,1.0272e-05,5153.8,3.456e+05,-2.2911e-07,1.1679,3.3155e-07,0.93123,170.56,-2.1911,-8.5407e-09,1.5751e-10,1,1721,0,2,0,-1.1176e-08,91,3.384e+05,1721,3.456e+05,1.0412e+09
27,13,1,3,0,0,0,-0.00019889,3.638e-12,0,67,6.8125,5.5577e-09,-1.4605,3.8743e-07,0.0056752,4.5281e-06,5153.6,3.456e+05,1.1176e-07,-0.91994,7.4506e-09,0.97609,301.38,0.85133,-8.1093e-09,1.0858e-10,1,1721,0,2,63,-1.9092e-08,67,3.384e+05,1721,3.456e+05,1.0412e+09
29,13,1,3,0,0,0,0.00039395,3.979e-12,0,14,-82.531,4.467e-09,0.54553,-4.3306e-06,0.0018193,7.5456e-06,5153.7,3.456e+05,6.1467e-08,0.16588,-5.2154e-08,0.96533,238.84,-1.111,-8.1207e-09,-2.4858e-10,1,1721,0,2,0,-9.3132e-09,14,3.384e+05,1721,3.456e+05,1.0412e+09
30,13,1,3,0,0,0,-0.00026417,1.2392e-11,0,110,20.344,4.5202e-09,-2.4054,1.1604e-06,0.010852,4.5262e-06,5153.6,3.456e+05,1.0245e-07,-1.0288,8.9407e-08,0.96228,292.19,1.6125,-8.0975e-09,1.7322e-10,1,1721,0,16,0,-4.6566e-09,110,3.384e+05,1721,3.456e+05,1.0412e+09
31,13,1,3,0,0,0,0.00029562,2.0464e-12,0,186,33.063,3.9523e-09,1.1175,1.5907e-06,0.0081275,8.7954e-06,5153.8,3.456e+05,1.4715e-07,-1.9536,-1.1176e-07,0.98073,217.66,-0.822,-7.8157e-09,1.0715e-12,1,1721,0,2.8,0,-1.3504e-08,186,3.384e+05,1721,3.456e+05,1.0412e+09
5,13,1,3,0,0,0,-0.00037643,-2.16e-12,0,82,42.438,5.142e-09,-1.6883,1.9502e-06,0.0031807,5.8264e-06,5153.8,3.456e+05,3.9116e-08,2.2115,-6.333e-08,0.94925,258.22,0.31114,-8.4125e-09,2.5823e-10,1,1721,0,2,0,-1.0245e-08,82,3.3843e+05,1721,3.456e+05,1.0412e+09
18,13,1,3,0,0,0,0.00023248,1.819e-12,0,27,44.688,5.671e-09,-0.84177,2.6152e-06,0.013631,5.7705e-06,5153.8,3.456e+05,-1.8626e-09,2.2171,3.0547e-07,0.92789,251.69,-2.1315,-8.7875e-09,1.5679e-10,1,1721,0,2,0,-1.071e-08,27,3.3843e+05,1721,3.456e+05,1.0412e+09
25,13,1,3,0,0,0,6.0328e-05,2.3874e-12,0,98,9.5938,4.5473e-09,-0.079705,4.4331e-07,0.0019511,4.4834e-06,5153.6,3.456e+05,-3.1665e-08,-0.93588,1.1176e-08,0.97121,295.34,0.59769,-8.2786e-09,1.0179e-10,1,1721,0,2.8,0,5.1223e-09,98,3.3843e+05,1721,3.456e+05,1.0412e+09
25,13,1,2,23,59,44,6.0328e-05,2.3874e-12,0,5,9.5938,4.5473e-09,-0.082038,4.4517e-07,0.0019512,4.4834e-06,5153.6,3.4558e+05,-3.1665e-08,-0.93588,1.1176e-08,0.97121,295.34,0.59769,-8.2786e-09,1.0215e-10,1,1721,0,2,0,5.1223e-09,5,3.4002e+05,1721,3.4558e+05,1.0412e+09
6,13,1,3,0,0,0,0.00040232,-1.3529e-11,0,153,-78.344,4.9631e-09,-1.6639,-4.0531e-06,0.007562,6.9179e-06,5153.7,3.456e+05,-1.1548e-07,0.057884,-8.5682e-08,0.94021,236.78,-0.39852,-8.4029e-09,-8.9289e-11,1,1721,0,2,0,-5.1223e-09,153,3.4005e+05,1721,3.456e+05,1.0412e+09
16,13,1,3,0,0,0,-0.00025145,-3.4106e-13,0,22,6.8438,4.1802e-09,-1.361,3.5204e-07,0.0067734,4.4722e-06,5153.6,3.456e+05,-1.3039e-08,-0.88096,-7.4506e-08,0.98314,306.31,0.026802,-8.0771e-09,1.6501e-10,1,1721,0,2,0,-9.7789e-09,22,3.4035e+05,1721,3.456e+05,1.0412e+09
31,13,1,2,23,59,44,0.00029562,2.0464e-12,0,1,33.063,3.9523e-09,1.1152,1.5907e-06,0.0081275,8.7954e-06,5153.8,3.4558e+05,1.4715e-07,-1.9536,-1.1176e-07,0.98073,217.66,-0.822,-7.8157e-09,1.0715e-12,1,1721,0,2,0,-1.3504e-08,1,3.4122e+05,1721,3.4558e+05,1.0412e+09
22,13,1,3,0,0,0,0.00015483,7.9581e-13,0,5,42.969,5.5892e-09,-1.515,2.3469e-06,0.0061425,5.4073e-06,5153.7,3.456e+05,9.4995e-08,2.2201,9.3132e-08,0.92563,254.03,-2.024,-8.5925e-09,1.8286e-10,1,1721,0,2,0,-1.7229e-08,5,3.4284e+05,1721,3.456e+05,1.0412e+09
