10,13,1,1,23,59,44,-6.4549e-05,-1.4779e-12,0,52,18.313,5.3206e-09,-1.3692,1.0375e-06,0.012216,4.5523e-06,5153.7,2.5918e+05,2.8871e-07,2.2325,-3.3528e-08,0.94411,277.34,0.78681,-8.4486e-09,1.175e-10,0,1721,0,0,0,-2.794e-09,52,2.5917e+05,1721,2.5918e+05,1.0411e+09
1,13,1,2,0,0,0,0.00029088,2.2737e-12,0,90,21.719,4.438e-09,1.5323,1.017e-06,0.0015292,1.0131e-05,5153.7,2.592e+05,-1.8626e-08,1.1659,-9.3132e-09,0.95989,182.13,0.4998,-7.9225e-09,3.6466e-10,0,1721,0,0,0,8.3819e-09,90,2.5917e+05,1721,2.592e+05,1.0411e+09
4,13,1,2,0,0,0,9.2661e-05,1.1141e-11,0,70,22.969,4.9273e-09,-0.48674,1.3877e-06,0.010414,1.0746e-05,5153.7,2.592e+05,9.3132e-09,1.164,1.6205e-07,0.93745,160.59,0.94967,-8.3553e-09,4.6145e-10,0,1721,0,0,0,-6.5193e-09,70,2.5917e+05,1721,2.592e+05,1.0411e+09
8,13,1,2,2,0,0,3.7588e-06,2.2737e-13,0,78,77.531,3.7366e-09,1.59,4.2263e-06,0.012713,8.4452e-06,5153.6,2.664e+05,-4.0978e-08,-1.8687,2.1607e-07,0.99815,238.91,-2.887,-7.77e-09,6.5717e-11,0,1721,0,1,0,-4.191e-09,78,2.592e+05,1721,2.664e+05,1.0411e+09
9,13,1,2,0,0,0,0.00021075,2.6148e-12,0,117,67.844,3.9762e-09,0.90269,3.3975e-06,0.017048,9.6709e-06,5152.8,2.592e+05,-2.6077e-07,-1.981,-1.546e-07,0.98438,208.19,1.6355,-8.0814e-09,1.2858e-10,0,1721,0,1,0,-5.5879e-09,117,2.5917e+05,1721,2.592e+05,1.0411e+09
17,13,1,2,1,59,44,6.3724e-05,-3.5243e-12,0,5,-85.094,4.3777e-09,-1.3209,-4.4666e-06,0.0079543,8.693e-06,5153.8,2.6638e+05,2.2911e-07,0.15783,6.8918e-08,0.96476,214.44,-2.2659,-7.9439e-09,-2.7001e-10,0,1721,0,0,0,-1.071e-08,5,2.592e+05,1721,2.6638e+05,1.0411e+09
20,13,1,2,0,0,0,7.8508e-05,1.3642e-12,0,98,25.563,5.7463e-09,-0.30951,1.274e-06,0.0054401,4.8522e-06,5153.6,2.592e+05,-1.1176e-08,2.1643,7.4506e-08,0.9285,273.91,1.281,-8.7704e-09,1.1536e-10,0,1721,0,1,0,-7.9162e-09,98,2.5917e+05,1721,2.592e+05,1.0411e+09
23,13,1,2,0,0,0,0.0001281,-3.7517e-12,0,79,-11.156,4.6073e-09,2.7775,-5.6438e-07,0.0081369,9.1996e-06,5153.8,2.592e+05,-1.4529e-07,-3.0092,-3.1665e-08,0.9579,203.06,-2.9171,-7.9189e-09,-3.7716e-10,0,1721,0,0,0,-2.0489e-08,79,2.5917e+05,1721,2.592e+05,1.0411e+09
28,13,1,2,0,0,0,0.00021956,3.5243e-12,0,25,-11.719,4.2745e-09,-1.6249,-3.4831e-07,0.018594,2.6133e-06,5153.6,2.592e+05,3.3714e-07,-0.87382,2.7753e-07,0.98155,338.66,-1.7985,-8.1011e-09,-4.4288e-11,0,1721,0,0,0,-1.071e-08,25,2.5917e+05,1721,2.592e+05,1.0411e+09
32,13,1,2,0,0,0,-0.00052234,-3.5243e-12,0,52,21.438,5.1524e-09,1.7109,1.017e-06,0.011684,4.7944e-06,5153.8,2.592e+05,1.2293e-07,2.3011,1.4529e-07,0.94989,281.56,-0.42211,-8.3332e-09,-1.5251e-10,0,1721,0,0,0,-3.2596e-09,52,2.5917e+05,1721,2.592e+05,1.0411e+09
13,13,1,2,2,0,0,0.00015567,-2.8422e-12,0,26,-1.1563,4.0187e-09,-1.6732,2.2352e-08,0.0048696,9.4436e-06,5153.6,2.664e+05,-1.2666e-07,-2.925,8.0094e-08,0.98362,214.41,2.0682,-7.7535e-09,-3.3537e-10,0,1721,0,0,0,-1.1176e-08,26,2.5944e+05,1721,2.664e+05,1.0411e+09
1,13,1,2,2,0,0,0.00029089,2.2737e-12,0,103,15.188,4.352e-09,2.5819,8.6427e-07,0.0015288,1.0081e-05,5153.7,2.664e+05,0,1.1658,-2.6077e-08,0.95989,184.88,0.50036,-7.9085e-09,3.6644e-10,0,1721,0,0,0,8.3819e-09,103,2.601e+05,1721,2.664e+05,1.0411e+09
4,13,1,2,2,0,0,9.2741e-05,1.1141e-11,0,81,19.625,4.8948e-09,0.56345,1.1921e-06,0.010413,1.0476e-05,5153.7,2.664e+05,-2.3283e-07,1.1639,9.6858e-08,0.93746,167.59,0.94963,-8.2521e-09,2.8965e-10,0,1721,0,0,0,-6.5193e-09,81,2.601e+05,1721,2.664e+05,1.0411e+09
9,13,1,2,2,0,0,0.00021077,2.6148e-12,0,118,77.063,3.8248e-09,1.9534,3.757e-06,0.017047,9.4529e-06,5152.8,2.664e+05,2.6077e-07,-1.981,-1.9372e-07,0.98438,203.34,1.6354,-7.5528e-09,1.4751e-10,0,1721,0,1,0,-5.5879e-09,118,2.601e+05,1721,2.664e+05,1.0411e+09
10,13,1,2,1,59,44,-6.456e-05,-1.4779e-12,0,53,18.094,5.3749e-09,-0.31908,1.1288e-06,0.012216,4.7553e-06,5153.7,2.6638e+05,6.7055e-08,2.2324,1.4529e-07,0.94411,279.97,0.78679,-8.7107e-09,7.3932e-11,0,1721,0,0,0,-2.794e-09,53,2.601e+05,1721,2.6638e+05,1.0411e+09
20,13,1,2,2,0,0,7.8517e-05,1.3642e-12,0,99,28.125,5.6049e-09,0.7407,1.3188e-06,0.0054416,5.0757e-06,5153.6,2.664e+05,-5.5879e-08,2.1642,4.6566e-08,0.9285,262.97,1.2811,-8.7568e-09,8.8218e-11,0,1721,0,1,0,-7.9162e-09,99,2.601e+05,1721,2.664e+05,1.0411e+09
23,13,1,2,2,0,0,0.00012807,-3.7517e-12,0,82,-11.469,4.6084e-09,-2.4556,-7.1712e-07,0.0081364,9.0413e-06,5153.8,2.664e+05,-9.6858e-08,-3.0092,-1.7323e-07,0.95789,207.66,-2.917,-8.005e-09,-3.2287e-10,0,1721,0,0,0,-2.0489e-08,82,2.601e+05,1721,2.664e+05,1.0411e+09
28,13,1,2,2,0,0,0.00021958,3.5243e-12,0,26,-11.188,4.512e-09,-0.57471,-4.1537e-07,0.018594,3.2652e-06,5153.6,2.664e+05,-1.4529e-07,-0.87388,1.4715e-07,0.98155,330.22,-1.7984,-8.5821e-09,3.9287e-12,0,1721,0,0,0,-1.071e-08,26,2.601e+05,1721,2.664e+05,1.0411e+09
32,13,1,2,2,0,0,-0.00052236,-3.5243e-12,0,53,21.469,5.027e-09,2.761,1.1101e-06,0.011684,5.0068e-06,5153.8,2.664e+05,-1.0803e-07,2.3011,2.4959e-07,0.94989,273.91,-0.42204,-8.2511e-09,2.3215e-11,0,1721,0,0,0,-3.2596e-09,53,2.601e+05,1721,2.664e+05,1.0411e+09
2,13,1,2,2,0,0,0.0004134,1.3642e-12,0,40,24.219,4.6652e-09,-2.7098,1.1679e-06,0.011815,1.1398e-05,5153.6,2.664e+05,-6.8918e-08,1.1473,-1.3597e-07,0.93843,146.25,-2.6985,-7.9296e-09,4.7216e-10,0,1721,0,0,0,-1.7695e-08,40,2.6094e+05,1721,2.664e+05,1.0411e+09
20,13,1,2,1,59,44,7.8518e-05,1.3642e-12,0,0,28.125,5.6052e-09,0.73837,1.3188e-06,0.0054416,5.0757e-06,5153.6,2.6638e+05,-5.5879e-08,2.1642,4.6566e-08,0.9285,262.97,1.2811,-8.7568e-09,8.8218e-11,0,1721,0,0,0,-7.9162e-09,0,2.6193e+05,1721,2.6638e+05,1.0411e+09
5,13,1,2,2,0,0,-0.00037626,-2.16e-12,0,79,20.906,5.162e-09,-0.67217,1.194e-06,0.0031761,4.8745e-06,5153.8,2.664e+05,5.7742e-08,2.2121,-2.0489e-08,0.94925,275.16,0.31023,-8.4632e-09,1.2e-10,0,1721,0,0,0,-1.0245e-08,79,2.6406e+05,1721,2.664e+05,1.0411e+09
12,13,1,2,2,0,0,0.0001101,2.0464e-12,0,86,-2.375,4.3755e-09,1.9069,-1.5646e-07,0.0041321,3.0119e-06,5153.6,2.664e+05,-3.7253e-08,-0.89862,7.8231e-08,0.98238,331.81,0.13813,-8.2307e-09,-1.0715e-12,0,1721,0,0,0,-1.2107e-08,86,2.6463e+05,1721,2.664e+05,1.0411e+09
2,13,1,2,4,0,0,0.00041341,1.3642e-12,0,41,17.844,4.8288e-09,-1.6599,8.4937e-07,0.011817,1.0144e-05,5153.6,2.736e+05,1.3039e-08,1.1473,-2.5332e-07,0.93843,173.75,-2.6982,-7.9557e-09,4.1823e-10,0,1721,0,0,0,-1.7695e-08,41,2.6646e+05,1721,2.736e+05,1.0411e+09
12,13,1,2,4,0,0,0.00011012,2.0464e-12,0,87,-1.3125,4.3313e-09,2.9571,-1.2666e-07,0.0041322,3.0454e-06,5153.6,2.736e+05,-7.0781e-08,-0.89868,-4.4703e-08,0.98238,331.03,0.1381,-8.1293e-09,5.786e-11,0,1721,0,0,0,-1.2107e-08,87,2.6646e+05,1721,2.736e+05,1.0411e+09
4,13,1,2,4,0,0,9.2821e-05,1.1141e-11,0,84,12.219,4.9345e-09,1.6135,5.6252e-07,0.010413,1.0559e-05,5153.7,2.736e+05,-1.8999e-07,1.1639,-9.3132e-08,0.93746,169.16,0.94971,-8.2307e-09,2.2894e-10,0,1721,0,0,0,-6.5193e-09,84,2.6649e+05,1721,2.736e+05,1.0411e+09
10,13,1,2,4,0,0,-6.457e-05,-1.4779e-12,0,54,28.938,5.2402e-09,0.73336,1.5702e-06,0.012218,5.1074e-06,5153.7,2.736e+05,-1.1921e-07,2.2324,1.3039e-07,0.94411,272.84,0.78683,-8.6218e-09,-5.5002e-11,0,1721,0,0,0,-2.794e-09,54,2.6649e+05,1721,2.736e+05,1.0411e+09
17,13,1,2,4,0,0,6.3699e-05,-3.5243e-12,0,6,-82.688,4.4577e-09,-0.26834,-4.3251e-06,0.0079555,8.1398e-06,5153.8,2.736e+05,-2.0489e-08,0.15777,9.872e-08,0.96475,226.03,-2.266,-8.1868e-09,-2.7394e-10,0,1721,0,0,0,-1.071e-08,6,2.6649e+05,1721,2.736e+05,1.0411e+09
23,13,1,2,4,0,0,0.00012805,-3.7517e-12,0,83,-15.094,4.5959e-09,-1.4057,-1.004e-06,0.008137,8.205e-06,5153.8,2.736e+05,5.0291e-08,-3.0093,-1.4342e-07,0.95789,217.66,-2.9169,-8.0518e-09,-2.5144e-10,0,1721,0,0,0,-2.0489e-08,83,2.6649e+05,1721,2.736e+05,1.0411e+09
28,13,1,2,4,0,0,0.00021961,3.5243e-12,0,29,-4.5,4.4698e-09,0.4755,-1.2107e-07,0.018595,3.8687e-06,5153.6,2.736e+05,-2.0675e-07,-0.87394,3.7253e-08,0.98155,320.75,-1.7984,-8.5639e-09,-8.2861e-11,0,1721,0,0,0,-1.071e-08,29,2.6649e+05,1721,2.736e+05,1.0411e+09
13,13,1,2,4,0,0,0.00015565,-2.8422e-12,0,43,-8.7188,4.0116e-09,-0.6232,-6.7987e-07,0.0048691,9.1754e-06,5153.6,2.736e+05,-7.4506e-08,-2.9251,-3.1665e-08,0.98361,217.59,2.0684,-7.8278e-09,-2.8608e-10,0,1721,0,0,0,-1.1176e-08,43,2.6673e+05,1721,2.736e+05,1.0411e+09
5,13,1,2,4,0,0,-0.00037628,-2.16e-12,0,85,23.219,5.0784e-09,0.37795,1.2983e-06,0.0031768,4.8e-06,5153.8,2.736e+05,7.4506e-08,2.2121,5.0291e-08,0.94925,279.5,0.31021,-8.4171e-09,1.0072e-10,0,1721,0,0,0,-1.0245e-08,85,2.6679e+05,1721,2.736e+05,1.0411e+09
26,13,1,2,4,0,0,-0.00015344,1.3529e-11,0,83,-1.1875,4.0362e-09,-1.5268,1.7695e-07,0.020993,9.0674e-06,5153.7,2.736e+05,4.0606e-07,-2.9319,3.4273e-07,0.9811,210.47,1.2134,-7.6478e-09,-3.3001e-10,0,1721,0,0,0,-6.0536e-09,83,2.697e+05,1721,2.736e+05,1.0411e+09
7,13,1,2,4,0,0,0.0001641,4.4338e-12,0,70,65.469,4.0945e-09,-3.0519,3.4347e-06,0.0060509,8.8867e-06,5153.7,2.736e+05,-7.4506e-08,-1.9569,-4.8429e-08,0.9757,219.16,-2.9217,-7.7753e-09,2.0251e-10,0,1721,0,0,0,-1.1176e-08,70,2.7126e+05,1721,2.736e+05,1.0411e+09
15,13,1,2,4,0,0,-0.00010392,-1.1369e-12,0,6,-15.438,4.9874e-09,-0.90427,-9.2201e-07,0.005179,8.3223e-06,5153.7,2.736e+05,6.333e-08,-3.0483,-4.4703e-08,0.94302,205.72,0.097972,-8.275e-09,-3.4573e-10,0,1721,0,0,0,-1.0245e-08,6,2.7243e+05,1721,2.736e+05,1.0411e+09
8,13,1,2,4,0,0,3.7602e-06,2.2737e-13,0,79,67.313,3.6127e-09,2.6401,3.4794e-06,0.012712,8.5011e-06,5153.6,2.736e+05,-2.4028e-07,-1.8688,-8.3819e-08,0.99815,238.47,-2.8869,-7.5175e-09,2.5608e-10,0,1721,0,1,0,-4.191e-09,79,2.7282e+05,1721,2.736e+05,1.0411e+09
8,13,1,2,6,0,0,3.7616e-06,2.2737e-13,0,89,60.188,3.6359e-09,-2.5929,3.0268e-06,0.012713,9.0096e-06,5153.6,2.808e+05,-1.3225e-07,-1.8688,-2.1048e-07,0.99815,229.69,-2.8869,-7.5221e-09,2.9644e-10,0,1721,0,1,0,-4.191e-09,89,2.7372e+05,1721,2.808e+05,1.0411e+09
2,13,1,2,6,0,0,0.00041342,1.3642e-12,0,61,10.781,4.9938e-09,-0.60957,5.5321e-07,0.011818,9.8199e-06,5153.6,2.808e+05,2.5332e-07,1.1472,1.3597e-07,0.93843,181.13,-2.6983,-8.3196e-09,1.7144e-10,0,1721,0,0,0,-1.7695e-08,61,2.7375e+05,1721,2.808e+05,1.0411e+09
12,13,1,2,6,0,0,0.00011013,2.0464e-12,0,89,-2.9375,4.3891e-09,-2.2759,-1.3784e-07,0.0041326,3.1721e-06,5153.6,2.808e+05,-1.1176e-08,-0.89874,-1.2293e-07,0.98238,328.13,0.13811,-8.1796e-09,9.8218e-11,0,1721,0,0,0,-1.2107e-08,89,2.7375e+05,1721,2.808e+05,1.0411e+09
4,13,1,2,6,0,0,9.2901e-05,1.1141e-11,0,98,6.8125,4.8763e-09,2.6637,2.5705e-07,0.010413,1.0327e-05,5153.7,2.808e+05,5.7742e-08,1.1638,-1.397e-07,0.93746,167.56,0.94971,-7.9932e-09,2.418e-10,0,1721,0,0,0,-6.5193e-09,98,2.7378e+05,1721,2.808e+05,1.0411e+09
10,13,1,2,6,0,0,-6.4581e-05,-1.4779e-12,0,55,28.438,5.2038e-09,1.7835,1.3802e-06,0.012218,5.4352e-06,5153.7,2.808e+05,-2.9057e-07,2.2323,-1.4901e-08,0.94411,268,0.78686,-8.5057e-09,4.3573e-11,0,1721,0,0,0,-2.794e-09,55,2.7378e+05,1721,2.808e+05,1.0411e+09
17,13,1,2,6,0,0,6.3673e-05,-3.5243e-12,0,7,-85.875,4.498e-09,0.7818,-4.3847e-06,0.0079549,8.0615e-06,5153.8,2.808e+05,-9.127e-08,0.15771,4.0978e-08,0.96475,229.5,-2.2661,-8.1628e-09,-3.368e-10,0,1721,0,0,0,-1.071e-08,7,2.7378e+05,1721,2.808e+05,1.0411e+09
7,13,1,2,6,0,0,0.00016413,4.4338e-12,0,71,60.563,4.1041e-09,-2.0017,2.9895e-06,0.0060517,9.14e-06,5153.7,2.808e+05,4.2841e-08,-1.9569,-9.872e-08,0.9757,213.03,-2.9217,-7.8493e-09,2.8073e-10,0,1721,0,0,0,-1.1176e-08,71,2.7396e+05,1721,2.808e+05,1.0411e+09
13,13,1,2,6,0,0,0.00015563,-2.8422e-12,0,44,-13.75,3.9502e-09,0.42701,-7.6368e-07,0.0048696,9.0022e-06,5153.6,2.808e+05,2.2352e-08,-2.9251,-7.4506e-08,0.98361,217.06,2.0685,-7.8653e-09,-3.6323e-10,0,1721,0,0,0,-1.1176e-08,44,2.7402e+05,1721,2.808e+05,1.0411e+09
5,13,1,2,6,0,0,-0.00037629,-2.16e-12,0,104,29.781,5.0381e-09,1.4277,1.6727e-06,0.0031776,5.2899e-06,5153.8,2.808e+05,-2.4214e-08,2.212,3.3528e-08,0.94925,272.03,0.31056,-8.375e-09,3.0716e-11,0,1721,0,1,0,-1.0245e-08,104,2.7411e+05,1721,2.808e+05,1.0411e+09
15,13,1,2,6,0,0,-0.00010393,-1.1369e-12,0,32,-19.688,4.9223e-09,0.146,-1.0077e-06,0.0051806,7.8585e-06,5153.7,2.808e+05,5.0291e-08,-3.0483,1.4901e-08,0.94302,217.22,0.097881,-8.3239e-09,-3.643e-10,0,1721,0,0,0,-1.0245e-08,32,2.7423e+05,1721,2.808e+05,1.0411e+09
26,13,1,2,6,0,0,-0.00015334,1.3529e-11,0,89,-2.7813,4.1366e-09,-0.47657,-2.4214e-08,0.020993,9.0469e-06,5153.7,2.808e+05,-1.7881e-07,-2.9319,2.2911e-07,0.9811,222.81,1.2133,-8.1932e-09,-2.9037e-10,0,1721,0,0,0,-6.0536e-09,89,2.7423e+05,1721,2.808e+05,1.0411e+09
29,13,1,2,6,0,0,0.00039369,3.979e-12,0,49,-86.375,4.3502e-09,-2.6231,-4.5747e-06,0.0018202,8.6036e-06,5153.7,2.808e+05,-2.4214e-08,0.16641,5.0291e-08,0.96535,214.25,-1.1105,-7.9303e-09,-2.8323e-10,0,1721,0,0,0,-9.3132e-09,49,2.7549e+05,1721,2.808e+05,1.0411e+09
10,13,1,2,5,59,44,-6.4578e-05,-1.4779e-12,0,0,28.438,5.2038e-09,1.7811,1.3802e-06,0.012218,5.4352e-06,5153.7,2.8078e+05,-2.9057e-07,2.2323,-1.4901e-08,0.94411,268,0.78686,-8.5057e-09,4.3573e-11,0,1721,0,0,0,-2.794e-09,0,2.7654e+05,1721,2.8078e+05,1.0411e+09
9,13,1,2,5,59,44,0.0002108,2.6148e-12,0,9,69.281,3.8627e-09,-2.2307,3.6806e-06,0.017048,8.7563e-06,5152.8,2.8078e+05,2.3842e-07,-1.9811,1.6764e-07,0.98438,221.06,1.6354,-7.5221e-09,2.3358e-10,0,1721,0,0,0,-5.5879e-09,9,2.7942e+05,1721,2.8078e+05,1.0411e+09
5,13,1,2,5,59,44,-0.00037629,-2.16e-12,0,8,29.781,5.0384e-09,1.4254,1.6727e-06,0.0031776,5.2899e-06,5153.8,2.8078e+05,-2.4214e-08,2.212,3.3528e-08,0.94925,272.03,0.31056,-8.375e-09,3.0716e-11,0,1721,0,0,0,-1.0245e-08,8,2.7957e+05,1721,2.8078e+05,1.0411e+09
29,13,1,2,8,0,0,0.00039372,3.979e-12,0,63,-84.313,4.392e-09,-1.5724,-4.4759e-06,0.0018198,8.1453e-06,5153.7,2.88e+05,-1.3039e-07,0.16635,7.4506e-09,0.96534,221.94,-1.111,-8.0285e-09,-2.7394e-10,0,1721,0,0,0,-9.3132e-09,63,2.8095e+05,1721,2.88e+05,1.0411e+09
8,13,1,2,8,0,0,3.763e-06,2.2737e-13,0,106,61.438,3.5598e-09,-1.5426,2.9318e-06,0.012713,9.0674e-06,5153.6,2.88e+05,8.5682e-08,-1.8689,-1.546e-07,0.99816,222.09,-2.8869,-7.5992e-09,4.4145e-10,0,1721,0,2,0,-4.191e-09,106,2.8098e+05,1721,2.88e+05,1.0411e+09
2,13,1,2,8,0,0,0.00041343,1.3642e-12,0,62,2.5,5.0734e-09,0.44068,2.5891e-07,0.011817,9.9745e-06,5153.6,2.88e+05,9.127e-08,1.1472,2.2165e-07,0.93843,176.97,-2.6983,-8.3421e-09,1.3179e-10,0,1721,0,0,0,-1.7695e-08,62,2.8104e+05,1721,2.88e+05,1.0411e+09
4,13,1,2,8,0,0,9.2981e-05,1.1141e-11,0,103,7.4688,4.8806e-09,-2.5693,3.4459e-07,0.010413,1.0647e-05,5153.7,2.88e+05,1.397e-07,1.1638,-8.0094e-08,0.93746,160.44,0.94967,-8.011e-09,2.943e-10,0,1721,0,1,0,-6.5193e-09,103,2.8107e+05,1721,2.88e+05,1.0411e+09
10,13,1,2,7,59,44,-6.4589e-05,-1.4779e-12,0,96,30.031,5.0859e-09,2.8313,1.4454e-06,0.012218,5.4985e-06,5153.7,2.8798e+05,-2.6077e-08,2.2322,-1.4715e-07,0.94411,264.5,0.78682,-8.2332e-09,7.6789e-11,0,1721,0,0,0,-2.794e-09,96,2.8107e+05,1721,2.8798e+05,1.0411e+09
7,13,1,2,8,0,0,0.00016417,4.4338e-12,0,92,60.688,4.0195e-09,-0.95136,3.1255e-06,0.0060514,9.4213e-06,5153.7,2.88e+05,1.1176e-07,-1.957,-5.2154e-08,0.9757,202.88,-2.9219,-7.8775e-09,2.6823e-10,0,1721,0,1,0,-1.1176e-08,92,2.8101e+05,1721,2.88e+05,1.0411e+09
9,13,1,2,8,0,0,0.00021082,2.6148e-12,0,10,58.969,3.9545e-09,-1.1776,3.3118e-06,0.017048,9.194e-06,5152.8,2.88e+05,-2.3842e-07,-1.9812,2.7753e-07,0.98438,223.22,1.6354,-7.9725e-09,2.0929e-10,0,1721,0,0,0,-5.5879e-09,10,2.8125e+05,1721,2.88e+05,1.0411e+09
5,13,1,2,7,59,44,-0.00037631,-2.16e-12,0,9,32.156,5.0706e-09,2.4755,1.6484e-06,0.0031779,5.4557e-06,5153.8,2.8798e+05,-4.2841e-08,2.212,1.8626e-09,0.94925,269.97,0.3105,-8.3518e-09,4.7145e-11,0,1721,0,0,0,-1.0245e-08,9,2.814e+05,1721,2.8798e+05,1.0411e+09
24,13,1,2,8,0,0,1.3388e-06,-6.8212e-13,0,92,53.938,4.4277e-09,0.25234,2.7958e-06,0.00044008,8.5477e-06,5153.7,2.88e+05,2.0489e-08,-1.9831,-1.8626e-08,0.95931,216.03,-0.13798,-8.056e-09,1.7429e-10,0,1721,0,0,0,4.191e-09,92,2.8149e+05,1721,2.88e+05,1.0411e+09
15,13,1,2,8,0,0,-0.00010394,-1.1369e-12,0,33,-16.625,4.8952e-09,1.1961,-7.8976e-07,0.0051811,7.7151e-06,5153.7,2.88e+05,-1.3039e-08,-3.0484,5.4017e-08,0.94301,220.38,0.097905,-8.2768e-09,-4.0752e-10,0,1721,0,0,0,-1.0245e-08,33,2.8152e+05,1721,2.88e+05,1.0411e+09
26,13,1,2,8,0,0,-0.00015324,1.3529e-11,0,90,-8.625,4.0991e-09,0.57361,-4.6566e-07,0.020993,8.8774e-06,5153.7,2.88e+05,-2.9802e-07,-2.932,-4.0978e-08,0.98109,224.44,1.2133,-8.1575e-09,-4.9788e-10,0,1721,0,0,0,-6.0536e-09,90,2.8152e+05,1721,2.88e+05,1.0411e+09
21,13,1,2,8,0,0,-0.00027207,-2.3874e-12,0,84,26.094,4.9641e-09,-1.8531,1.1381e-06,0.019598,9.7826e-06,5153.8,2.88e+05,2.9802e-07,1.1683,-1.9372e-07,0.93122,170.84,-2.1912,-7.8971e-09,3.2001e-10,0,1721,0,0,0,-1.1176e-08,84,2.8185e+05,1721,2.88e+05,1.0411e+09
8,13,1,2,7,59,44,3.7653e-06,2.2737e-13,0,4,61.438,3.5598e-09,-1.5449,2.9318e-06,0.012713,9.0674e-06,5153.6,2.8798e+05,8.5682e-08,-1.8689,-1.546e-07,0.99816,222.09,-2.8869,-7.5992e-09,4.4145e-10,0,1721,0,0,0,-4.191e-09,4,2.8368e+05,1721,2.8798e+05,1.0411e+09
18,13,1,2,8,0,0,0.00023237,1.819e-12,0,75,30.438,5.4027e-09,-2.9596,1.5441e-06,0.013633,4.7125e-06,5153.7,2.88e+05,1.0617e-07,2.2176,-1.3039e-07,0.92789,269.84,-2.1317,-8.34e-09,9.5718e-11,0,1721,0,0,0,-1.071e-08,75,2.8458e+05,1721,2.88e+05,1.0411e+09
18,13,1,2,10,0,0,0.00023238,1.819e-12,0,76,30.344,5.4209e-09,-1.9094,1.5665e-06,0.013633,4.9248e-06,5153.8,2.952e+05,2.2352e-07,2.2176,-1.0617e-07,0.92789,266.53,-2.1317,-8.3775e-09,7.4646e-11,0,1721,0,0,0,-1.071e-08,76,2.8827e+05,1721,2.952e+05,1.0412e+09
21,13,1,2,10,0,0,-0.00027209,-2.3874e-12,0,85,16.969,5.1845e-09,-0.80291,1.0021e-06,0.019599,9.656e-06,5153.8,2.952e+05,6.333e-08,1.1683,4.2282e-07,0.93122,178.59,-2.1913,-8.5264e-09,1.1393e-10,0,1721,0,0,0,-1.1176e-08,85,2.883e+05,1721,2.952e+05,1.0412e+09
29,13,1,2,10,0,0,0.00039375,3.979e-12,0,87,-87.844,4.5366e-09,-0.52254,-4.4238e-06,0.0018192,7.987e-06,5153.7,2.952e+05,1.4901e-08,0.16629,-5.7742e-08,0.96534,228.03,-1.1107,-8.1228e-09,-1.7251e-10,0,1721,0,0,0,-9.3132e-09,87,2.883e+05,1721,2.952e+05,1.0412e+09
2,13,1,2,10,0,0,0.00041344,1.3642e-12,0,63,3.0625,4.9359e-09,1.4906,3.539e-07,0.011819,1.1524e-05,5153.6,2.952e+05,-9.127e-08,1.1471,2.0117e-07,0.93843,147.69,-2.698,-8.2832e-09,6.8574e-11,0,1721,0,0,0,-1.7695e-08,63,2.8803e+05,1721,2.952e+05,1.0412e+09
9,13,1,2,10,0,0,0.00021084,2.6148e-12,0,11,52.188,3.9202e-09,-0.127,2.5686e-06,0.017048,9.4362e-06,5152.8,2.952e+05,-2.5332e-07,-1.9813,7.4506e-09,0.98438,215.19,1.6354,-8.0789e-09,2.268e-10,0,1721,0,0,0,-5.5879e-09,11,2.8857e+05,1721,2.952e+05,1.0412e+09
12,13,1,2,10,0,0,0.00011016,2.0464e-12,0,26,1.5625,4.4448e-09,-0.17539,1.3411e-07,0.0041319,3.8669e-06,5153.6,2.952e+05,4.0978e-08,-0.89886,1.4901e-08,0.98238,318.59,0.13799,-8.2211e-09,1.8215e-10,0,1721,0,0,0,-1.2107e-08,26,2.8863e+05,1721,2.952e+05,1.0412e+09
5,13,1,2,10,0,0,-0.00037632,-2.16e-12,0,10,31.844,5.0995e-09,-2.7552,1.6373e-06,0.0031785,5.6773e-06,5153.8,2.952e+05,-3.9116e-08,2.2119,-3.9116e-08,0.94925,265.47,0.31045,-8.3661e-09,5.786e-11,0,1721,0,0,0,-1.0245e-08,10,2.8872e+05,1721,2.952e+05,1.0412e+09
15,13,1,2,10,0,0,-0.00010395,-1.1369e-12,0,49,-17.813,4.9238e-09,2.2463,-8.9779e-07,0.005181,7.7654e-06,5153.7,2.952e+05,-1.6764e-08,-3.0484,2.0489e-08,0.94301,221.47,0.097894,-8.2746e-09,-4.2645e-10,0,1721,0,0,0,-1.0245e-08,49,2.8878e+05,1721,2.952e+05,1.0412e+09
24,13,1,2,10,0,0,1.3346e-06,-6.8212e-13,0,93,51.625,4.4277e-09,1.3028,2.6189e-06,0.00043949,8.801e-06,5153.7,2.952e+05,3.3528e-08,-1.9832,-9.3132e-09,0.95931,210.34,-0.13829,-8.0514e-09,1.7572e-10,0,1721,0,1,0,4.191e-09,93,2.8878e+05,1721,2.952e+05,1.0412e+09
26,13,1,2,10,0,0,-0.00015314,1.3529e-11,0,91,-19.844,3.9848e-09,1.6237,-1.2647e-06,0.020993,8.9873e-06,5153.7,2.952e+05,-2.9057e-07,-2.9321,-4.0606e-07,0.98109,221.16,1.2134,-7.9357e-09,-3.9609e-10,0,1721,0,0,0,-6.0536e-09,91,2.8878e+05,1721,2.952e+05,1.0412e+09
14,13,1,2,10,0,0,0.00021907,4.5475e-13,0,73,-10.281,3.9402e-09,2.6875,-5.1782e-07,0.0067361,8.6371e-06,5153.7,2.952e+05,1.1176e-08,-2.9534,-7.4506e-08,0.97634,219.06,-2.017,-7.6907e-09,-3.2894e-10,0,1721,0,0,0,-8.8476e-09,73,2.9007e+05,1721,2.952e+05,1.0412e+09
22,13,1,2,10,0,0,0.00015479,9.0949e-13,0,77,33.344,5.5113e-09,-2.5833,1.6894e-06,0.0061446,5.0273e-06,5153.7,2.952e+05,3.1665e-08,2.2205,-2.6077e-08,0.92563,264.25,-2.0239,-8.4807e-09,3.5716e-11,0,1721,0,1,0,-1.7229e-08,77,2.9085e+05,1721,2.952e+05,1.0412e+09
25,13,1,2,10,0,0,6.0205e-05,2.3874e-12,0,27,3.6563,4.6145e-09,-1.1489,2.1048e-07,0.0019515,3.6955e-06,5153.6,2.952e+05,1.6764e-08,-0.93547,1.3039e-08,0.9712,315.16,0.59856,-8.2878e-09,2.0072e-10,0,1721,0,0,0,5.1223e-09,27,2.9238e+05,1721,2.952e+05,1.0412e+09
22,13,1,2,12,0,0,0.0001548,9.0949e-13,0,78,32,5.5677e-09,-1.533,1.6037e-06,0.0061443,5.1837e-06,5153.7,3.024e+05,1.4901e-07,2.2204,7.6368e-08,0.92563,261.28,-2.024,-8.5821e-09,-5.0359e-11,0,1721,0,1,0,-1.7229e-08,78,2.9541e+05,1721,3.024e+05,1.0412e+09
18,13,1,2,12,0,0,0.0002324,1.819e-12,0,111,34.031,5.6849e-09,-0.85934,1.8664e-06,0.013632,5.275e-06,5153.7,3.024e+05,1.6764e-08,2.2175,3.1851e-07,0.92789,261.28,-2.1316,-8.8304e-09,-6.3931e-11,0,1721,0,0,0,-1.071e-08,111,2.9553e+05,1721,3.024e+05,1.0412e+09
21,13,1,2,11,59,44,-0.0002721,-2.2737e-12,0,8,7,5.3388e-09,0.24486,6.4261e-07,0.019597,9.9912e-06,5153.8,3.0238e+05,-1.5646e-07,1.1682,2.3842e-07,0.93122,173.44,-2.1913,-8.6568e-09,1.125e-10,0,1721,0,0,0,-1.1176e-08,8,2.9556e+05,1721,3.0238e+05,1.0412e+09
14,13,1,2,12,0,0,0.00021908,4.5475e-13,0,83,-15.156,4.0162e-09,-2.5456,-6.9104e-07,0.0067373,8.3931e-06,5153.7,3.024e+05,1.4901e-08,-2.9535,-9.6858e-08,0.97634,226.66,-2.017,-7.6925e-09,-3.3966e-10,0,1721,0,0,0,-8.8476e-09,83,2.9571e+05,1721,3.024e+05,1.0412e+09
9,13,1,2,12,0,0,0.00021086,2.6148e-12,0,12,48.688,3.8309e-09,0.92368,2.4233e-06,0.017049,9.9726e-06,5152.8,3.024e+05,-2.1979e-07,-1.9813,-1.7695e-07,0.98439,201.22,1.6354,-8.0621e-09,1.6179e-10,0,1721,0,0,0,-5.5879e-09,12,2.9583e+05,1721,3.024e+05,1.0412e+09
12,13,1,2,12,0,0,0.00011018,2.0464e-12,0,27,4.5625,4.3945e-09,0.87475,1.3784e-07,0.0041321,3.9581e-06,5153.6,3.024e+05,2.794e-08,-0.89892,2.9802e-08,0.98238,317.69,0.13805,-8.2125e-09,1.7465e-10,0,1721,0,0,0,-1.2107e-08,27,2.9589e+05,1721,3.024e+05,1.0412e+09
25,13,1,2,12,0,0,6.0223e-05,2.3874e-12,0,60,5.1563,4.6338e-09,-0.09887,2.8685e-07,0.0019512,3.8836e-06,5153.6,3.024e+05,-2.0489e-08,-0.93553,1.1176e-08,0.97121,312.38,0.59872,-8.3225e-09,2.0072e-10,0,1721,0,0,0,5.1223e-09,60,2.9601e+05,1721,3.024e+05,1.0412e+09
15,13,1,2,12,0,0,-0.00010396,-1.1369e-12,0,50,-18.938,4.9206e-09,-2.9867,-9.3691e-07,0.0051815,8.0466e-06,5153.7,3.024e+05,-1.3039e-08,-3.0485,0,0.94301,216.66,0.0979,-8.2611e-09,-4.2109e-10,0,1721,0,0,0,-1.0245e-08,50,2.9607e+05,1721,3.024e+05,1.0412e+09
24,13,1,2,12,0,0,1.3299e-06,-6.8212e-13,0,94,51.813,4.2905e-09,2.3472,2.6636e-06,0.00043915,9.533e-06,5153.7,3.024e+05,9.3132e-09,-1.9832,5.5879e-09,0.95931,191.5,-0.1325,-8.0435e-09,1.9537e-10,0,1721,0,1,0,4.191e-09,94,2.9607e+05,1721,3.024e+05,1.0412e+09
31,13,1,2,12,0,0,0.00029553,2.0464e-12,0,133,48.563,3.8448e-09,1.1006,2.5611e-06,0.0081283,8.7041e-06,5153.8,3.024e+05,1.6578e-07,-1.9532,-1.3597e-07,0.98072,219.5,-0.82254,-7.8075e-09,2.1322e-10,0,1721,0,0,0,-1.3504e-08,133,2.9622e+05,1721,3.024e+05,1.0412e+09
18,13,1,2,11,59,44,0.0002324,1.819e-12,0,2,34.031,5.6849e-09,-0.86167,1.8664e-06,0.013632,5.275e-06,5153.7,3.0238e+05,1.6764e-08,2.2175,3.1851e-07,0.92789,261.28,-2.1316,-8.8304e-09,-6.3574e-11,0,1721,0,0,0,-1.071e-08,2,2.9919e+05,1721,3.0238e+05,1.0412e+09
29,13,1,2,12,0,0,0.00039378,3.979e-12,0,89,-90.75,4.5855e-09,0.52747,-4.679e-06,0.0018193,8.0187e-06,5153.7,3.024e+05,2.9802e-08,0.16623,-3.7253e-08,0.96534,230.69,-1.1106,-8.1318e-09,-1.7501e-10,0,1721,0,0,0,-9.3132e-09,89,3.0099e+05,1721,3.024e+05,1.0412e+09
25,13,1,2,14,0,0,6.024e-05,2.3874e-12,0,86,10.469,4.5655e-09,0.95125,3.4645e-07,0.0019519,3.8035e-06,5153.6,3.096e+05,3.1665e-08,-0.93559,0,0.97121,311.28,0.59882,-8.3489e-09,2.3322e-10,0,1721,0,0,0,5.1223e-09,86,3.024e+05,1721,3.096e+05,1.0412e+09
24,13,1,2,14,0,0,1.3253e-06,-6.8212e-13,0,95,62.375,4.283e-09,-2.8845,3.3285e-06,0.00044074,1.003e-05,5153.7,3.096e+05,2.4214e-08,-1.9833,1.8626e-09,0.95932,184.84,-0.1339,-8.0296e-09,1.9715e-10,0,1721,0,1,0,4.191e-09,95,3.0243e+05,1721,3.096e+05,1.0412e+09
31,13,1,2,14,0,0,0.00029555,2.0464e-12,0,139,50.656,3.7773e-09,2.1507,2.8126e-06,0.0081277,9.1083e-06,5153.8,3.096e+05,5.5879e-08,-1.9533,5.7742e-08,0.98073,211.75,-0.8225,-7.645e-09,9.8933e-11,0,1721,0,0,0,-1.3504e-08,139,3.0261e+05,1721,3.096e+05,1.0412e+09
22,13,1,2,14,0,0,0.00015481,9.0949e-13,0,79,33.188,5.7749e-09,-0.48292,1.7118e-06,0.0061442,5.2415e-06,5153.7,3.096e+05,-1.0617e-07,2.2204,2.0489e-08,0.92563,257.91,-2.0239,-8.8547e-09,-3.2859e-11,0,1721,0,1,0,-1.7229e-08,79,3.0273e+05,1721,3.096e+05,1.0412e+09
29,13,1,2,14,0,0,0.00039381,3.979e-12,0,99,-93.281,4.5716e-09,1.578,-4.8075e-06,0.0018191,8.2869e-06,5153.7,3.096e+05,9.3132e-08,0.16617,-1.1176e-08,0.96534,225.5,-1.111,-8.0736e-09,-1.8072e-10,0,1721,0,1,0,-9.3132e-09,99,3.0282e+05,1721,3.096e+05,1.0412e+09
18,13,1,2,13,59,44,0.00023241,1.819e-12,0,3,35.5,5.771e-09,0.18846,1.9595e-06,0.013633,5.411e-06,5153.7,3.0958e+05,-1.0617e-07,2.2175,1.2852e-07,0.92789,258.81,-2.1316,-8.9754e-09,-2.9287e-11,0,1721,0,0,0,-1.071e-08,3,3.0285e+05,1721,3.0958e+05,1.0412e+09
21,13,1,2,14,0,0,-0.00027212,-2.2737e-12,0,9,-4.875,5.2334e-09,1.2972,-5.9605e-08,0.0196,1.183e-05,5153.8,3.096e+05,-3.837e-07,1.1682,1.3039e-07,0.93122,143.59,-2.1911,-8.5754e-09,1.4179e-10,0,1721,0,0,0,-1.1176e-08,9,3.024e+05,1721,3.096e+05,1.0412e+09
30,13,1,2,14,0,0,-0.00026462,1.2392e-11,0,99,19.438,4.6759e-09,-1.3734,1.3188e-06,0.010854,4.2636e-06,5153.6,3.096e+05,-1.3225e-07,-1.0285,2.2911e-07,0.96227,298.16,1.6125,-8.3989e-09,2.6537e-10,0,1721,0,4,0,-4.6566e-09,99,3.0297e+05,1721,3.096e+05,1.0412e+09
14,13,1,2,14,0,0,0.00021908,4.5475e-13,0,90,-16.469,4.143e-09,-1.4954,-8.3633e-07,0.0067375,8.3353e-06,5153.7,3.096e+05,2.3842e-07,-2.9535,8.1956e-08,0.97633,229.38,-2.017,-7.8768e-09,-5.0609e-10,0,1721,0,1,0,-8.8476e-09,90,3.03e+05,1721,3.096e+05,1.0412e+09
12,13,1,2,14,0,0,0.00011019,2.0464e-12,0,28,6.9063,4.3241e-09,1.925,2.1979e-07,0.0041322,3.5483e-06,5153.6,3.096e+05,-5.5879e-09,-0.89897,7.0781e-08,0.98238,319.88,0.13798,-8.2032e-09,2.0679e-10,0,1721,0,0,0,-1.2107e-08,28,3.0318e+05,1721,3.096e+05,1.0412e+09
32,13,1,2,14,0,0,-0.00052251,-3.5243e-12,0,80,32.094,4.9884e-09,2.7781,1.6484e-06,0.011684,5.4128e-06,5153.8,3.096e+05,-1.3597e-07,2.3007,2.2724e-07,0.94989,268.25,-0.4216,-8.2139e-09,-7.1789e-11,0,1721,0,1,0,-3.2596e-09,80,3.0444e+05,1721,3.096e+05,1.0412e+09
32,13,1,2,13,59,44,-0.00052251,-3.5243e-12,0,3,32.094,4.9881e-09,2.7758,1.6484e-06,0.011684,5.411e-06,5153.8,3.0958e+05,-1.3597e-07,2.3007,2.2724e-07,0.94989,268.25,-0.4216,-8.2139e-09,-7.1789e-11,0,1721,0,0,0,-3.2596e-09,3,3.0537e+05,1721,3.0958e+05,1.0412e+09
16,13,1,2,13,59,44,-0.00025144,-3.4106e-13,0,13,-0.53125,4.2423e-09,-0.3316,5.2154e-08,0.0067724,3.8408e-06,5153.6,3.0958e+05,7.4506e-08,-0.88067,-1.6764e-08,0.98314,313.38,0.026986,-8.2089e-09,2.1037e-10,0,1721,0,0,0,-9.7789e-09,13,3.0729e+05,1721,3.0958e+05,1.0412e+09
20,13,1,2,14,0,0,7.8577e-05,1.3642e-12,0,81,37.875,5.6031e-09,0.7591,1.9539e-06,0.0054441,5.5376e-06,5153.6,3.096e+05,-8.1956e-08,2.1639,5.7742e-08,0.9285,255.13,1.2811,-8.7346e-09,5.0002e-12,0,1721,0,0,0,-7.9162e-09,81,3.0843e+05,1721,3.096e+05,1.0412e+09
6,13,1,2,16,0,0,0.00040271,-1.3529e-11,0,149,-91.156,5.1784e-09,0.41863,-4.8373e-06,0.0075616,6.564e-06,5153.7,3.168e+05,1.1921e-07,0.058126,-7.4506e-08,0.94022,243.19,-0.39855,-8.5757e-09,-1.7179e-10,0,1721,0,0,0,-5.1223e-09,149,3.096e+05,1721,3.168e+05,1.0412e+09
25,13,1,2,16,0,0,6.0258e-05,2.3874e-12,0,87,15.5,4.517e-09,2.0019,8.1025e-07,0.0019518,3.4738e-06,5153.6,3.168e+05,-2.0489e-08,-0.93565,-1.1176e-08,0.97121,315.25,0.59837,-8.3221e-09,2.668e-10,0,1721,0,0,0,5.1223e-09,87,3.0972e+05,1721,3.168e+05,1.0412e+09
31,13,1,2,16,0,0,0.00029556,2.0464e-12,0,140,50.813,3.7787e-09,-3.0826,2.6934e-06,0.0081264,1.0043e-05,5153.8,3.168e+05,4.2841e-08,-1.9533,6.8918e-08,0.98073,196.88,-0.82234,-7.641e-09,1.1072e-10,0,1721,0,0,0,-1.3504e-08,140,3.099e+05,1721,3.168e+05,1.0412e+09
32,13,1,2,15,59,44,-0.00052253,-3.5243e-12,0,4,35.469,5.0327e-09,-2.4573,1.8124e-06,0.011685,5.7258e-06,5153.8,3.1678e+05,-2.9802e-07,2.3006,1.1176e-07,0.94989,262.88,-0.42159,-8.2586e-09,-3.4644e-11,0,1721,0,0,0,-3.2596e-09,4,3.0993e+05,1721,3.1678e+05,1.0412e+09
22,13,1,2,16,0,0,0.00015481,9.0949e-13,0,110,35.906,5.8431e-09,0.5673,1.9819e-06,0.0061444,5.3626e-06,5153.7,3.168e+05,-1.6764e-08,2.2203,1.4901e-08,0.92563,258.22,-2.0239,-8.9011e-09,3.1787e-11,0,1721,0,1,0,-1.7229e-08,110,3.0996e+05,1721,3.168e+05,1.0412e+09
16,13,1,2,16,0,0,-0.00025144,-3.4106e-13,0,18,2.625,4.2002e-09,0.72095,1.993e-07,0.0067725,3.9656e-06,5153.6,3.168e+05,7.0781e-08,-0.88073,5.7742e-08,0.98314,312.47,0.02702,-8.1711e-09,1.8858e-10,0,1721,0,0,0,-9.7789e-09,18,3.1005e+05,1721,3.168e+05,1.0412e+09
29,13,1,2,16,0,0,0.00039383,3.979e-12,0,102,-90.625,4.4666e-09,2.6279,-4.9155e-06,0.0018187,8.2962e-06,5153.7,3.168e+05,7.0781e-08,0.16611,4.4703e-08,0.96534,221.84,-1.1108,-8.0439e-09,-1.9537e-10,0,1721,0,1,0,-9.3132e-09,102,3.1008e+05,1721,3.168e+05,1.0412e+09
30,13,1,2,16,0,0,-0.00026453,1.2392e-11,0,100,21.313,4.6909e-09,-0.32314,1.1455e-06,0.010854,4.4424e-06,5153.6,3.168e+05,-1.4529e-07,-1.0286,9.3132e-09,0.96227,295.78,1.6125,-8.5554e-09,3.3894e-10,0,1721,0,4,0,-4.6566e-09,100,3.1023e+05,1721,3.168e+05,1.0412e+09
14,13,1,2,16,0,0,0.00021908,4.5475e-13,0,107,-17.094,4.2734e-09,-0.44531,-8.6613e-07,0.0067372,8.5272e-06,5153.7,3.168e+05,1.4901e-08,-2.9536,9.3132e-08,0.97633,225.44,-2.0169,-8.0775e-09,-5.0574e-10,0,1721,0,1,0,-8.8476e-09,107,3.1026e+05,1721,3.168e+05,1.0412e+09
20,13,1,2,16,0,0,7.8586e-05,1.3642e-12,0,82,41.156,5.5695e-09,1.8095,1.9781e-06,0.0054441,5.696e-06,5153.6,3.168e+05,-8.1956e-08,2.1638,-1.2666e-07,0.9285,250.38,1.2809,-8.5746e-09,8.1075e-11,0,1721,0,0,0,-7.9162e-09,82,3.1026e+05,1721,3.168e+05,1.0412e+09
3,13,1,2,15,59,44,0.0001499,5.1159e-12,0,39,-80.969,5.2834e-09,-1.482,-3.9246e-06,0.015929,5.9064e-06,5153.7,3.1678e+05,3.0361e-07,-0.020188,3.0361e-07,0.93349,246.25,1.2622,-8.485e-09,-1.4358e-10,0,1721,0,0,0,-4.6566e-09,39,3.1206e+05,1721,3.1678e+05,1.0412e+09
14,13,1,2,15,59,44,0.00021908,4.5475e-13,0,0,-17.094,4.2734e-09,-0.44764,-8.6613e-07,0.0067372,8.5272e-06,5153.7,3.1678e+05,1.4901e-08,-2.9536,9.3132e-08,0.97633,225.44,-2.0169,-8.0775e-09,-5.0574e-10,0,1721,0,0,0,-8.8476e-09,0,3.1389e+05,1721,3.1678e+05,1.0412e+09
23,13,1,2,16,0,0,0.00012788,-3.7517e-12,0,23,-16.594,4.5673e-09,-1.3883,-1.0114e-06,0.008136,7.5456e-06,5153.8,3.168e+05,2.4214e-08,-3.0096,-1.8999e-07,0.95788,232.13,-2.9167,-8.0557e-09,-3.8252e-10,0,1721,0,0,0,-2.0489e-08,23,3.1398e+05,1721,3.168e+05,1.0412e+09
29,13,1,2,15,59,44,0.00039383,3.979e-12,0,10,-90.625,4.4666e-09,2.6256,-4.9137e-06,0.0018187,8.2962e-06,5153.7,3.1678e+05,7.0781e-08,0.16611,4.4703e-08,0.96534,221.84,-1.1108,-8.0439e-09,-1.9572e-10,0,1721,0,0,0,-9.3132e-09,10,3.1647e+05,1721,3.1678e+05,1.0412e+09
6,13,1,2,18,0,0,0.00040261,-1.3529e-11,0,150,-91.344,5.1027e-09,1.4688,-4.7386e-06,0.0075616,6.5584e-06,5153.7,3.24e+05,1.1362e-07,0.058065,1.397e-07,0.94022,242.16,-0.39855,-8.3925e-09,-2.5787e-10,0,1721,0,0,0,-5.1223e-09,150,3.1686e+05,1721,3.24e+05,1.0412e+09
21,13,1,2,18,0,0,-0.00027215,-2.2737e-12,0,11,15.563,4.9609e-09,-2.8857,4.7311e-07,0.019599,1.1647e-05,5153.8,3.24e+05,1.7323e-07,1.168,-2.7567e-07,0.93123,136.34,-2.1912,-7.9139e-09,3.3966e-10,0,1721,0,0,0,-1.1176e-08,11,3.1704e+05,1721,3.24e+05,1.0412e+09
31,13,1,2,18,0,0,0.00029557,2.0464e-12,0,141,59.094,3.8619e-09,-2.0325,3.0939e-06,0.0081273,1.0278e-05,5153.8,3.24e+05,-1.1362e-07,-1.9534,1.2666e-07,0.98073,194.78,-0.82233,-7.7939e-09,9.429e-11,0,1721,0,1,0,-1.3504e-08,141,3.1716e+05,1721,3.24e+05,1.0412e+09
32,13,1,2,18,0,0,-0.00052256,-3.5243e-12,0,14,29,5.2445e-09,-1.4049,1.4883e-06,0.011685,5.6904e-06,5153.8,3.24e+05,-4.4703e-08,2.3006,-2.4028e-07,0.94989,264.5,-0.42151,-8.5721e-09,2.0144e-10,0,1721,0,0,0,-3.2596e-09,14,3.1719e+05,1721,3.24e+05,1.0412e+09
16,13,1,2,18,0,0,-0.00025144,-3.4106e-13,0,19,5.5,4.2237e-09,1.7712,3.8929e-07,0.0067727,4.001e-06,5153.6,3.24e+05,-7.4506e-09,-0.88079,4.6566e-08,0.98314,314.81,0.027,-8.1414e-09,1.4072e-10,0,1721,0,0,0,-9.7789e-09,19,3.1734e+05,1721,3.24e+05,1.0412e+09
29,13,1,2,17,59,44,0.00039386,3.979e-12,0,11,-81.844,4.4105e-09,-2.6075,-4.2487e-06,0.00182,7.8883e-06,5153.7,3.2398e+05,-1.8626e-08,0.16606,6.5193e-08,0.96534,225.91,-1.1107,-8.0046e-09,-1.2965e-10,0,1721,0,0,0,-9.3132e-09,11,3.174e+05,1721,3.2398e+05,1.0412e+09
30,13,1,2,18,0,0,-0.00026444,1.2392e-11,0,101,26.531,4.7706e-09,0.72712,1.2908e-06,0.010853,4.2766e-06,5153.6,3.24e+05,-7.4506e-08,-1.0286,-1.2293e-07,0.96227,301.03,1.6125,-8.5786e-09,2.2572e-10,0,1721,0,5,0,-4.6566e-09,101,3.1752e+05,1721,3.24e+05,1.0412e+09
14,13,1,2,17,59,44,0.00021909,4.5475e-13,0,12,-16.25,4.2562e-09,0.60253,-8.2515e-07,0.0067373,8.5495e-06,5153.7,3.2398e+05,-5.0291e-08,-2.9537,6.8918e-08,0.97633,225,-2.0169,-8.0532e-09,-5.5288e-10,0,1721,0,0,0,-8.8476e-09,12,3.1755e+05,1721,3.2398e+05,1.0412e+09
20,13,1,2,18,0,0,7.8596e-05,1.3642e-12,0,83,43.281,5.6081e-09,2.8598,2.2054e-06,0.0054439,5.696e-06,5153.6,3.24e+05,2.794e-08,2.1637,-1.695e-07,0.9285,248.78,1.2809,-8.5836e-09,1.15e-10,0,1721,0,0,0,-7.9162e-09,83,3.1755e+05,1721,3.24e+05,1.0412e+09
3,13,1,2,17,59,44,0.00014993,5.1159e-12,0,64,-81.156,5.3842e-09,-0.43179,-4.163e-06,0.015929,6.3851e-06,5153.7,3.2398e+05,-1.099e-07,-0.020251,2.1234e-07,0.93349,245.84,1.2622,-8.8661e-09,-1.125e-10,0,1721,0,0,0,-4.6566e-09,64,3.1758e+05,1721,3.2398e+05,1.0412e+09
23,13,1,2,18,0,0,0.00012786,-3.7517e-12,0,26,-19,4.687e-09,-0.33819,-1.1213e-06,0.0081362,7.4748e-06,5153.8,3.24e+05,1.5274e-07,-3.0097,6.5193e-08,0.95787,233,-2.9167,-8.2836e-09,-5.3002e-10,0,1721,0,0,0,-2.0489e-08,26,3.1767e+05,1721,3.24e+05,1.0412e+09
13,13,1,2,18,0,0,0.00015551,-2.8422e-12,0,93,-17.406,4.0045e-09,0.44541,-1.0375e-06,0.0048693,8.3633e-06,5153.6,3.24e+05,1.6764e-08,-2.9254,-8.9407e-08,0.98359,231.63,2.0683,-7.8993e-09,-5.1002e-10,0,1721,0,0,0,-1.1176e-08,93,3.1836e+05,1721,3.24e+05,1.0412e+09
19,13,1,2,18,0,0,-0.00033639,-3.2969e-12,0,89,-88.688,4.5891e-09,0.077189,-4.5709e-06,0.0087832,7.9833e-06,5153.7,3.24e+05,1.6019e-07,0.20971,5.0291e-08,0.96202,226.25,0.27521,-8.2586e-09,-1.7429e-10,0,1721,0,0,0,-1.4435e-08,89,3.1884e+05,1721,3.24e+05,1.0412e+09
7,13,1,2,18,0,0,0.00016432,4.4338e-12,0,50,43.406,3.9284e-09,-1.9839,2.1774e-06,0.0060511,9.3896e-06,5153.7,3.24e+05,-4.4703e-08,-1.9573,-5.4017e-08,0.97571,207.41,-2.9218,-7.7464e-09,1.5465e-10,0,1721,0,0,0,-1.1176e-08,50,3.2244e+05,1721,3.24e+05,1.0412e+09
11,13,1,2,18,0,0,-0.00033954,-3.7517e-12,0,111,-32.188,5.9974e-09,-1.7829,-1.6429e-06,0.013807,1.0589e-05,5153.7,3.24e+05,2.9802e-07,0.8791,-1.8626e-08,0.88852,130.41,1.1356,-8.5314e-09,1.8036e-10,0,1721,0,0,0,-1.1642e-08,111,3.2283e+05,1721,3.24e+05,1.0412e+09
23,13,1,2,20,0,0,0.00012783,-3.7517e-12,0,88,-20.063,4.7634e-09,0.71194,-9.7416e-07,0.0081358,7.4785e-06,5153.8,3.312e+05,6.333e-08,-3.0098,1.0803e-07,0.95787,230.03,-2.9167,-8.2889e-09,-5.5359e-10,0,1721,0,0,0,-2.0489e-08,88,3.2406e+05,1721,3.312e+05,1.0412e+09
6,13,1,2,20,0,0,0.00040251,-1.3529e-11,0,151,-88.469,5.0202e-09,2.5189,-4.5747e-06,0.0075614,6.7353e-06,5153.7,3.312e+05,-1.6764e-08,0.058005,1.9558e-07,0.94021,235.88,-0.39844,-8.355e-09,-2.0358e-10,0,1721,0,0,0,-5.1223e-09,151,3.2421e+05,1721,3.312e+05,1.0412e+09
7,13,1,2,20,0,0,0.00016435,4.4338e-12,0,59,39.813,3.9223e-09,-0.93347,1.9744e-06,0.006051,9.9801e-06,5153.7,3.312e+05,1.3784e-07,-1.9573,-1.1176e-07,0.97571,195.66,-2.9221,-7.8196e-09,1.7144e-11,0,1721,0,0,0,-1.1176e-08,59,3.2427e+05,1721,3.312e+05,1.0412e+09
19,13,1,2,20,0,0,-0.00033642,-3.2969e-12,0,90,-84.656,4.5023e-09,1.1273,-4.353e-06,0.0087836,8.1416e-06,5153.7,3.312e+05,-1.1176e-08,0.20965,1.4342e-07,0.96202,223.22,0.27526,-8.1346e-09,-2.9608e-10,0,1721,0,0,0,-1.4435e-08,90,3.243e+05,1721,3.312e+05,1.0412e+09
31,13,1,2,20,0,0,0.00029559,2.0464e-12,0,142,48.531,3.9255e-09,-0.98256,2.4401e-06,0.0081267,9.8646e-06,5153.8,3.312e+05,-1.1548e-07,-1.9534,-1.4901e-08,0.98073,203.69,-0.82215,-7.8771e-09,1.3108e-10,0,1721,0,1,0,-1.3504e-08,142,3.2445e+05,1721,3.312e+05,1.0412e+09
11,13,1,2,20,0,0,-0.00033956,-3.7517e-12,0,112,-26.188,6.1724e-09,-0.73272,-1.207e-06,0.013807,1.1161e-05,5153.7,3.312e+05,-4.6566e-08,0.87904,2.1607e-07,0.88851,128.16,1.1357,-8.9722e-09,1.1786e-10,0,1721,0,1,0,-1.1642e-08,112,3.2466e+05,1721,3.312e+05,1.0412e+09
16,13,1,2,20,0,0,-0.00025145,-3.4106e-13,0,20,9.375,4.232e-09,2.8216,5.085e-07,0.0067729,3.9283e-06,5153.6,3.312e+05,-5.5879e-08,-0.88085,-1.1176e-08,0.98314,317.56,0.026921,-8.0893e-09,1.8251e-10,0,1721,0,0,0,-9.7789e-09,20,3.2466e+05,1721,3.312e+05,1.0412e+09
13,13,1,2,20,0,0,0.00015549,-2.8422e-12,0,96,-18.969,4.0584e-09,1.4958,-1.1399e-06,0.0048692,8.2944e-06,5153.6,3.312e+05,8.7544e-08,-2.9255,-6.1467e-08,0.98359,227.31,2.0682,-7.8396e-09,-5.1609e-10,0,1721,0,1,0,-1.1176e-08,96,3.2475e+05,1721,3.312e+05,1.0412e+09
30,13,1,2,20,0,0,-0.00026435,1.2392e-11,0,107,26.813,4.6427e-09,1.7773,1.207e-06,0.010853,3.9414e-06,5153.6,3.312e+05,2.2165e-07,-1.0287,-2.1607e-07,0.96228,304.56,1.6125,-8.2946e-09,2.5537e-10,0,1721,0,6,0,-4.6566e-09,107,3.2478e+05,1721,3.312e+05,1.0412e+09
3,13,1,2,20,0,0,0.00014997,5.1159e-12,0,65,-80.844,5.3481e-09,0.62073,-4.2394e-06,0.015929,6.4243e-06,5153.7,3.312e+05,-2.1979e-07,-0.020314,9.3132e-09,0.93348,244.94,1.2622,-8.8286e-09,-2.8608e-10,0,1721,0,0,0,-4.6566e-09,65,3.2484e+05,1721,3.312e+05,1.0412e+09
1,13,1,2,20,0,0,0.00029104,2.2737e-12,0,38,2.6875,4.4838e-09,-0.5307,1.6578e-07,0.0015291,1.1789e-05,5153.7,3.312e+05,3.539e-08,1.1653,1.8626e-09,0.95991,151.66,0.49797,-7.9464e-09,2.6537e-10,0,1721,0,0,0,8.3819e-09,38,3.2553e+05,1721,3.312e+05,1.0412e+09
8,13,1,2,20,0,0,3.784e-06,2.2737e-13,0,42,44.906,3.4437e-09,-1.5246,2.1756e-06,0.012713,9.6001e-06,5153.6,3.312e+05,2.4214e-08,-1.8692,-2.0675e-07,0.99816,213.25,-2.8869,-7.5157e-09,2.3215e-10,0,1721,0,0,0,-4.191e-09,42,3.2796e+05,1721,3.312e+05,1.0412e+09
30,13,1,2,22,0,0,-0.00026426,1.2392e-11,0,108,26.5,4.5895e-09,2.8275,1.4231e-06,0.010853,3.9656e-06,5153.6,3.384e+05,1.2293e-07,-1.0288,3.1665e-08,0.96228,303.81,1.6125,-8.1028e-09,1.3429e-10,0,1721,0,6,0,-4.6566e-09,108,3.312e+05,1721,3.384e+05,1.0412e+09
3,13,1,2,22,0,0,0.00015001,5.1159e-12,0,66,-86.563,5.1966e-09,1.6709,-4.7162e-06,0.015929,6.2604e-06,5153.7,3.384e+05,-1.844e-07,-0.020378,-3.6694e-07,0.93348,247.31,1.2623,-8.5371e-09,-1.5215e-10,0,1721,0,0,0,-4.6566e-09,66,3.3123e+05,1721,3.384e+05,1.0412e+09
23,13,1,2,22,0,0,0.0001278,-3.7517e-12,0,89,-18.906,4.8277e-09,1.762,-8.3447e-07,0.0081359,7.8604e-06,5153.8,3.384e+05,-2.794e-08,-3.0098,2.142e-07,0.95786,228.97,-2.9167,-8.2636e-09,-4.8323e-10,0,1721,0,0,0,-2.0489e-08,89,3.3135e+05,1721,3.384e+05,1.0412e+09
6,13,1,2,22,0,0,0.00040241,-1.3529e-11,0,152,-81.375,4.9448e-09,-2.7141,-4.0494e-06,0.0075624,6.97e-06,5153.7,3.384e+05,-7.8231e-08,0.057945,8.1956e-08,0.94021,233.63,-0.39847,-8.2628e-09,-1.4465e-10,0,1721,0,0,0,-5.1223e-09,152,3.315e+05,1721,3.384e+05,1.0412e+09
7,13,1,2,22,0,0,0.00016439,4.4338e-12,0,64,44.719,4.0541e-09,0.11661,2.183e-06,0.0060508,9.8646e-06,5153.7,3.384e+05,5.9605e-08,-1.9574,3.1665e-08,0.97571,194.56,-2.922,-7.9575e-09,-2.3572e-11,0,1721,0,0,0,-1.1176e-08,64,3.3159e+05,1721,3.384e+05,1.0412e+09
19,13,1,2,22,0,0,-0.00033644,-3.2969e-12,0,91,-81.5,4.4709e-09,2.1775,-4.204e-06,0.0087838,8.1602e-06,5153.7,3.384e+05,-1.7881e-07,0.2096,1.0803e-07,0.96201,223.03,0.27523,-8.0596e-09,-2.0394e-10,0,1721,0,0,0,-1.4435e-08,91,3.3159e+05,1721,3.384e+05,1.0412e+09
8,13,1,2,22,0,0,3.7858e-06,2.2737e-13,0,47,47.719,3.5701e-09,-0.47442,2.3898e-06,0.012712,9.7528e-06,5153.6,3.384e+05,2.2165e-07,-1.8693,6.8918e-08,0.99816,209.81,-2.8869,-7.7621e-09,4.8216e-11,0,1721,0,0,0,-4.191e-09,47,3.3162e+05,1721,3.384e+05,1.0412e+09
1,13,1,2,22,0,0,0.00029106,2.2737e-12,0,39,12.688,4.3866e-09,0.51948,5.6438e-07,0.0015308,1.1483e-05,5153.7,3.384e+05,1.6764e-08,1.1652,4.2841e-08,0.95991,158.59,0.49796,-7.9146e-09,2.4572e-10,0,1721,0,0,0,8.3819e-09,39,3.3195e+05,1721,3.384e+05,1.0412e+09
32,13,1,2,22,0,0,-0.00052261,-3.5243e-12,0,16,32,5.2974e-09,0.6952,1.641e-06,0.011685,5.0496e-06,5153.8,3.384e+05,2.8685e-07,2.3004,-1.0431e-07,0.94989,277.69,-0.42139,-8.5489e-09,1.2286e-10,0,1721,0,0,0,-3.2596e-09,16,3.3195e+05,1721,3.384e+05,1.0412e+09
11,13,1,2,21,59,44,-0.00033959,-3.8654e-12,0,7,-24,6.1045e-09,0.31516,-1.2945e-06,0.013807,1.0902e-05,5153.7,3.3838e+05,-1.9744e-07,0.87897,1.1921e-07,0.88851,133.41,1.1356,-8.9422e-09,2.9644e-11,0,1721,0,0,0,-1.1642e-08,7,3.3198e+05,1721,3.3838e+05,1.0412e+09
16,13,1,2,22,0,0,-0.00025145,-3.4106e-13,0,21,5.75,4.2291e-09,-2.4114,3.2596e-07,0.0067735,4.1407e-06,5153.6,3.384e+05,-2.4214e-08,-0.8809,-2.6077e-08,0.98314,314.47,0.026958,-8.0718e-09,1.8679e-10,0,1721,0,0,0,-9.7789e-09,21,3.3198e+05,1721,3.384e+05,1.0412e+09
13,13,1,2,22,0,0,0.00015547,-2.8422e-12,0,110,-17.594,4.1341e-09,2.546,-7.8045e-07,0.0048691,8.408e-06,5153.6,3.384e+05,1.5646e-07,-2.9256,1.3039e-08,0.98359,227.19,2.0682,-7.846e-09,-4.7216e-10,0,1721,0,1,0,-1.1176e-08,110,3.3207e+05,1721,3.384e+05,1.0412e+09
20,13,1,2,22,0,0,7.8616e-05,1.3642e-12,0,85,46.75,5.7117e-09,-1.323,2.5928e-06,0.0054451,5.452e-06,5153.6,3.384e+05,7.0781e-08,2.1636,1.0803e-07,0.9285,259.81,1.281,-8.7036e-09,2.2072e-10,0,1721,0,0,0,-7.9162e-09,85,3.333e+05,1721,3.384e+05,1.0412e+09
28,13,1,2,21,59,44,0.00021983,3.5243e-12,0,17,5.0313,4.1441e-09,-2.6415,2.4028e-07,0.018598,3.9451e-06,5153.6,3.3838e+05,2.1048e-07,-0.87447,-5.4017e-08,0.98156,312.75,-1.7983,-7.7882e-09,2.4965e-10,0,1721,0,0,0,-1.071e-08,17,3.3351e+05,1721,3.3838e+05,1.0412e+09
13,13,1,2,21,59,44,0.00015547,-2.8422e-12,0,0,-17.594,4.1341e-09,2.5436,-7.8045e-07,0.0048691,8.408e-06,5153.6,3.3838e+05,1.5646e-07,-2.9256,1.3039e-08,0.98359,227.19,2.0682,-7.846e-09,-4.7216e-10,0,1721,0,0,0,-1.1176e-08,0,3.339e+05,1721,3.3838e+05,1.0412e+09
17,13,1,2,22,0,0,6.3467e-05,-3.5243e-12,0,83,-92,4.3366e-09,2.8992,-4.7013e-06,0.0079579,7.8585e-06,5153.8,3.384e+05,5.4017e-08,0.15725,-6.8918e-08,0.96474,228.41,-2.2657,-7.9153e-09,-1.5715e-10,0,1721,0,1,0,-1.071e-08,83,3.3531e+05,1721,3.384e+05,1.0412e+09
20,13,1,2,21,59,44,7.8616e-05,1.3642e-12,0,13,46.75,5.7117e-09,-1.3253,2.5928e-06,0.0054451,5.452e-06,5153.6,3.3838e+05,7.0781e-08,2.1636,1.0803e-07,0.9285,259.81,1.281,-8.7036e-09,2.2072e-10,0,1721,0,0,0,-7.9162e-09,13,3.3603e+05,1721,3.3838e+05,1.0412e+09
4,13,1,2,22,0,0,9.3534e-05,1.1141e-11,0,89,4.375,4.8531e-09,-1.5015,3.4086e-07,0.010411,1.0893e-05,5153.7,3.384e+05,2.2911e-07,1.1634,3.7253e-09,0.93748,148.63,0.94977,-8.0903e-09,3.1001e-10,0,1721,0,0,0,-6.5193e-09,89,3.3729e+05,1721,3.384e+05,1.0412e+09
3,13,1,3,0,0,0,0.00015004,5.1159e-12,0,67,-84.063,5.0691e-09,2.721,-4.34e-06,0.015929,5.7407e-06,5153.7,3.456e+05,1.3597e-07,-0.020437,-1.6391e-07,0.93348,251.44,1.2623,-8.1953e-09,-2.0537e-10,0,1721,0,0,0,-4.6566e-09,67,3.3849e+05,1721,3.456e+05,1.0412e+09
20,13,1,2,23,59,44,7.8626e-05,1.3642e-12,0,14,46.875,5.6584e-09,-0.27505,2.3656e-06,0.0054451,5.5786e-06,5153.6,3.4558e+05,-1.1176e-08,2.1636,1.0617e-07,0.92851,260.03,1.281,-8.7293e-09,2.1001e-10,0,1721,0,0,0,-7.9162e-09,14,3.3879e+05,1721,3.4558e+05,1.0412e+09
7,13,1,3,0,0,0,0.00016442,4.4338e-12,0,72,44.844,4.117e-09,1.1668,2.4699e-06,0.0060509,9.6112e-06,5153.7,3.456e+05,2.9802e-08,-1.9575,5.9605e-08,0.97571,200.88,-2.9221,-7.9332e-09,-4.4288e-11,0,1721,0,0,0,-1.1176e-08,72,3.3888e+05,1721,3.456e+05,1.0412e+09
19,13,1,3,0,0,0,-0.00033646,-3.2969e-12,0,92,-80.031,4.3877e-09,-3.0554,-4.1239e-06,0.0087835,8.0559e-06,5153.7,3.456e+05,-1.1176e-07,0.20954,-4.0978e-08,0.96201,225.59,0.27523,-7.9396e-09,-1.6394e-10,0,1721,0,0,0,-1.4435e-08,92,3.3888e+05,1721,3.456e+05,1.0412e+09
8,13,1,3,0,0,0,3.7872e-06,2.2737e-13,0,107,51.25,3.6009e-09,0.57578,2.712e-06,0.012713,9.4809e-06,5153.6,3.456e+05,1.0058e-07,-1.8693,1.7695e-07,0.99816,212.69,-2.8869,-7.7668e-09,9.2861e-12,0,1721,0,0,0,-4.191e-09,107,3.3891e+05,1721,3.456e+05,1.0412e+09
17,13,1,2,23,59,44,6.3438e-05,-3.638e-12,0,18,-90.188,4.3352e-09,-2.3362,-4.6063e-06,0.0079577,7.8976e-06,5153.8,3.4558e+05,4.6566e-08,0.15719,-5.7742e-08,0.96474,228.38,-2.2657,-7.9082e-09,-1.6394e-10,0,1721,0,0,0,-1.071e-08,18,3.3897e+05,1721,3.4558e+05,1.0412e+09
28,13,1,3,0,0,0,0.00021986,3.5243e-12,0,18,9.125,4.2498e-09,-1.589,7.1339e-07,0.018598,3.9209e-06,5153.6,3.456e+05,3.39e-07,-0.87452,3.241e-07,0.98156,313.94,-1.7982,-8.0614e-09,8.4646e-11,0,1721,0,0,0,-1.071e-08,18,3.3897e+05,1721,3.456e+05,1.0412e+09
4,13,1,3,0,0,0,9.3614e-05,1.1141e-11,0,90,11,4.8816e-09,-0.4514,7.4506e-07,0.010411,1.1332e-05,5153.7,3.456e+05,1.3039e-08,1.1633,1.4342e-07,0.93748,149.22,0.94979,-8.3371e-09,2.768e-10,0,1721,0,0,0,-6.5193e-09,90,3.3912e+05,1721,3.456e+05,1.0412e+09
1,13,1,3,0,0,0,0.00029107,2.2737e-12,0,71,12.25,4.4077e-09,1.5708,5.2527e-07,0.0015298,1.0589e-05,5153.7,3.456e+05,-3.7253e-09,1.1652,0,0.95991,173.28,0.49679,-7.9085e-09,2.0894e-10,0,1721,0,0,0,8.3819e-09,71,3.3924e+05,1721,3.456e+05,1.0412e+09
11,13,1,3,0,0,0,-0.00033962,-3.8654e-12,0,13,-27.906,6.0642e-09,1.3677,-1.5274e-06,0.013806,1.0649e-05,5153.7,3.456e+05,-2.8126e-07,0.87891,-7.4506e-08,0.88852,138.34,1.1357,-8.8668e-09,3.8216e-11,0,1721,0,0,0,-1.1642e-08,13,3.3924e+05,1721,3.456e+05,1.0412e+09
32,13,1,3,0,0,0,-0.00052263,-3.5243e-12,0,25,44.719,5.0874e-09,1.7452,2.2221e-06,0.011685,5.1949e-06,5153.8,3.456e+05,1.099e-07,2.3004,1.6578e-07,0.94989,273.59,-0.42123,-8.3153e-09,-4.3216e-11,0,1721,0,0,0,-3.2596e-09,25,3.3924e+05,1721,3.456e+05,1.0412e+09
23,13,1,3,0,0,0,0.00012777,-3.7517e-12,0,92,-18.938,4.7245e-09,2.8122,-9.6299e-07,0.0081358,7.7374e-06,5153.8,3.456e+05,-1.5087e-07,-3.0099,-4.8429e-08,0.95786,231.25,-2.9167,-8.0403e-09,-3.3966e-10,0,1721,0,0,0,-2.0489e-08,92,3.4254e+05,1721,3.456e+05,1.0412e+09
10,13,1,3,0,0,0,-6.4676e-05,-1.4779e-12,0,112,43.219,5.2549e-09,-1.3318,2.3376e-06,0.012222,5.1819e-06,5153.7,3.456e+05,3.1106e-07,2.2317,-1.6764e-08,0.94412,265.56,0.78704,-8.4482e-09,2.3001e-10,0,1721,0,1,0,-2.794e-09,112,3.4269e+05,1721,3.456e+05,1.0412e+09
9,13,1,3,0,0,0,0.00021098,2.6148e-12,0,120,28.438,3.9305e-09,0.94464,1.3467e-06,0.017051,1.0276e-05,5152.8,3.456e+05,-2.6822e-07,-1.9817,-1.8813e-07,0.98439,196.94,1.6354,-8.0418e-09,1.6429e-11,0,1721,0,0,0,-5.5879e-09,120,3.4323e+05,1721,3.456e+05,1.0412e+09
13,13,1,2,23,59,44,0.00015544,-2.8422e-12,0,7,-11.625,4.1648e-09,-2.6893,-5.383e-07,0.0048702,8.2608e-06,5153.6,3.4558e+05,-1.8626e-08,-2.9256,1.0431e-07,0.98358,232.91,2.0682,-7.7778e-09,-3.268e-10,0,1721,0,0,0,-1.1176e-08,7,3.4479e+05,1721,3.4558e+05,1.0412e+09
