1,13,1,2,0,0,0,0.00029088,2.2737e-12,0,90,21.719,4.438e-09,1.5323,1.017e-06,0.0015292,1.0131e-05,5153.7,2.592e+05,-1.8626e-08,1.1659,-9.3132e-09,0.95989,182.13,0.4998,-7.9225e-09,3.6466e-10,1,1721,0,2,0,8.3819e-09,90,2.5917e+05,1721,2.592e+05,1.0411e+09
11,13,1,2,0,0,0,-0.00033929,-3.7517e-12,0,31,-15,6.0385e-09,1.3319,-8.4192e-07,0.013807,1.0831e-05,5153.7,2.592e+05,-2.794e-07,0.87966,-7.0781e-08,0.8885,134.78,1.1355,-8.8475e-09,1.8894e-10,1,1721,0,2,0,-1.1642e-08,31,2.5827e+05,1721,2.592e+05,1.0411e+09
12,13,1,2,0,0,0,0.00011009,2.0464e-12,0,74,-3.2188,4.3534e-09,0.85656,-2.0489e-07,0.0041321,3.1106e-06,5153.6,2.592e+05,1.1176e-08,-0.89856,5.4017e-08,0.98238,328.53,0.13824,-8.2443e-09,-1.8215e-11,1,1721,0,2,0,-1.2107e-08,74,2.5827e+05,1721,2.592e+05,1.0411e+09
14,13,1,2,0,0,0,0.00021906,4.5475e-13,0,44,-9.8438,4.1762e-09,-2.5632,-4.0978e-07,0.0067371,9.1214e-06,5153.7,2.592e+05,1.0617e-07,-2.9532,-4.4703e-08,0.97635,210.72,-2.0172,-7.7403e-09,-3.5001e-10,1,1721,0,2,0,-8.8476e-09,44,2.5827e+05,1721,2.592e+05,1.0411e+09
20,13,1,2,0,0,0,7.8508e-05,1.3642e-12,0,98,25.563,5.7463e-09,-0.30951,1.274e-06,0.0054401,4.8522e-06,5153.6,2.592e+05,-1.1176e-08,2.1643,7.4506e-08,0.9285,273.91,1.281,-8.7704e-09,1.1536e-10,1,1721,0,2.8,0,-7.9162e-09,98,2.5827e+05,1721,2.592e+05,1.0411e+09
22,13,1,2,0,0,0,0.00015476,9.0949e-13,0,34,23.688,5.6774e-09,-1.551,1.3299e-06,0.0061465,4.7386e-06,5153.7,2.592e+05,1.0617e-07,2.2208,9.127e-08,0.92563,266.69,-2.024,-8.6207e-09,1.0179e-10,1,1721,0,2,0,-1.7229e-08,34,2.5827e+05,1721,2.592e+05,1.0411e+09
32,13,1,2,0,0,0,-0.00052234,-3.5243e-12,0,52,21.438,5.1524e-09,1.7109,1.017e-06,0.011684,4.7944e-06,5153.8,2.592e+05,1.2293e-07,2.3011,1.4529e-07,0.94989,281.56,-0.42211,-8.3332e-09,-1.5251e-10,1,1721,0,2,0,-3.2596e-09,52,2.5827e+05,1721,2.592e+05,1.0411e+09
3,13,1,2,0,0,0,0.00014961,5.1159e-12,0,52,-101.56,4.9448e-09,2.6855,-5.2452e-06,0.015927,6.6888e-06,5153.7,2.592e+05,1.3597e-07,-0.019702,-1.5646e-07,0.9335,233.25,1.2619,-8.1082e-09,-2.2537e-10,1,1721,0,2,0,-4.6566e-09,52,2.5437e+05,1721,2.592e+05,1.0411e+09
6,13,1,2,0,0,0,0.00040348,-1.3529e-11,0,143,-92.219,4.8366e-09,-1.6992,-4.7814e-06,0.0075604,7.9051e-06,5153.7,2.592e+05,-1.2666e-07,0.058609,-7.2643e-08,0.94023,217.81,-0.39891,-8.3075e-09,-9.4647e-11,1,1721,0,2.8,0,-5.1223e-09,143,2.5341e+05,1721,2.592e+05,1.0411e+09
9,13,1,2,0,0,0,0.00021075,2.6148e-12,0,117,67.844,3.9762e-09,0.90269,3.3975e-06,0.017048,9.6709e-06,5152.8,2.592e+05,-2.6077e-07,-1.981,-1.546e-07,0.98438,208.19,1.6355,-8.0814e-09,1.2858e-10,1,1721,0,2.8,0,-5.5879e-09,117,2.5731e+05,1721,2.592e+05,1.0411e+09
15,13,1,2,0,0,0,-0.00010391,-1.1369e-12,0,92,-17.531,5.0377e-09,-3.0043,-8.4192e-07,0.0051789,9.0078e-06,5153.7,2.592e+05,-5.9605e-08,-3.0481,-2.2352e-08,0.94303,197.59,0.097699,-8.1818e-09,-4.4145e-10,1,1721,0,2.8,0,-1.0245e-08,92,2.5314e+05,1721,2.592e+05,1.0411e+09
18,13,1,2,0,0,0,0.00023232,1.819e-12,0,43,25.531,5.7535e-09,-0.8769,1.6186e-06,0.013634,5.0496e-06,5153.7,2.592e+05,1.8626e-08,2.2179,3.2037e-07,0.92789,265.06,-2.1317,-8.8118e-09,7.0717e-11,1,1721,0,2,0,-1.071e-08,43,2.5812e+05,1721,2.592e+05,1.0411e+09
19,13,1,2,0,0,0,-0.00033618,-3.2969e-12,0,86,-87.281,4.2598e-09,-3.0911,-4.502e-06,0.0087818,9.0841e-06,5153.7,2.592e+05,-1.0617e-07,0.21023,-3.3528e-08,0.96203,205.75,0.27497,-7.8489e-09,-1.2643e-10,1,1721,0,2,0,-1.4435e-08,86,2.5773e+05,1721,2.592e+05,1.0411e+09
21,13,1,2,0,0,0,-0.00027201,-2.3874e-12,0,66,12.125,5.2184e-09,0.22975,8.4192e-07,0.019593,9.8832e-06,5153.7,2.592e+05,-1.8626e-07,1.1686,3.2596e-07,0.93121,177.78,-2.1915,-8.5629e-09,3.2394e-10,1,1721,0,2,0,-1.1176e-08,66,2.5245e+05,1721,2.592e+05,1.0411e+09
28,13,1,2,0,0,0,0.00021956,3.5243e-12,0,25,-11.719,4.2745e-09,-1.6249,-3.4831e-07,0.018594,2.6133e-06,5153.6,2.592e+05,3.3714e-07,-0.87382,2.7753e-07,0.98155,338.66,-1.7985,-8.1011e-09,-4.4288e-11,1,1721,0,2,0,-1.071e-08,25,2.5626e+05,1721,2.592e+05,1.0411e+09
1,13,1,2,2,0,0,0.00029089,2.2737e-12,0,103,15.188,4.352e-09,2.5819,8.6427e-07,0.0015288,1.0081e-05,5153.7,2.664e+05,0,1.1658,-2.6077e-08,0.95989,184.88,0.50036,-7.9085e-09,3.6644e-10,1,1721,0,2,0,8.3819e-09,103,2.6277e+05,1721,2.664e+05,1.0411e+09
11,13,1,2,2,0,0,-0.00033932,-3.7517e-12,0,32,-21.563,5.8106e-09,2.3821,-1.2033e-06,0.013807,1.0414e-05,5153.7,2.664e+05,1.2107e-07,0.87959,-2.1979e-07,0.88851,137.91,1.1356,-8.4175e-09,2.3287e-10,1,1721,0,2,0,-1.1642e-08,32,2.6187e+05,1721,2.664e+05,1.0411e+09
12,13,1,2,2,0,0,0.0001101,2.0464e-12,0,86,-2.375,4.3755e-09,1.9069,-1.5646e-07,0.0041321,3.0119e-06,5153.6,2.664e+05,-3.7253e-08,-0.89862,7.8231e-08,0.98238,331.81,0.13813,-8.2307e-09,-1.0715e-12,1,1721,0,2,0,-1.2107e-08,86,2.6187e+05,1721,2.664e+05,1.0411e+09
14,13,1,2,2,0,0,0.00021906,4.5475e-13,0,45,-12.344,4.2034e-09,-1.513,-5.0291e-07,0.006737,9.1493e-06,5153.7,2.664e+05,1.5646e-07,-2.9532,7.8231e-08,0.97635,210.91,-2.0172,-7.8135e-09,-3.9287e-10,1,1721,0,2,0,-8.8476e-09,45,2.6187e+05,1721,2.664e+05,1.0411e+09
17,13,1,2,1,59,44,6.3724e-05,-3.5243e-12,0,5,-85.094,4.3777e-09,-1.3209,-4.4666e-06,0.0079543,8.693e-06,5153.8,2.6638e+05,2.2911e-07,0.15783,6.8918e-08,0.96476,214.44,-2.2659,-7.9439e-09,-2.7001e-10,1,1721,0,2,0,-1.071e-08,5,2.6187e+05,1721,2.6638e+05,1.0411e+09
20,13,1,2,1,59,44,7.8518e-05,1.3642e-12,0,0,28.125,5.6052e-09,0.73837,1.3188e-06,0.0054416,5.0757e-06,5153.6,2.6638e+05,-5.5879e-08,2.1642,4.6566e-08,0.9285,262.97,1.2811,-8.7568e-09,8.8218e-11,1,1721,0,2,0,-7.9162e-09,0,2.6187e+05,1721,2.6638e+05,1.0411e+09
23,13,1,2,2,0,0,0.00012807,-3.7517e-12,0,82,-11.469,4.6084e-09,-2.4556,-7.1712e-07,0.0081364,9.0413e-06,5153.8,2.664e+05,-9.6858e-08,-3.0092,-1.7323e-07,0.95789,207.66,-2.917,-8.005e-09,-3.2287e-10,1,1721,0,2,0,-2.0489e-08,82,2.6187e+05,1721,2.664e+05,1.0411e+09
25,13,1,2,1,59,44,6.0135e-05,2.3874e-12,0,15,1.9063,4.6473e-09,0.92991,1.2852e-07,0.0019515,3.0138e-06,5153.6,2.6638e+05,2.794e-08,-0.93523,1.3039e-08,0.9712,324.53,0.59967,-8.41e-09,4.0359e-11,1,1721,0,2,0,5.1223e-09,15,2.6187e+05,1721,2.6638e+05,1.0411e+09
31,13,1,2,1,59,28,0.00029546,2.0464e-12,0,87,68.313,4.0098e-09,2.1291,3.7886e-06,0.0081286,8.6855e-06,5153.8,2.6637e+05,1.4156e-07,-1.9529,9.3132e-09,0.98072,218.44,-0.823,-7.7618e-09,5.7145e-11,1,1721,0,2,0,-1.3504e-08,87,2.6187e+05,1721,2.6637e+05,1.0411e+09
32,13,1,2,2,0,0,-0.00052236,-3.5243e-12,0,53,21.469,5.027e-09,2.761,1.1101e-06,0.011684,5.0068e-06,5153.8,2.664e+05,-1.0803e-07,2.3011,2.4959e-07,0.94989,273.91,-0.42204,-8.2511e-09,2.3215e-11,1,1721,0,2,0,-3.2596e-09,53,2.6187e+05,1721,2.664e+05,1.0411e+09
22,13,1,2,2,0,0,0.00015477,9.0949e-13,0,40,24.531,5.757e-09,-0.50091,1.3541e-06,0.0061463,5.1521e-06,5153.7,2.664e+05,-7.8231e-08,2.2207,7.4506e-08,0.92563,262.63,-2.0239,-8.8114e-09,1.0822e-10,1,1721,0,2,0,-1.7229e-08,40,2.6262e+05,1721,2.664e+05,1.0411e+09
24,13,1,2,2,0,0,1.3527e-06,-6.8212e-13,0,12,82.375,4.4666e-09,-2.8948,4.3064e-06,0.00043764,9.5554e-06,5153.7,2.664e+05,-1.8626e-08,-1.9829,3.7253e-09,0.95931,193.44,-0.14131,-8.0403e-09,1.9322e-10,1,1721,0,2,0,4.191e-09,12,2.6001e+05,1721,2.664e+05,1.0411e+09
4,13,1,2,2,0,0,9.2741e-05,1.1141e-11,0,81,19.625,4.8948e-09,0.56345,1.1921e-06,0.010413,1.0476e-05,5153.7,2.664e+05,-2.3283e-07,1.1639,9.6858e-08,0.93746,167.59,0.94963,-8.2521e-09,2.8965e-10,1,1721,0,2,0,-6.5193e-09,81,2.6487e+05,1721,2.664e+05,1.0411e+09
30,13,1,2,1,59,44,-0.00026516,1.2733e-11,0,12,15.031,4.7773e-09,-1.3937,9.3877e-07,0.010856,3.4589e-06,5153.6,2.6638e+05,-1.5274e-07,-1.0282,2.645e-07,0.96226,312.81,1.6124,-8.4561e-09,4.6073e-11,1,1721,0,2.8,0,-4.6566e-09,12,2.6514e+05,1721,2.6638e+05,1.0411e+09
13,13,1,2,2,0,0,0.00015567,-2.8422e-12,0,26,-1.1563,4.0187e-09,-1.6732,2.2352e-08,0.0048696,9.4436e-06,5153.6,2.664e+05,-1.2666e-07,-2.925,8.0094e-08,0.98362,214.41,2.0682,-7.7535e-09,-3.3537e-10,1,1721,0,2,0,-1.1176e-08,26,2.6538e+05,1721,2.664e+05,1.0411e+09
1,13,1,2,4,0,0,0.00029091,2.2737e-12,0,104,4.9375,4.3609e-09,-2.6511,3.4273e-07,0.0015305,1.0498e-05,5153.7,2.736e+05,3.7253e-09,1.1658,4.0978e-08,0.9599,177.72,0.50034,-7.8485e-09,3.3966e-10,1,1721,0,2,0,8.3819e-09,104,2.6802e+05,1721,2.736e+05,1.0411e+09
2,13,1,2,4,0,0,0.00041341,1.3642e-12,0,41,17.844,4.8288e-09,-1.6599,8.4937e-07,0.011817,1.0144e-05,5153.6,2.736e+05,1.3039e-08,1.1473,-2.5332e-07,0.93843,173.75,-2.6982,-7.9557e-09,4.1823e-10,1,1721,0,2,0,-1.7695e-08,41,2.6907e+05,1721,2.736e+05,1.0411e+09
4,13,1,2,4,0,0,9.2821e-05,1.1141e-11,0,84,12.219,4.9345e-09,1.6135,5.6252e-07,0.010413,1.0559e-05,5153.7,2.736e+05,-1.8999e-07,1.1639,-9.3132e-08,0.93746,169.16,0.94971,-8.2307e-09,2.2894e-10,1,1721,0,2,0,-6.5193e-09,84,2.6907e+05,1721,2.736e+05,1.0411e+09
10,13,1,2,4,0,0,-6.457e-05,-1.4779e-12,0,54,28.938,5.2402e-09,0.73336,1.5702e-06,0.012218,5.1074e-06,5153.7,2.736e+05,-1.1921e-07,2.2324,1.3039e-07,0.94411,272.84,0.78683,-8.6218e-09,-5.5002e-11,1,1721,0,2,0,-2.794e-09,54,2.6907e+05,1721,2.736e+05,1.0411e+09
13,13,1,2,4,0,0,0.00015565,-2.8422e-12,0,43,-8.7188,4.0116e-09,-0.6232,-6.7987e-07,0.0048691,9.1754e-06,5153.6,2.736e+05,-7.4506e-08,-2.9251,-3.1665e-08,0.98361,217.59,2.0684,-7.8278e-09,-2.8608e-10,1,1721,0,2,0,-1.1176e-08,43,2.6907e+05,1721,2.736e+05,1.0411e+09
16,13,1,2,4,0,0,-0.00025143,-3.4106e-13,0,58,-4.7188,4.3727e-09,0.70241,-1.9185e-07,0.0067722,3.1609e-06,5153.6,2.736e+05,4.4703e-08,-0.88037,3.3528e-08,0.98313,325.41,0.027232,-8.2618e-09,-2.6073e-11,1,1721,0,2,0,-9.7789e-09,58,2.6907e+05,1721,2.736e+05,1.0411e+09
20,13,1,2,3,59,44,7.8528e-05,1.3642e-12,0,1,31.094,5.5099e-09,1.7887,1.5646e-06,0.0054416,5.2433e-06,5153.6,2.7358e+05,-5.2154e-08,2.1642,-1.2666e-07,0.9285,259.91,1.281,-8.6082e-09,1.5786e-10,1,1721,0,2,0,-7.9162e-09,1,2.6907e+05,1721,2.7358e+05,1.0411e+09
23,13,1,2,4,0,0,0.00012805,-3.7517e-12,0,83,-15.094,4.5959e-09,-1.4057,-1.004e-06,0.008137,8.205e-06,5153.8,2.736e+05,5.0291e-08,-3.0093,-1.4342e-07,0.95789,217.66,-2.9169,-8.0518e-09,-2.5144e-10,1,1721,0,2,0,-2.0489e-08,83,2.6907e+05,1721,2.736e+05,1.0411e+09
25,13,1,2,4,0,0,6.0153e-05,2.3874e-12,0,22,6.125,4.6573e-09,1.9829,3.0547e-07,0.0019514,2.8592e-06,5153.6,2.736e+05,-7.6368e-08,-0.93529,0,0.9712,328.53,0.59926,-8.3578e-09,1.1e-10,1,1721,0,2,0,5.1223e-09,22,2.6907e+05,1721,2.736e+05,1.0411e+09
29,13,1,2,4,0,0,0.00039366,3.979e-12,0,48,-95.781,4.3166e-09,2.61,-5.0366e-06,0.0018187,8.896e-06,5153.7,2.736e+05,2.4214e-08,0.16646,4.8429e-08,0.96535,208.75,-1.1105,-7.9518e-09,-3.1537e-10,1,1721,0,2,0,-9.3132e-09,48,2.6907e+05,1721,2.736e+05,1.0411e+09
30,13,1,2,3,59,44,-0.00026507,1.2733e-11,0,31,15.906,4.9056e-09,-0.34352,1.0002e-06,0.010857,3.5707e-06,5153.6,2.7358e+05,-1.0803e-07,-1.0282,-1.6764e-08,0.96226,310.75,1.6124,-8.6782e-09,1.7179e-10,1,1721,0,4,0,-4.6566e-09,31,2.6907e+05,1721,2.7358e+05,1.0411e+09
31,13,1,2,4,0,0,0.00029547,2.0464e-12,0,129,69.906,3.9773e-09,-3.0995,3.757e-06,0.0081273,9.6597e-06,5153.8,2.736e+05,-1.6764e-08,-1.953,1.546e-07,0.98072,202.69,-0.82283,-7.7057e-09,2.243e-10,1,1721,0,2,0,-1.3504e-08,129,2.6907e+05,1721,2.736e+05,1.0411e+09
32,13,1,2,4,0,0,-0.00052239,-3.5243e-12,0,57,24.469,4.9766e-09,-2.4721,1.4044e-06,0.011684,5.4706e-06,5153.8,2.736e+05,-2.3097e-07,2.301,1.248e-07,0.94989,269.75,-0.42203,-8.2507e-09,6.536e-11,1,1721,0,2,0,-3.2596e-09,57,2.6907e+05,1721,2.736e+05,1.0411e+09
12,13,1,2,4,0,0,0.00011012,2.0464e-12,0,87,-1.3125,4.3313e-09,2.9571,-1.2666e-07,0.0041322,3.0454e-06,5153.6,2.736e+05,-7.0781e-08,-0.89868,-4.4703e-08,0.98238,331.03,0.1381,-8.1293e-09,5.786e-11,1,1721,0,2,0,-1.2107e-08,87,2.6766e+05,1721,2.736e+05,1.0411e+09
14,13,1,2,4,0,0,0.00021906,4.5475e-13,0,46,-11.313,4.2552e-09,-0.46292,-5.4389e-07,0.0067369,9.5274e-06,5153.7,2.736e+05,-2.6077e-08,-2.9533,7.6368e-08,0.97635,207.5,-2.0171,-7.9832e-09,-3.9002e-10,1,1721,0,2,0,-8.8476e-09,46,2.676e+05,1721,2.736e+05,1.0411e+09
7,13,1,2,4,0,0,0.0001641,4.4338e-12,0,70,65.469,4.0945e-09,-3.0519,3.4347e-06,0.0060509,8.8867e-06,5153.7,2.736e+05,-7.4506e-08,-1.9569,-4.8429e-08,0.9757,219.16,-2.9217,-7.7753e-09,2.0251e-10,1,1721,0,2,0,-1.1176e-08,70,2.7153e+05,1721,2.736e+05,1.0411e+09
2,13,1,2,6,0,0,0.00041342,1.3642e-12,0,61,10.781,4.9938e-09,-0.60957,5.5321e-07,0.011818,9.8199e-06,5153.6,2.808e+05,2.5332e-07,1.1472,1.3597e-07,0.93843,181.13,-2.6983,-8.3196e-09,1.7144e-10,1,1721,0,2,0,-1.7695e-08,61,2.7717e+05,1721,2.808e+05,1.0411e+09
3,13,1,2,6,0,0,0.00014972,5.1159e-12,0,60,-91.406,5.4074e-09,-0.44722,-4.6436e-06,0.015928,6.726e-06,5153.7,2.808e+05,-1.2107e-07,-0.019882,1.8626e-07,0.93349,235.22,1.262,-8.8657e-09,-2.8858e-10,1,1721,0,2.8,0,-4.6566e-09,60,2.7627e+05,1721,2.808e+05,1.0411e+09
5,13,1,2,6,0,0,-0.00037629,-2.16e-12,0,104,29.781,5.0381e-09,1.4277,1.6727e-06,0.0031776,5.2899e-06,5153.8,2.808e+05,-2.4214e-08,2.212,3.3528e-08,0.94925,272.03,0.31056,-8.375e-09,3.0716e-11,1,1721,0,2.8,0,-1.0245e-08,104,2.7627e+05,1721,2.808e+05,1.0411e+09
6,13,1,2,5,59,28,0.00040319,-1.3529e-11,0,80,-100.81,5.1006e-09,1.4465,-5.0776e-06,0.0075606,6.9737e-06,5153.7,2.8077e+05,1.2107e-07,0.05843,1.1548e-07,0.94022,229.53,-0.39876,-8.3839e-09,-4.0966e-10,1,1721,0,2,0,-5.1223e-09,80,2.7645e+05,1721,2.8077e+05,1.0411e+09
7,13,1,2,6,0,0,0.00016413,4.4338e-12,0,71,60.563,4.1041e-09,-2.0017,2.9895e-06,0.0060517,9.14e-06,5153.7,2.808e+05,4.2841e-08,-1.9569,-9.872e-08,0.9757,213.03,-2.9217,-7.8493e-09,2.8073e-10,1,1721,0,2,0,-1.1176e-08,71,2.7627e+05,1721,2.808e+05,1.0411e+09
8,13,1,2,6,0,0,3.7616e-06,2.2737e-13,0,89,60.188,3.6359e-09,-2.5929,3.0268e-06,0.012713,9.0096e-06,5153.6,2.808e+05,-1.3225e-07,-1.8688,-2.1048e-07,0.99815,229.69,-2.8869,-7.5221e-09,2.9644e-10,1,1721,0,2.8,0,-4.191e-09,89,2.7651e+05,1721,2.808e+05,1.0411e+09
10,13,1,2,5,59,44,-6.4578e-05,-1.4779e-12,0,0,28.438,5.2038e-09,1.7811,1.3802e-06,0.012218,5.4352e-06,5153.7,2.8078e+05,-2.9057e-07,2.2323,-1.4901e-08,0.94411,268,0.78686,-8.5057e-09,4.3573e-11,1,1721,0,2,0,-2.794e-09,0,2.7627e+05,1721,2.8078e+05,1.0411e+09
13,13,1,2,6,0,0,0.00015563,-2.8422e-12,0,44,-13.75,3.9502e-09,0.42701,-7.6368e-07,0.0048696,9.0022e-06,5153.6,2.808e+05,2.2352e-08,-2.9251,-7.4506e-08,0.98361,217.06,2.0685,-7.8653e-09,-3.6323e-10,1,1721,0,2,0,-1.1176e-08,44,2.7627e+05,1721,2.808e+05,1.0411e+09
16,13,1,2,6,0,0,-0.00025143,-3.4106e-13,0,59,-3.0625,4.4563e-09,1.7527,7.4506e-08,0.0067723,3.3174e-06,5153.6,2.808e+05,4.4703e-08,-0.88043,1.099e-07,0.98313,327.63,0.027207,-8.2614e-09,1.8572e-11,1,1721,0,2,0,-9.7789e-09,59,2.7627e+05,1721,2.808e+05,1.0411e+09
23,13,1,2,6,0,0,0.00012802,-3.7517e-12,0,87,-16.375,4.6173e-09,-0.35553,-7.7859e-07,0.0081371,8.2478e-06,5153.8,2.808e+05,1.6391e-07,-3.0094,5.2154e-08,0.95789,217.88,-2.9169,-8.2243e-09,-3.6823e-10,1,1721,0,2,0,-2.0489e-08,87,2.7627e+05,1721,2.808e+05,1.0411e+09
29,13,1,2,6,0,0,0.00039369,3.979e-12,0,49,-86.375,4.3502e-09,-2.6231,-4.5747e-06,0.0018202,8.6036e-06,5153.7,2.808e+05,-2.4214e-08,0.16641,5.0291e-08,0.96535,214.25,-1.1105,-7.9303e-09,-2.8323e-10,1,1721,0,2,0,-9.3132e-09,49,2.7627e+05,1721,2.808e+05,1.0411e+09
30,13,1,2,6,0,0,-0.00026498,1.2733e-11,0,32,19.344,4.9916e-09,0.70907,1.0077e-06,0.010856,3.5651e-06,5153.6,2.808e+05,-1.3225e-07,-1.0283,-6.333e-08,0.96226,315.31,1.6124,-8.6661e-09,1.6251e-10,1,1721,0,5.7,0,-4.6566e-09,32,2.7627e+05,1721,2.808e+05,1.0411e+09
4,13,1,2,6,0,0,9.2901e-05,1.1141e-11,0,98,6.8125,4.8763e-09,2.6637,2.5705e-07,0.010413,1.0327e-05,5153.7,2.808e+05,5.7742e-08,1.1638,-1.397e-07,0.93746,167.56,0.94971,-7.9932e-09,2.418e-10,1,1721,0,2,0,-6.5193e-09,98,2.7597e+05,1721,2.808e+05,1.0411e+09
20,13,1,2,6,0,0,7.8538e-05,1.3642e-12,0,44,32.094,5.4684e-09,2.8413,1.6857e-06,0.0054415,5.2731e-06,5153.6,2.808e+05,2.6077e-08,2.1641,-4.6566e-08,0.9285,258.84,1.281,-8.5111e-09,1.3608e-10,1,1721,0,2,0,-7.9162e-09,44,2.7588e+05,1721,2.808e+05,1.0411e+09
31,13,1,2,6,0,0,0.00029549,2.0464e-12,0,130,77.625,3.9952e-09,-2.0494,4.1388e-06,0.008128,9.8497e-06,5153.8,2.808e+05,-1.5646e-07,-1.9531,1.2666e-07,0.98072,203.03,-0.82284,-7.7864e-09,2.3537e-10,1,1721,0,2,0,-1.3504e-08,130,2.7642e+05,1721,2.808e+05,1.0411e+09
32,13,1,2,6,0,0,-0.00052241,-3.5243e-12,0,58,17.469,5.0841e-09,-1.422,8.7172e-07,0.011685,5.478e-06,5153.8,2.808e+05,-1.3039e-07,2.3009,-1.3784e-07,0.94989,270.41,-0.42195,-8.4589e-09,1.9787e-10,1,1721,0,2,0,-3.2596e-09,58,2.7375e+05,1721,2.808e+05,1.0411e+09
5,13,1,2,5,59,44,-0.00037629,-2.16e-12,0,8,29.781,5.0384e-09,1.4254,1.6727e-06,0.0031776,5.2899e-06,5153.8,2.8078e+05,-2.4214e-08,2.212,3.3528e-08,0.94925,272.03,0.31056,-8.375e-09,3.0716e-11,1,1721,0,2,0,-1.0245e-08,8,2.787e+05,1721,2.8078e+05,1.0411e+09
19,13,1,2,5,59,44,-0.00033625,-3.2969e-12,0,10,-94.344,4.5527e-09,0.057005,-4.9677e-06,0.0087823,8.5067e-06,5153.7,2.8078e+05,1.3597e-07,0.21006,6.5193e-08,0.96203,213.41,0.27509,-8.2243e-09,-3.3001e-10,1,1721,0,2,0,-1.4435e-08,10,2.7873e+05,1721,2.8078e+05,1.0411e+09
3,13,1,2,8,0,0,0.00014976,5.1159e-12,0,61,-91.031,5.447e-09,0.60297,-4.5858e-06,0.015928,6.9756e-06,5153.7,2.88e+05,-1.8999e-07,-0.019945,7.0781e-08,0.93349,234.72,1.262,-8.845e-09,-3.7966e-10,1,1721,0,2.8,0,-4.6566e-09,61,2.8257e+05,1721,2.88e+05,1.0411e+09
5,13,1,2,7,59,44,-0.00037631,-2.16e-12,0,9,32.156,5.0706e-09,2.4755,1.6484e-06,0.0031779,5.4557e-06,5153.8,2.8798e+05,-4.2841e-08,2.212,1.8626e-09,0.94925,269.97,0.3105,-8.3518e-09,4.7145e-11,1,1721,0,2,0,-1.0245e-08,9,2.8257e+05,1721,2.8798e+05,1.0411e+09
6,13,1,2,8,0,0,0.00040309,-1.3529e-11,0,145,-97.094,5.0966e-09,2.5012,-4.8727e-06,0.0075606,7.3835e-06,5153.7,2.88e+05,-1.8626e-08,0.058368,2.5705e-07,0.94022,224.59,-0.39866,-8.3439e-09,-2.8823e-10,1,1721,0,2,0,-5.1223e-09,145,2.8257e+05,1721,2.88e+05,1.0411e+09
7,13,1,2,7,59,44,0.00016416,4.4338e-12,0,3,60.688,4.0195e-09,-0.9537,3.1255e-06,0.0060514,9.4231e-06,5153.7,2.8798e+05,1.1176e-07,-1.957,-5.2154e-08,0.9757,202.88,-2.9219,-7.8775e-09,2.6787e-10,1,1721,0,2,0,-1.1176e-08,3,2.8344e+05,1721,2.8798e+05,1.0411e+09
8,13,1,2,7,59,44,3.7653e-06,2.2737e-13,0,4,61.438,3.5598e-09,-1.5449,2.9318e-06,0.012713,9.0674e-06,5153.6,2.8798e+05,8.5682e-08,-1.8689,-1.546e-07,0.99816,222.09,-2.8869,-7.5992e-09,4.4145e-10,1,1721,0,2,0,-4.191e-09,4,2.8323e+05,1721,2.8798e+05,1.0411e+09
10,13,1,2,7,59,44,-6.4589e-05,-1.4779e-12,0,96,30.031,5.0859e-09,2.8313,1.4454e-06,0.012218,5.4985e-06,5153.7,2.8798e+05,-2.6077e-08,2.2322,-1.4715e-07,0.94411,264.5,0.78682,-8.2332e-09,7.6789e-11,1,1721,0,2,0,-2.794e-09,96,2.8257e+05,1721,2.8798e+05,1.0411e+09
13,13,1,2,8,0,0,0.00015561,-2.8422e-12,0,59,-14.656,3.9112e-09,1.4774,-7.6741e-07,0.0048694,9.2555e-06,5153.6,2.88e+05,1.5087e-07,-2.9252,-5.0291e-08,0.98361,211.63,2.0683,-7.7518e-09,-3.6752e-10,1,1721,0,2,0,-1.1176e-08,59,2.8257e+05,1721,2.88e+05,1.0411e+09
16,13,1,2,8,0,0,-0.00025143,-3.4106e-13,0,82,-2.1563,4.4213e-09,2.803,-3.3528e-08,0.0067723,3.3081e-06,5153.6,2.88e+05,-1.3225e-07,-0.88049,-2.0489e-08,0.98313,329.13,0.027182,-8.1186e-09,1.5072e-10,1,1721,0,2,0,-9.7789e-09,82,2.8257e+05,1721,2.88e+05,1.0411e+09
19,13,1,2,8,0,0,-0.00033627,-3.2969e-12,0,71,-90.813,4.5727e-09,1.1095,-4.4666e-06,0.0087827,8.7004e-06,5153.7,2.88e+05,3.7253e-08,0.21,1.3411e-07,0.96202,210.38,0.27514,-8.1478e-09,-4.0002e-10,1,1721,0,2,0,-1.4435e-08,71,2.8257e+05,1721,2.88e+05,1.0411e+09
21,13,1,2,8,0,0,-0.00027207,-2.3874e-12,0,84,26.094,4.9641e-09,-1.8531,1.1381e-06,0.019598,9.7826e-06,5153.8,2.88e+05,2.9802e-07,1.1683,-1.9372e-07,0.93122,170.84,-2.1912,-7.8971e-09,3.2001e-10,1,1721,0,2,0,-1.1176e-08,84,2.8257e+05,1721,2.88e+05,1.0411e+09
26,13,1,2,8,0,0,-0.00015324,1.3529e-11,0,90,-8.625,4.0991e-09,0.57361,-4.6566e-07,0.020993,8.8774e-06,5153.7,2.88e+05,-2.9802e-07,-2.932,-4.0978e-08,0.98109,224.44,1.2133,-8.1575e-09,-4.9788e-10,1,1721,0,2,0,-6.0536e-09,90,2.8257e+05,1721,2.88e+05,1.0411e+09
28,13,1,2,8,0,0,0.00021966,3.5243e-12,0,46,-2.7813,4.298e-09,2.5759,-2.9989e-07,0.018595,3.2801e-06,5153.6,2.88e+05,1.1362e-07,-0.87406,-2.2352e-07,0.98155,323.91,-1.7984,-7.876e-09,6.0717e-11,1,1721,0,2,0,-1.071e-08,46,2.8329e+05,1721,2.88e+05,1.0411e+09
23,13,1,2,8,0,0,0.00012799,-3.7517e-12,0,93,-17.656,4.577e-09,0.69459,-8.3447e-07,0.0081366,8.4899e-06,5153.8,2.88e+05,8.5682e-08,-3.0094,2.0117e-07,0.95789,214.06,-2.9169,-8.1382e-09,-4.3073e-10,1,1721,0,2,0,-2.0489e-08,93,2.8323e+05,1721,2.88e+05,1.0411e+09
30,13,1,2,8,0,0,-0.00026489,1.2733e-11,0,33,18.688,4.8509e-09,1.7592,7.9907e-07,0.010856,3.1814e-06,5153.6,2.88e+05,1.6019e-07,-1.0283,-2.4959e-07,0.96226,319.03,1.6124,-8.3328e-09,2.2037e-10,1,1721,0,8,0,-4.6566e-09,33,2.8215e+05,1721,2.88e+05,1.0411e+09
15,13,1,2,8,0,0,-0.00010394,-1.1369e-12,0,33,-16.625,4.8952e-09,1.1961,-7.8976e-07,0.0051811,7.7151e-06,5153.7,2.88e+05,-1.3039e-08,-3.0484,5.4017e-08,0.94301,220.38,0.097905,-8.2768e-09,-4.0752e-10,1,1721,0,2,0,-1.0245e-08,33,2.865e+05,1721,2.88e+05,1.0411e+09
11,13,1,2,8,0,0,-0.0003394,-3.7517e-12,0,58,-17.938,6.1524e-09,-0.75058,-8.6054e-07,0.013807,1.1221e-05,5153.7,2.88e+05,-8.0094e-08,0.87941,2.4028e-07,0.88851,123.41,1.1356,-8.9611e-09,5.2502e-11,1,1721,0,2,0,-1.1642e-08,58,2.8689e+05,1721,2.88e+05,1.0411e+09
18,13,1,2,8,0,0,0.00023237,1.819e-12,0,75,30.438,5.4027e-09,-2.9596,1.5441e-06,0.013633,4.7125e-06,5153.7,2.88e+05,1.0617e-07,2.2176,-1.3039e-07,0.92789,269.84,-2.1317,-8.34e-09,9.5718e-11,1,1721,0,2,0,-1.071e-08,75,2.8767e+05,1721,2.88e+05,1.0411e+09
1,13,1,2,9,59,44,0.00029096,2.2737e-12,0,1,18.031,4.4602e-09,0.49787,9.6671e-07,0.0015303,1.1059e-05,5153.7,2.9518e+05,9.3132e-09,1.1656,3.3528e-08,0.9599,161.88,0.49947,-7.9546e-09,1.9787e-10,1,1721,0,2,0,8.3819e-09,1,2.9157e+05,1721,2.9518e+05,1.0412e+09
7,13,1,2,9,59,44,0.00016419,4.4338e-12,0,23,66.25,4.0334e-09,0.096378,3.4794e-06,0.0060512,9.5852e-06,5153.7,2.9518e+05,9.127e-08,-1.9571,5.2154e-08,0.9757,202.38,-2.9218,-7.95e-09,2.3787e-10,1,1721,0,2,0,-1.1176e-08,23,2.9067e+05,1721,2.9518e+05,1.0412e+09
8,13,1,2,9,59,44,3.7667e-06,2.2737e-13,0,35,66.875,3.5962e-09,-0.49478,3.5781e-06,0.012713,9.1512e-06,5153.6,2.9518e+05,2.3469e-07,-1.869,7.6368e-08,0.99816,220.25,-2.8869,-7.7957e-09,2.9858e-10,1,1721,0,2,0,-4.191e-09,35,2.9067e+05,1721,2.9518e+05,1.0412e+09
9,13,1,2,10,0,0,0.00021084,2.6148e-12,0,11,52.188,3.9202e-09,-0.127,2.5686e-06,0.017048,9.4362e-06,5152.8,2.952e+05,-2.5332e-07,-1.9813,7.4506e-09,0.98438,215.19,1.6354,-8.0789e-09,2.268e-10,1,1721,0,2,0,-5.5879e-09,11,2.9067e+05,1721,2.952e+05,1.0412e+09
11,13,1,2,10,0,0,-0.00033943,-3.7517e-12,0,59,-17.813,6.1949e-09,0.29963,-7.5437e-07,0.013807,1.1001e-05,5153.7,2.952e+05,-1.7695e-07,0.87935,1.248e-07,0.88851,129.38,1.1356,-8.9725e-09,8.5718e-12,1,1721,0,2,0,-1.1642e-08,59,2.9067e+05,1721,2.952e+05,1.0412e+09
15,13,1,2,10,0,0,-0.00010395,-1.1369e-12,0,49,-17.813,4.9238e-09,2.2463,-8.9779e-07,0.005181,7.7654e-06,5153.7,2.952e+05,-1.6764e-08,-3.0484,2.0489e-08,0.94301,221.47,0.097894,-8.2746e-09,-4.2645e-10,1,1721,0,2,0,-1.0245e-08,49,2.9067e+05,1721,2.952e+05,1.0412e+09
17,13,1,2,10,0,0,6.3621e-05,-3.5243e-12,0,65,-101.94,4.462e-09,2.8819,-5.2657e-06,0.0079562,8.3447e-06,5153.8,2.952e+05,2.0489e-08,0.1576,-1.0803e-07,0.96475,218.06,-2.2659,-7.9285e-09,-2.793e-10,1,1721,0,2,0,-1.071e-08,65,2.9067e+05,1721,2.952e+05,1.0412e+09
18,13,1,2,10,0,0,0.00023238,1.819e-12,0,76,30.344,5.4209e-09,-1.9094,1.5665e-06,0.013633,4.9248e-06,5153.8,2.952e+05,2.2352e-07,2.2176,-1.0617e-07,0.92789,266.53,-2.1317,-8.3775e-09,7.4646e-11,1,1721,0,2,0,-1.071e-08,76,2.9067e+05,1721,2.952e+05,1.0412e+09
19,13,1,2,10,0,0,-0.0003363,-3.2969e-12,0,72,-86.813,4.5802e-09,2.1597,-4.4126e-06,0.0087829,8.8383e-06,5153.7,2.952e+05,-2.2724e-07,0.20995,1.5274e-07,0.96202,211.22,0.27509,-8.0364e-09,-2.2358e-10,1,1721,0,2,0,-1.4435e-08,72,2.9067e+05,1721,2.952e+05,1.0412e+09
26,13,1,2,10,0,0,-0.00015314,1.3529e-11,0,91,-19.844,3.9848e-09,1.6237,-1.2647e-06,0.020993,8.9873e-06,5153.7,2.952e+05,-2.9057e-07,-2.9321,-4.0606e-07,0.98109,221.16,1.2134,-7.9357e-09,-3.9609e-10,1,1721,0,2,0,-6.0536e-09,91,2.9067e+05,1721,2.952e+05,1.0412e+09
28,13,1,2,10,0,0,0.00021968,3.5243e-12,0,49,-3.6563,4.347e-09,-2.6571,-2.5705e-07,0.018596,3.0398e-06,5153.6,2.952e+05,2.8871e-07,-0.87412,2.6077e-08,0.98155,327.72,-1.7984,-7.9343e-09,2.868e-10,1,1721,0,2,0,-1.071e-08,49,2.9067e+05,1721,2.952e+05,1.0412e+09
3,13,1,2,10,0,0,0.0001498,5.1159e-12,0,62,-96.063,5.3109e-09,1.6531,-5.2191e-06,0.015928,6.8117e-06,5153.7,2.952e+05,-2.3842e-07,-0.020009,-3.6508e-07,0.93349,237,1.2621,-8.4939e-09,-1.8965e-10,1,1721,0,2.8,0,-4.6566e-09,62,2.9154e+05,1721,2.952e+05,1.0412e+09
5,13,1,2,10,0,0,-0.00037632,-2.16e-12,0,10,31.844,5.0995e-09,-2.7552,1.6373e-06,0.0031785,5.6773e-06,5153.8,2.952e+05,-3.9116e-08,2.2119,-3.9116e-08,0.94925,265.47,0.31045,-8.3661e-09,5.786e-11,1,1721,0,2,0,-1.0245e-08,10,2.8926e+05,1721,2.952e+05,1.0412e+09
6,13,1,2,10,0,0,0.000403,-1.3529e-11,0,146,-88.188,5.0538e-09,-2.7317,-4.4461e-06,0.0075618,7.5363e-06,5153.7,2.952e+05,-1.1735e-07,0.058308,8.3819e-08,0.94022,222.16,-0.3987,-8.2075e-09,-1.9858e-10,1,1721,0,2,0,-5.1223e-09,146,2.8965e+05,1721,2.952e+05,1.0412e+09
21,13,1,2,10,0,0,-0.00027209,-2.3874e-12,0,85,16.969,5.1845e-09,-0.80291,1.0021e-06,0.019599,9.656e-06,5153.8,2.952e+05,6.333e-08,1.1683,4.2282e-07,0.93122,178.59,-2.1913,-8.5264e-09,1.1393e-10,1,1721,0,2,0,-1.1176e-08,85,2.8806e+05,1721,2.952e+05,1.0412e+09
22,13,1,2,10,0,0,0.00015479,9.0949e-13,0,77,33.344,5.5113e-09,-2.5833,1.6894e-06,0.0061446,5.0273e-06,5153.7,2.952e+05,3.1665e-08,2.2205,-2.6077e-08,0.92563,264.25,-2.0239,-8.4807e-09,3.5716e-11,1,1721,0,2.8,0,-1.7229e-08,77,2.916e+05,1721,2.952e+05,1.0412e+09
1,13,1,2,12,0,0,0.00029097,2.2737e-12,0,2,16.625,4.5552e-09,1.5514,9.1642e-07,0.0015292,1.0515e-05,5153.7,3.024e+05,-1.6764e-08,1.1655,5.0291e-08,0.9599,175.81,0.49839,-7.9471e-09,2.0894e-10,1,1721,0,2,0,8.3819e-09,2,2.9877e+05,1721,3.024e+05,1.0412e+09
4,13,1,2,12,0,0,9.3135e-05,1.1141e-11,0,6,17.219,5.0434e-09,-0.46906,9.7789e-07,0.010412,1.1003e-05,5153.7,3.024e+05,-2.4214e-08,1.1636,1.4715e-07,0.93747,154.44,0.94971,-8.3868e-09,2.1394e-10,1,1721,0,2,0,-6.5193e-09,6,2.9844e+05,1721,3.024e+05,1.0412e+09
9,13,1,2,12,0,0,0.00021086,2.6148e-12,0,12,48.688,3.8309e-09,0.92368,2.4233e-06,0.017049,9.9726e-06,5152.8,3.024e+05,-2.1979e-07,-1.9813,-1.7695e-07,0.98439,201.22,1.6354,-8.0621e-09,1.6179e-10,1,1721,0,2,0,-5.5879e-09,12,2.9787e+05,1721,3.024e+05,1.0412e+09
11,13,1,2,12,0,0,-0.00033945,-3.7517e-12,0,64,-22.188,6.1981e-09,1.3498,-1.1865e-06,0.013807,1.0932e-05,5153.7,3.024e+05,-3.2969e-07,0.87928,-5.2154e-08,0.88851,134.28,1.1356,-8.8679e-09,6.7503e-11,1,1721,0,2,0,-1.1642e-08,64,2.9787e+05,1721,3.024e+05,1.0412e+09
15,13,1,2,12,0,0,-0.00010396,-1.1369e-12,0,50,-18.938,4.9206e-09,-2.9867,-9.3691e-07,0.0051815,8.0466e-06,5153.7,3.024e+05,-1.3039e-08,-3.0485,0,0.94301,216.66,0.0979,-8.2611e-09,-4.2109e-10,1,1721,0,2,0,-1.0245e-08,50,2.9787e+05,1721,3.024e+05,1.0412e+09
17,13,1,2,12,0,0,6.3596e-05,-3.5243e-12,0,68,-97.469,4.4788e-09,-2.3512,-4.9975e-06,0.0079555,8.4508e-06,5153.8,3.024e+05,1.6019e-07,0.15754,-1.8626e-08,0.96474,215.72,-2.2659,-7.9807e-09,-1.5929e-10,1,1721,0,2,0,-1.071e-08,68,2.9787e+05,1721,3.024e+05,1.0412e+09
24,13,1,2,12,0,0,1.3299e-06,-6.8212e-13,0,94,51.813,4.2905e-09,2.3472,2.6636e-06,0.00043915,9.533e-06,5153.7,3.024e+05,9.3132e-09,-1.9832,5.5879e-09,0.95931,191.5,-0.1325,-8.0435e-09,1.9537e-10,1,1721,0,2.8,0,4.191e-09,94,2.9787e+05,1721,3.024e+05,1.0412e+09
28,13,1,2,12,0,0,0.00021971,3.5243e-12,0,50,1.8438,4.3305e-09,-1.6069,5.383e-07,0.018596,3.0771e-06,5153.6,3.024e+05,3.0175e-07,-0.87417,3.0361e-07,0.98155,327.09,-1.7984,-8.0889e-09,2.2072e-10,1,1721,0,2,0,-1.071e-08,50,2.9787e+05,1721,3.024e+05,1.0412e+09
32,13,1,2,12,0,0,-0.00052249,-3.5243e-12,0,79,33.594,5.0452e-09,1.7281,1.7732e-06,0.011685,4.8317e-06,5153.8,3.024e+05,8.1956e-08,2.3008,1.7136e-07,0.94989,277.72,-0.4217,-8.2939e-09,-2.1715e-10,1,1721,0,2,0,-3.2596e-09,79,2.9787e+05,1721,3.024e+05,1.0412e+09
8,13,1,2,12,0,0,3.7681e-06,2.2737e-13,0,36,67.813,3.5269e-09,0.55776,3.6191e-06,0.012713,9.1586e-06,5153.6,3.024e+05,1.397e-07,-1.869,2.6636e-07,0.99816,222.59,-2.8869,-7.7346e-09,2.3537e-10,1,1721,0,2,0,-4.191e-09,36,2.9823e+05,1721,3.024e+05,1.0412e+09
18,13,1,2,12,0,0,0.0002324,1.819e-12,0,111,34.031,5.6849e-09,-0.85934,1.8664e-06,0.013632,5.275e-06,5153.7,3.024e+05,1.6764e-08,2.2175,3.1851e-07,0.92789,261.28,-2.1316,-8.8304e-09,-6.3931e-11,1,1721,0,2,0,-1.071e-08,111,2.967e+05,1721,3.024e+05,1.0412e+09
22,13,1,2,12,0,0,0.0001548,9.0949e-13,0,78,32,5.5677e-09,-1.533,1.6037e-06,0.0061443,5.1837e-06,5153.7,3.024e+05,1.4901e-07,2.2204,7.6368e-08,0.92563,261.28,-2.024,-8.5821e-09,-5.0359e-11,1,1721,0,2.8,0,-1.7229e-08,78,2.9877e+05,1721,3.024e+05,1.0412e+09
26,13,1,2,12,0,0,-0.00015305,1.3529e-11,0,100,-20.688,3.8566e-09,2.674,-1.125e-06,0.020994,9.0469e-06,5153.7,3.024e+05,2.1048e-07,-2.9321,-1.6019e-07,0.98109,211.19,1.2134,-7.435e-09,-4.5716e-10,1,1721,0,2.8,0,-6.0536e-09,100,2.9832e+05,1721,3.024e+05,1.0412e+09
20,13,1,2,12,0,0,7.8567e-05,1.3642e-12,0,76,36.781,5.6606e-09,-0.29109,1.9185e-06,0.0054425,4.9509e-06,5153.6,3.024e+05,-1.8626e-08,2.1639,9.3132e-08,0.9285,266.41,1.281,-8.7532e-09,3.7502e-11,1,1721,0,2,0,-7.9162e-09,76,2.9946e+05,1721,3.024e+05,1.0412e+09
14,13,1,2,12,0,0,0.00021908,4.5475e-13,0,83,-15.156,4.0162e-09,-2.5456,-6.9104e-07,0.0067373,8.3931e-06,5153.7,3.024e+05,1.4901e-08,-2.9535,-9.6858e-08,0.97634,226.66,-2.017,-7.6925e-09,-3.3966e-10,1,1721,0,2,0,-8.8476e-09,83,2.9949e+05,1721,3.024e+05,1.0412e+09
12,13,1,2,12,0,0,0.00011018,2.0464e-12,0,27,4.5625,4.3945e-09,0.87475,1.3784e-07,0.0041321,3.9581e-06,5153.6,3.024e+05,2.794e-08,-0.89892,2.9802e-08,0.98238,317.69,0.13805,-8.2125e-09,1.7465e-10,1,1721,0,2,0,-1.2107e-08,27,3.0084e+05,1721,3.024e+05,1.0412e+09
2,13,1,2,12,0,0,0.00041345,1.3642e-12,0,64,7.2813,4.8773e-09,2.5409,2.8871e-07,0.01182,1.196e-05,5153.6,3.024e+05,-2.0862e-07,1.147,-1.2852e-07,0.93844,136.19,-2.698,-8.0125e-09,2.343e-10,1,1721,0,2,0,-1.7695e-08,64,3.0183e+05,1721,3.024e+05,1.0412e+09
1,13,1,2,14,0,0,0.00029099,2.2737e-12,0,25,10.875,4.5005e-09,2.6011,5.9418e-07,0.0015288,1.0395e-05,5153.7,3.096e+05,-3.539e-08,1.1655,-2.0489e-08,0.95991,178.56,0.49888,-7.8885e-09,2.4251e-10,1,1721,0,2,0,8.3819e-09,25,3.0438e+05,1721,3.096e+05,1.0412e+09
2,13,1,2,14,0,0,0.00041346,1.3642e-12,0,91,17.344,4.8577e-09,-2.692,7.9721e-07,0.011818,1.163e-05,5153.6,3.096e+05,-7.2643e-08,1.147,-2.1793e-07,0.93844,140.56,-2.6981,-8.0107e-09,2.7358e-10,1,1721,0,2,0,-1.7695e-08,91,3.0507e+05,1721,3.096e+05,1.0412e+09
4,13,1,2,14,0,0,9.3215e-05,1.1141e-11,0,8,14.188,5.0949e-09,0.58113,9.872e-07,0.010412,1.077e-05,5153.7,3.096e+05,-1.3225e-07,1.1636,9.3132e-08,0.93747,161.31,0.94968,-8.3489e-09,1.3643e-10,1,1721,0,2,0,-6.5193e-09,8,3.0507e+05,1721,3.096e+05,1.0412e+09
9,13,1,2,14,0,0,0.00021088,2.6148e-12,0,13,56.969,3.6394e-09,1.9744,2.8238e-06,0.017049,9.9577e-06,5152.8,3.096e+05,3.241e-07,-1.9814,-1.5087e-07,0.98439,194.78,1.6354,-7.511e-09,1.6465e-10,1,1721,0,2,0,-5.5879e-09,13,3.0507e+05,1721,3.096e+05,1.0412e+09
12,13,1,2,14,0,0,0.00011019,2.0464e-12,0,28,6.9063,4.3241e-09,1.925,2.1979e-07,0.0041322,3.5483e-06,5153.6,3.096e+05,-5.5879e-09,-0.89897,7.0781e-08,0.98238,319.88,0.13798,-8.2032e-09,2.0679e-10,1,1721,0,2,0,-1.2107e-08,28,3.0507e+05,1721,3.096e+05,1.0412e+09
14,13,1,2,14,0,0,0.00021908,4.5475e-13,0,90,-16.469,4.143e-09,-1.4954,-8.3633e-07,0.0067375,8.3353e-06,5153.7,3.096e+05,2.3842e-07,-2.9535,8.1956e-08,0.97633,229.38,-2.017,-7.8768e-09,-5.0609e-10,1,1721,0,2.8,0,-8.8476e-09,90,3.0507e+05,1721,3.096e+05,1.0412e+09
17,13,1,2,14,0,0,6.357e-05,-3.5243e-12,0,75,-81.813,4.5598e-09,-1.3013,-4.1649e-06,0.0079562,8.1044e-06,5153.8,3.096e+05,1.397e-07,0.15748,9.4995e-08,0.96474,222.78,-2.2656,-8.011e-09,-1.4858e-10,1,1721,0,2,0,-1.071e-08,75,3.0507e+05,1721,3.096e+05,1.0412e+09
20,13,1,2,14,0,0,7.8577e-05,1.3642e-12,0,81,37.875,5.6031e-09,0.7591,1.9539e-06,0.0054441,5.5376e-06,5153.6,3.096e+05,-8.1956e-08,2.1639,5.7742e-08,0.9285,255.13,1.2811,-8.7346e-09,5.0002e-12,1,1721,0,2,0,-7.9162e-09,81,3.0507e+05,1721,3.096e+05,1.0412e+09
24,13,1,2,14,0,0,1.3253e-06,-6.8212e-13,0,95,62.375,4.283e-09,-2.8845,3.3285e-06,0.00044074,1.003e-05,5153.7,3.096e+05,2.4214e-08,-1.9833,1.8626e-09,0.95932,184.84,-0.1339,-8.0296e-09,1.9715e-10,1,1721,0,2.8,0,4.191e-09,95,3.0507e+05,1721,3.096e+05,1.0412e+09
25,13,1,2,14,0,0,6.024e-05,2.3874e-12,0,86,10.469,4.5655e-09,0.95125,3.4645e-07,0.0019519,3.8035e-06,5153.6,3.096e+05,3.1665e-08,-0.93559,0,0.97121,311.28,0.59882,-8.3489e-09,2.3322e-10,1,1721,0,2,0,5.1223e-09,86,3.0507e+05,1721,3.096e+05,1.0412e+09
32,13,1,2,13,59,44,-0.00052251,-3.5243e-12,0,3,32.094,4.9881e-09,2.7758,1.6484e-06,0.011684,5.411e-06,5153.8,3.0958e+05,-1.3597e-07,2.3007,2.2724e-07,0.94989,268.25,-0.4216,-8.2139e-09,-7.1789e-11,1,1721,0,2,0,-3.2596e-09,3,3.0507e+05,1721,3.0958e+05,1.0412e+09
28,13,1,2,14,0,0,0.00021973,3.5243e-12,0,79,-0.03125,4.4548e-09,-0.5568,1.993e-07,0.018596,4.027e-06,5153.6,3.096e+05,-1.4342e-07,-0.87423,2.0862e-07,0.98155,318.69,-1.7983,-8.5079e-09,2.5644e-10,1,1721,0,2.8,0,-1.071e-08,79,3.0432e+05,1721,3.096e+05,1.0412e+09
9,13,1,2,13,59,44,0.00021088,2.6148e-12,0,18,56.969,3.6394e-09,1.9721,2.8238e-06,0.017049,9.9577e-06,5152.8,3.0958e+05,3.241e-07,-1.9814,-1.5087e-07,0.98439,194.75,1.6354,-7.511e-09,1.6465e-10,1,1721,0,2,0,-5.5879e-09,18,3.069e+05,1721,3.0958e+05,1.0412e+09
29,13,1,2,14,0,0,0.00039381,3.979e-12,0,99,-93.281,4.5716e-09,1.578,-4.8075e-06,0.0018191,8.2869e-06,5153.7,3.096e+05,9.3132e-08,0.16617,-1.1176e-08,0.96534,225.5,-1.111,-8.0736e-09,-1.8072e-10,1,1721,0,2.8,0,-9.3132e-09,99,3.0804e+05,1721,3.096e+05,1.0412e+09
10,13,1,2,14,0,0,-6.4622e-05,-1.4779e-12,0,101,30.375,5.3934e-09,-0.29919,1.7025e-06,0.012219,4.8727e-06,5153.7,3.096e+05,4.8429e-08,2.2321,1.546e-07,0.94411,274.47,0.7869,-8.7318e-09,-2.4287e-11,1,1721,0,2,0,-2.794e-09,101,3.0852e+05,1721,3.096e+05,1.0412e+09
2,13,1,2,15,59,44,0.00041347,1.3642e-12,0,0,12.281,5.0199e-09,-1.6444,5.6438e-07,0.01182,1.033e-05,5153.6,3.1678e+05,8.3819e-08,1.1469,-1.5087e-07,0.93844,167.69,-2.6978,-8.0618e-09,3.7716e-10,1,1721,0,2,0,-1.7695e-08,0,3.1317e+05,1721,3.1678e+05,1.0412e+09
4,13,1,2,16,0,0,9.3295e-05,1.1141e-11,0,9,5.375,5.0774e-09,1.6312,2.7195e-07,0.010412,1.0872e-05,5153.7,3.168e+05,-2.645e-07,1.1635,-6.7055e-08,0.93747,162.28,0.94978,-8.2407e-09,2.1465e-10,1,1721,0,2,0,-6.5193e-09,9,3.1227e+05,1721,3.168e+05,1.0412e+09
5,13,1,2,16,0,0,-0.00037637,-2.16e-12,0,25,34.438,5.2002e-09,0.39492,1.8664e-06,0.0031792,4.9528e-06,5153.8,3.168e+05,5.5879e-08,2.2117,3.3528e-08,0.94925,274.44,0.31068,-8.46e-09,5.0002e-12,1,1721,0,2,0,-1.0245e-08,25,3.1227e+05,1721,3.168e+05,1.0412e+09
10,13,1,2,16,0,0,-6.4632e-05,-1.4779e-12,0,102,38.969,5.357e-09,0.7509,2.306e-06,0.012221,5.3681e-06,5153.7,3.168e+05,-7.8231e-08,2.232,1.4342e-07,0.94411,266.69,0.78695,-8.6725e-09,-1.1072e-10,1,1721,0,2,0,-2.794e-09,102,3.1227e+05,1721,3.168e+05,1.0412e+09
12,13,1,2,16,0,0,0.0001102,2.0464e-12,0,29,8.1563,4.2162e-09,2.9752,5.0291e-07,0.0041323,3.6303e-06,5153.6,3.168e+05,-2.6077e-08,-0.89903,-3.7253e-08,0.98238,320.53,0.13794,-8.1121e-09,2.568e-10,1,1721,0,2,0,-1.2107e-08,29,3.1227e+05,1721,3.168e+05,1.0412e+09
13,13,1,2,16,0,0,0.00015553,-2.8422e-12,0,84,-12.625,3.9762e-09,-0.60478,-7.5065e-07,0.0048689,8.3949e-06,5153.6,3.168e+05,-1.1362e-07,-2.9254,-2.6077e-08,0.9836,230.5,2.0683,-7.8478e-09,-4.0252e-10,1,1721,0,2,0,-1.1176e-08,84,3.1227e+05,1721,3.168e+05,1.0412e+09
23,13,1,2,16,0,0,0.00012788,-3.7517e-12,0,23,-16.594,4.5673e-09,-1.3883,-1.0114e-06,0.008136,7.5456e-06,5153.8,3.168e+05,2.4214e-08,-3.0096,-1.8999e-07,0.95788,232.13,-2.9167,-8.0557e-09,-3.8252e-10,1,1721,0,2,0,-2.0489e-08,23,3.1227e+05,1721,3.168e+05,1.0412e+09
25,13,1,2,16,0,0,6.0258e-05,2.3874e-12,0,87,15.5,4.517e-09,2.0019,8.1025e-07,0.0019518,3.4738e-06,5153.6,3.168e+05,-2.0489e-08,-0.93565,-1.1176e-08,0.97121,315.25,0.59837,-8.3221e-09,2.668e-10,1,1721,0,2,0,5.1223e-09,87,3.1227e+05,1721,3.168e+05,1.0412e+09
29,13,1,2,16,0,0,0.00039383,3.979e-12,0,102,-90.625,4.4666e-09,2.6279,-4.9155e-06,0.0018187,8.2962e-06,5153.7,3.168e+05,7.0781e-08,0.16611,4.4703e-08,0.96534,221.84,-1.1108,-8.0439e-09,-1.9537e-10,1,1721,0,2.8,0,-9.3132e-09,102,3.1227e+05,1721,3.168e+05,1.0412e+09
31,13,1,2,16,0,0,0.00029556,2.0464e-12,0,140,50.813,3.7787e-09,-3.0826,2.6934e-06,0.0081264,1.0043e-05,5153.8,3.168e+05,4.2841e-08,-1.9533,6.8918e-08,0.98073,196.88,-0.82234,-7.641e-09,1.1072e-10,1,1721,0,2,0,-1.3504e-08,140,3.1227e+05,1721,3.168e+05,1.0412e+09
17,13,1,2,16,0,0,6.3545e-05,-3.5243e-12,0,76,-78.188,4.5591e-09,-0.2511,-4.0364e-06,0.0079574,7.8343e-06,5153.8,3.168e+05,-5.5879e-08,0.15742,9.127e-08,0.96474,233.16,-2.2658,-8.2046e-09,-1.4501e-10,1,1721,0,2,0,-1.071e-08,76,3.1134e+05,1721,3.168e+05,1.0412e+09
20,13,1,2,16,0,0,7.8586e-05,1.3642e-12,0,82,41.156,5.5695e-09,1.8095,1.9781e-06,0.0054441,5.696e-06,5153.6,3.168e+05,-8.1956e-08,2.1638,-1.2666e-07,0.9285,250.38,1.2809,-8.5746e-09,8.1075e-11,1,1721,0,2,0,-7.9162e-09,82,3.1065e+05,1721,3.168e+05,1.0412e+09
24,13,1,2,16,0,0,1.3206e-06,-6.8212e-13,0,96,57.156,4.2295e-09,-1.8358,2.984e-06,0.00044086,9.8739e-06,5153.7,3.168e+05,-5.4017e-08,-1.9833,8.7544e-08,0.95932,189.53,-0.13237,-7.9478e-09,1.3429e-10,1,1721,0,2.8,0,4.191e-09,96,3.1023e+05,1721,3.168e+05,1.0412e+09
30,13,1,2,16,0,0,-0.00026453,1.2392e-11,0,100,21.313,4.6909e-09,-0.32314,1.1455e-06,0.010854,4.4424e-06,5153.6,3.168e+05,-1.4529e-07,-1.0286,9.3132e-09,0.96227,295.78,1.6125,-8.5554e-09,3.3894e-10,1,1721,0,8,0,-4.6566e-09,100,3.1578e+05,1721,3.168e+05,1.0412e+09
29,13,1,2,15,59,44,0.00039383,3.979e-12,0,10,-90.625,4.4666e-09,2.6256,-4.9137e-06,0.0018187,8.2962e-06,5153.7,3.1678e+05,7.0781e-08,0.16611,4.4703e-08,0.96534,221.84,-1.1108,-8.0439e-09,-1.9572e-10,1,1721,0,2,0,-9.3132e-09,10,3.162e+05,1721,3.1678e+05,1.0412e+09
2,13,1,2,17,59,44,0.00041348,1.3642e-12,0,1,5.4688,5.0877e-09,-0.59411,4.0047e-07,0.011821,1.0027e-05,5153.6,3.2398e+05,1.9185e-07,1.1469,1.3411e-07,0.93844,175.13,-2.6979,-8.3128e-09,2.2572e-10,1,1721,0,2,0,-1.7695e-08,1,3.2037e+05,1721,3.2398e+05,1.0412e+09
5,13,1,2,18,0,0,-0.00037638,-2.16e-12,0,73,40.25,5.2095e-09,1.4446,2.3227e-06,0.00318,5.6401e-06,5153.8,3.24e+05,3.7253e-08,2.2117,9.127e-08,0.94925,264.75,0.31109,-8.4511e-09,2.5001e-11,1,1721,0,2,0,-1.0245e-08,73,3.1947e+05,1721,3.24e+05,1.0412e+09
10,13,1,2,18,0,0,-6.4643e-05,-1.4779e-12,0,109,37.063,5.3292e-09,1.801,1.8608e-06,0.012221,5.886e-06,5153.7,3.24e+05,-3.5577e-07,2.2319,-1.1176e-08,0.94411,260.16,0.787,-8.4957e-09,7.0003e-11,1,1721,0,2,0,-2.794e-09,109,3.1947e+05,1721,3.24e+05,1.0412e+09
13,13,1,2,18,0,0,0.00015551,-2.8422e-12,0,93,-17.406,4.0045e-09,0.44541,-1.0375e-06,0.0048693,8.3633e-06,5153.6,3.24e+05,1.6764e-08,-2.9254,-8.9407e-08,0.98359,231.63,2.0683,-7.8993e-09,-5.1002e-10,1,1721,0,2,0,-1.1176e-08,93,3.1947e+05,1721,3.24e+05,1.0412e+09
16,13,1,2,18,0,0,-0.00025144,-3.4106e-13,0,19,5.5,4.2237e-09,1.7712,3.8929e-07,0.0067727,4.001e-06,5153.6,3.24e+05,-7.4506e-09,-0.88079,4.6566e-08,0.98314,314.81,0.027,-8.1414e-09,1.4072e-10,1,1721,0,2,0,-9.7789e-09,19,3.1947e+05,1721,3.24e+05,1.0412e+09
21,13,1,2,18,0,0,-0.00027215,-2.2737e-12,0,11,15.563,4.9609e-09,-2.8857,4.7311e-07,0.019599,1.1647e-05,5153.8,3.24e+05,1.7323e-07,1.168,-2.7567e-07,0.93123,136.34,-2.1912,-7.9139e-09,3.3966e-10,1,1721,0,2,0,-1.1176e-08,11,3.1947e+05,1721,3.24e+05,1.0412e+09
25,13,1,2,18,0,0,6.0276e-05,2.3874e-12,0,89,14.094,4.4266e-09,3.0522,7.9162e-07,0.0019522,3.811e-06,5153.6,3.24e+05,7.6368e-08,-0.93571,-5.5879e-09,0.97121,312.47,0.59829,-8.2271e-09,2.6573e-10,1,1721,0,2,0,5.1223e-09,89,3.1947e+05,1721,3.24e+05,1.0412e+09
29,13,1,2,17,59,44,0.00039386,3.979e-12,0,11,-81.844,4.4105e-09,-2.6075,-4.2487e-06,0.00182,7.8883e-06,5153.7,3.2398e+05,-1.8626e-08,0.16606,6.5193e-08,0.96534,225.91,-1.1107,-8.0046e-09,-1.2965e-10,1,1721,0,2,0,-9.3132e-09,11,3.1947e+05,1721,3.2398e+05,1.0412e+09
30,13,1,2,18,0,0,-0.00026444,1.2392e-11,0,101,26.531,4.7706e-09,0.72712,1.2908e-06,0.010853,4.2766e-06,5153.6,3.24e+05,-7.4506e-08,-1.0286,-1.2293e-07,0.96227,301.03,1.6125,-8.5786e-09,2.2572e-10,1,1721,0,11.3,0,-4.6566e-09,101,3.1947e+05,1721,3.24e+05,1.0412e+09
4,13,1,2,18,0,0,9.3374e-05,1.1141e-11,0,41,0.15625,4.9856e-09,2.6813,-5.5879e-08,0.010412,1.0641e-05,5153.7,3.24e+05,1.8626e-09,1.1635,-1.5646e-07,0.93747,161.94,0.9498,-7.9832e-09,2.3715e-10,1,1721,0,2,0,-6.5193e-09,41,3.1752e+05,1721,3.24e+05,1.0412e+09
12,13,1,2,18,0,0,0.00011022,2.0464e-12,0,67,5.25,4.1959e-09,-2.2578,3.4459e-07,0.0041328,3.8128e-06,5153.6,3.24e+05,-1.3039e-08,-0.89909,9.3132e-09,0.98239,318.06,0.13798,-8.0675e-09,2.393e-10,1,1721,0,2,0,-1.2107e-08,67,3.1878e+05,1721,3.24e+05,1.0412e+09
23,13,1,2,18,0,0,0.00012786,-3.7517e-12,0,26,-19,4.687e-09,-0.33819,-1.1213e-06,0.0081362,7.4748e-06,5153.8,3.24e+05,1.5274e-07,-3.0097,6.5193e-08,0.95787,233,-2.9167,-8.2836e-09,-5.3002e-10,1,1721,0,2,0,-2.0489e-08,26,3.1854e+05,1721,3.24e+05,1.0412e+09
31,13,1,2,18,0,0,0.00029557,2.0464e-12,0,141,59.094,3.8619e-09,-2.0325,3.0939e-06,0.0081273,1.0278e-05,5153.8,3.24e+05,-1.1362e-07,-1.9534,1.2666e-07,0.98073,194.78,-0.82233,-7.7939e-09,9.429e-11,1,1721,0,2.8,0,-1.3504e-08,141,3.2034e+05,1721,3.24e+05,1.0412e+09
26,13,1,2,18,0,0,-0.00015275,1.3642e-11,0,18,-7.125,4.2252e-09,-0.45865,-2.3283e-07,0.020996,8.1994e-06,5153.7,3.24e+05,-1.9744e-07,-2.9323,2.0489e-07,0.98108,233.88,1.2134,-8.2821e-09,-4.3216e-10,1,1721,0,2,0,-6.0536e-09,18,3.204e+05,1721,3.24e+05,1.0412e+09
7,13,1,2,18,0,0,0.00016432,4.4338e-12,0,50,43.406,3.9284e-09,-1.9839,2.1774e-06,0.0060511,9.3896e-06,5153.7,3.24e+05,-4.4703e-08,-1.9573,-5.4017e-08,0.97571,207.41,-2.9218,-7.7464e-09,1.5465e-10,1,1721,0,2,0,-1.1176e-08,50,3.2175e+05,1721,3.24e+05,1.0412e+09
15,13,1,2,18,0,0,-0.00010398,-1.1369e-12,0,81,-21.594,5.032e-09,0.16361,-1.2331e-06,0.0051832,7.0706e-06,5153.7,3.24e+05,2.9802e-08,-3.0487,3.1665e-08,0.943,230.75,0.098121,-8.3964e-09,-5.1109e-10,1,1721,0,2,0,-1.0245e-08,81,3.2208e+05,1721,3.24e+05,1.0412e+09
6,13,1,2,18,0,0,0.00040261,-1.3529e-11,0,150,-91.344,5.1027e-09,1.4688,-4.7386e-06,0.0075616,6.5584e-06,5153.7,3.24e+05,1.1362e-07,0.058065,1.397e-07,0.94022,242.16,-0.39855,-8.3925e-09,-2.5787e-10,1,1721,0,2,0,-5.1223e-09,150,3.2223e+05,1721,3.24e+05,1.0412e+09
18,13,1,2,18,0,0,0.00023244,1.819e-12,0,6,36.656,5.6009e-09,2.2911,1.6801e-06,0.013632,5.1055e-06,5153.8,3.24e+05,2.794e-08,2.2173,-2.9802e-07,0.92789,263.34,-2.1316,-8.4879e-09,1.0929e-10,1,1721,0,2,0,-1.071e-08,6,3.2226e+05,1721,3.24e+05,1.0412e+09
27,13,1,2,18,0,0,-0.00019897,3.638e-12,0,27,14.531,5.7024e-09,1.6717,7.1339e-07,0.0056758,3.8072e-06,5153.6,3.24e+05,-8.3819e-08,-0.91976,-2.794e-08,0.97608,314.28,0.85159,-8.2946e-09,2.1679e-10,1,1721,0,2,63,-1.9092e-08,27,3.2268e+05,1721,3.24e+05,1.0412e+09
8,13,1,2,17,59,44,3.7826e-06,2.2737e-13,0,6,45.469,3.4641e-09,-2.5772,2.2408e-06,0.012713,9.2965e-06,5153.6,3.2398e+05,-1.1362e-07,-1.8692,-1.6391e-07,0.99816,220.72,-2.8868,-7.4678e-09,1.9501e-10,1,1721,0,2,0,-4.191e-09,6,3.2358e+05,1721,3.2398e+05,1.0412e+09
5,13,1,2,20,0,0,-0.0003764,-2.16e-12,0,80,39.906,5.1863e-09,2.4946,2.1122e-06,0.0031802,5.8915e-06,5153.8,3.312e+05,-1.1362e-07,2.2116,-5.5879e-09,0.94925,260.81,0.31116,-8.3339e-09,1.3608e-10,1,1721,0,2,0,-1.0245e-08,80,3.2667e+05,1721,3.312e+05,1.0412e+09
6,13,1,2,20,0,0,0.00040251,-1.3529e-11,0,151,-88.469,5.0202e-09,2.5189,-4.5747e-06,0.0075614,6.7353e-06,5153.7,3.312e+05,-1.6764e-08,0.058005,1.9558e-07,0.94021,235.88,-0.39844,-8.355e-09,-2.0358e-10,1,1721,0,2,0,-5.1223e-09,151,3.2667e+05,1721,3.312e+05,1.0412e+09
7,13,1,2,20,0,0,0.00016435,4.4338e-12,0,59,39.813,3.9223e-09,-0.93347,1.9744e-06,0.006051,9.9801e-06,5153.7,3.312e+05,1.3784e-07,-1.9573,-1.1176e-07,0.97571,195.66,-2.9221,-7.8196e-09,1.7144e-11,1,1721,0,2,0,-1.1176e-08,59,3.2667e+05,1721,3.312e+05,1.0412e+09
8,13,1,2,20,0,0,3.784e-06,2.2737e-13,0,42,44.906,3.4437e-09,-1.5246,2.1756e-06,0.012713,9.6001e-06,5153.6,3.312e+05,2.4214e-08,-1.8692,-2.0675e-07,0.99816,213.25,-2.8869,-7.5157e-09,2.3215e-10,1,1721,0,2,0,-4.191e-09,42,3.2667e+05,1721,3.312e+05,1.0412e+09
15,13,1,2,20,0,0,-0.00010399,-1.1369e-12,0,82,-16.813,5.1081e-09,1.2137,-6.3889e-07,0.0051838,6.9141e-06,5153.7,3.312e+05,4.6566e-08,-3.0487,2.0489e-08,0.94299,233.75,0.098174,-8.4132e-09,-4.9645e-10,1,1721,0,2,0,-1.0245e-08,82,3.2667e+05,1721,3.312e+05,1.0412e+09
16,13,1,2,20,0,0,-0.00025145,-3.4106e-13,0,20,9.375,4.232e-09,2.8216,5.085e-07,0.0067729,3.9283e-06,5153.6,3.312e+05,-5.5879e-08,-0.88085,-1.1176e-08,0.98314,317.56,0.026921,-8.0893e-09,1.8251e-10,1,1721,0,2,0,-9.7789e-09,20,3.2667e+05,1721,3.312e+05,1.0412e+09
18,13,1,2,20,0,0,0.00023245,1.819e-12,0,7,41.563,5.5892e-09,-2.942,2.0862e-06,0.013632,4.9677e-06,5153.8,3.312e+05,1.6391e-07,2.2173,-1.8999e-07,0.92789,264.75,-2.1316,-8.4361e-09,1.2608e-10,1,1721,0,2,0,-1.071e-08,7,3.2667e+05,1721,3.312e+05,1.0412e+09
21,13,1,2,20,0,0,-0.00027217,-2.2737e-12,0,12,21.219,5.0381e-09,-1.8357,8.9221e-07,0.019603,9.7752e-06,5153.8,3.312e+05,3.0734e-07,1.168,-1.2107e-07,0.93123,167.78,-2.191,-7.9521e-09,4.1823e-10,1,1721,0,2,0,-1.1176e-08,12,3.2667e+05,1721,3.312e+05,1.0412e+09
22,13,1,2,20,0,0,0.00015483,9.0949e-13,0,186,40.281,5.701e-09,2.6677,2.0508e-06,0.0061438,5.0794e-06,5153.7,3.312e+05,8.0094e-08,2.2202,-6.8918e-08,0.92563,264.03,-2.0239,-8.5654e-09,1.2036e-10,1,1721,0,4,0,-1.7229e-08,186,3.2667e+05,1721,3.312e+05,1.0412e+09
26,13,1,2,20,0,0,-0.00015265,1.3642e-11,0,20,-12.281,4.2855e-09,0.59153,-4.6007e-07,0.020995,8.1863e-06,5153.7,3.312e+05,-2.6077e-07,-2.9323,1.8626e-09,0.98107,237.75,1.2134,-8.265e-09,-5.7395e-10,1,1721,0,2,0,-6.0536e-09,20,3.2667e+05,1721,3.312e+05,1.0412e+09
27,13,1,2,20,0,0,-0.00019894,3.638e-12,0,28,13.406,5.5888e-09,2.722,6.9104e-07,0.0056759,3.9171e-06,5153.6,3.312e+05,8.7544e-08,-0.91982,-6.1467e-08,0.97608,313.56,0.85158,-8.1218e-09,2.2715e-10,1,1721,0,2,63,-1.9092e-08,28,3.2667e+05,1721,3.312e+05,1.0412e+09
29,13,1,2,20,0,0,0.00039389,3.979e-12,0,12,-79.719,4.3602e-09,-1.5545,-4.0978e-06,0.0018198,7.73e-06,5153.7,3.312e+05,-6.7055e-08,0.166,3.1665e-08,0.96534,232.72,-1.1112,-8.046e-09,-1.2215e-10,1,1721,0,2,0,-9.3132e-09,12,3.2667e+05,1721,3.312e+05,1.0412e+09
30,13,1,2,20,0,0,-0.00026435,1.2392e-11,0,107,26.813,4.6427e-09,1.7773,1.207e-06,0.010853,3.9414e-06,5153.6,3.312e+05,2.2165e-07,-1.0287,-2.1607e-07,0.96228,304.56,1.6125,-8.2946e-09,2.5537e-10,1,1721,0,16,0,-4.6566e-09,107,3.2667e+05,1721,3.312e+05,1.0412e+09
22,13,1,2,19,59,44,0.00015482,7.9581e-13,0,2,40.281,5.701e-09,2.6654,2.0508e-06,0.0061438,5.0794e-06,5153.7,3.3118e+05,8.0094e-08,2.2202,-6.8918e-08,0.92563,264.03,-2.0239,-8.5654e-09,1.2e-10,1,1721,0,2,0,-1.7229e-08,2,3.2829e+05,1721,3.3118e+05,1.0412e+09
3,13,1,2,20,0,0,0.00014997,5.1159e-12,0,65,-80.844,5.3481e-09,0.62073,-4.2394e-06,0.015929,6.4243e-06,5153.7,3.312e+05,-2.1979e-07,-0.020314,9.3132e-09,0.93348,244.94,1.2622,-8.8286e-09,-2.8608e-10,1,1721,0,2,0,-4.6566e-09,65,3.2883e+05,1721,3.312e+05,1.0412e+09
19,13,1,2,20,0,0,-0.00033642,-3.2969e-12,0,90,-84.656,4.5023e-09,1.1273,-4.353e-06,0.0087836,8.1416e-06,5153.7,3.312e+05,-1.1176e-08,0.20965,1.4342e-07,0.96202,223.22,0.27526,-8.1346e-09,-2.9608e-10,1,1721,0,2,0,-1.4435e-08,90,3.2976e+05,1721,3.312e+05,1.0412e+09
9,13,1,2,20,0,0,0.00021094,2.6148e-12,0,28,44.313,3.8973e-09,-1.1567,2.427e-06,0.017049,9.2704e-06,5152.8,3.312e+05,-2.6636e-07,-1.9815,2.6636e-07,0.98439,216.59,1.6353,-7.9878e-09,1.6429e-11,1,1721,0,2,0,-5.5879e-09,28,3.3006e+05,1721,3.312e+05,1.0412e+09
3,13,1,2,22,0,0,0.00015001,5.1159e-12,0,66,-86.563,5.1966e-09,1.6709,-4.7162e-06,0.015929,6.2604e-06,5153.7,3.384e+05,-1.844e-07,-0.020378,-3.6694e-07,0.93348,247.31,1.2623,-8.5371e-09,-1.5215e-10,1,1721,0,2,0,-4.6566e-09,66,3.3477e+05,1721,3.384e+05,1.0412e+09
6,13,1,2,22,0,0,0.00040241,-1.3529e-11,0,152,-81.375,4.9448e-09,-2.7141,-4.0494e-06,0.0075624,6.97e-06,5153.7,3.384e+05,-7.8231e-08,0.057945,8.1956e-08,0.94021,233.63,-0.39847,-8.2628e-09,-1.4465e-10,1,1721,0,2,0,-5.1223e-09,152,3.3387e+05,1721,3.384e+05,1.0412e+09
9,13,1,2,22,0,0,0.00021096,2.6148e-12,0,29,34.688,3.9662e-09,-0.10603,1.8738e-06,0.017049,9.5312e-06,5152.8,3.384e+05,-2.5518e-07,-1.9816,9.3132e-09,0.98439,211.09,1.6354,-8.0911e-09,3.8573e-11,1,1721,0,2,0,-5.5879e-09,29,3.3387e+05,1721,3.384e+05,1.0412e+09
14,13,1,2,22,0,0,0.0002191,4.5475e-13,0,14,-14.438,4.1877e-09,2.705,-7.8045e-07,0.0067365,7.7188e-06,5153.7,3.384e+05,-2.4214e-08,-2.9538,-1.2666e-07,0.97632,235.63,-2.0168,-7.81e-09,-4.3788e-10,1,1721,0,2,0,-8.8476e-09,14,3.3414e+05,1721,3.384e+05,1.0412e+09
15,13,1,2,22,0,0,-0.000104,-1.1369e-12,0,83,-17.094,5.1595e-09,2.2639,-7.8417e-07,0.0051838,7.0576e-06,5153.7,3.384e+05,-6.5193e-08,-3.0488,8.5682e-08,0.94299,235.88,0.098129,-8.3707e-09,-3.968e-10,1,1721,0,2,0,-1.0245e-08,83,3.3387e+05,1721,3.384e+05,1.0412e+09
18,13,1,2,22,0,0,0.00023247,1.819e-12,0,26,40.469,5.527e-09,-1.8918,2.1327e-06,0.013631,5.1279e-06,5153.8,3.384e+05,1.9372e-07,2.2172,-1.8626e-09,0.92789,258.78,-2.1316,-8.4432e-09,2.5072e-10,1,1721,0,2,0,-1.071e-08,26,3.3387e+05,1721,3.384e+05,1.0412e+09
19,13,1,2,22,0,0,-0.00033644,-3.2969e-12,0,91,-81.5,4.4709e-09,2.1775,-4.204e-06,0.0087838,8.1602e-06,5153.7,3.384e+05,-1.7881e-07,0.2096,1.0803e-07,0.96201,223.03,0.27523,-8.0596e-09,-2.0394e-10,1,1721,0,2,0,-1.4435e-08,91,3.3387e+05,1721,3.384e+05,1.0412e+09
21,13,1,2,22,0,0,-0.00027219,-2.2737e-12,0,21,13.406,5.1477e-09,-0.78548,1.0133e-06,0.019603,9.8739e-06,5153.8,3.384e+05,8.3819e-08,1.1679,4.2468e-07,0.93123,175.75,-2.1911,-8.5136e-09,2.3858e-10,1,1721,0,2,0,-1.1176e-08,21,3.3387e+05,1721,3.384e+05,1.0412e+09
22,13,1,2,21,59,44,0.00015483,7.9581e-13,0,3,44,5.6445e-09,-2.5676,2.1718e-06,0.0061429,5.275e-06,5153.7,3.3838e+05,1.1735e-07,2.2201,1.4901e-08,0.92563,257.97,-2.024,-8.5729e-09,1.7286e-10,1,1721,0,2,0,-1.7229e-08,3,3.3387e+05,1721,3.3838e+05,1.0412e+09
24,13,1,2,21,59,44,1.3039e-06,-6.8212e-13,0,15,33.25,4.477e-09,1.3116,1.8403e-06,0.00044215,8.8438e-06,5153.7,3.3838e+05,3.539e-08,-1.9835,-1.8626e-08,0.95932,205.19,-0.13169,-8.0768e-09,-1e-11,1,1721,0,2,0,4.191e-09,15,3.3411e+05,1721,3.3838e+05,1.0412e+09
28,13,1,2,21,59,44,0.00021983,3.5243e-12,0,17,5.0313,4.1441e-09,-2.6415,2.4028e-07,0.018598,3.9451e-06,5153.6,3.3838e+05,2.1048e-07,-0.87447,-5.4017e-08,0.98156,312.75,-1.7983,-7.7882e-09,2.4965e-10,1,1721,0,2,0,-1.071e-08,17,3.3387e+05,1721,3.3838e+05,1.0412e+09
8,13,1,2,22,0,0,3.7858e-06,2.2737e-13,0,47,47.719,3.5701e-09,-0.47442,2.3898e-06,0.012712,9.7528e-06,5153.6,3.384e+05,2.2165e-07,-1.8693,6.8918e-08,0.99816,209.81,-2.8869,-7.7621e-09,4.8216e-11,1,1721,0,2,0,-4.191e-09,47,3.3405e+05,1721,3.384e+05,1.0412e+09
16,13,1,2,22,0,0,-0.00025145,-3.4106e-13,0,21,5.75,4.2291e-09,-2.4114,3.2596e-07,0.0067735,4.1407e-06,5153.6,3.384e+05,-2.4214e-08,-0.8809,-2.6077e-08,0.98314,314.47,0.026958,-8.0718e-09,1.8679e-10,1,1721,0,2,0,-9.7789e-09,21,3.324e+05,1721,3.384e+05,1.0412e+09
26,13,1,2,22,0,0,-0.00015255,1.3642e-11,0,21,-21.906,4.2062e-09,1.6417,-1.4454e-06,0.020995,8.2124e-06,5153.7,3.384e+05,-3.1106e-07,-2.9324,-4.1723e-07,0.98107,236.34,1.2134,-7.9721e-09,-4.118e-10,1,1721,0,2,0,-6.0536e-09,21,3.3471e+05,1721,3.384e+05,1.0412e+09
32,13,1,2,22,0,0,-0.00052261,-3.5243e-12,0,16,32,5.2974e-09,0.6952,1.641e-06,0.011685,5.0496e-06,5153.8,3.384e+05,2.8685e-07,2.3004,-1.0431e-07,0.94989,277.69,-0.42139,-8.5489e-09,1.2286e-10,1,1721,0,2,0,-3.2596e-09,16,3.3837e+05,1721,3.384e+05,1.0412e+09
1,13,1,3,0,0,0,0.00029107,2.2737e-12,0,71,12.25,4.4077e-09,1.5708,5.2527e-07,0.0015298,1.0589e-05,5153.7,3.456e+05,-3.7253e-09,1.1652,0,0.95991,173.28,0.49679,-7.9085e-09,2.0894e-10,1,1721,0,2,0,8.3819e-09,71,3.4197e+05,1721,3.456e+05,1.0412e+09
9,13,1,3,0,0,0,0.00021098,2.6148e-12,0,120,28.438,3.9305e-09,0.94464,1.3467e-06,0.017051,1.0276e-05,5152.8,3.456e+05,-2.6822e-07,-1.9817,-1.8813e-07,0.98439,196.94,1.6354,-8.0418e-09,1.6429e-11,1,1721,0,2,0,-5.5879e-09,120,3.4107e+05,1721,3.456e+05,1.0412e+09
11,13,1,3,0,0,0,-0.00033962,-3.8654e-12,0,13,-27.906,6.0642e-09,1.3677,-1.5274e-06,0.013806,1.0649e-05,5153.7,3.456e+05,-2.8126e-07,0.87891,-7.4506e-08,0.88852,138.34,1.1357,-8.8668e-09,3.8216e-11,1,1721,0,2,0,-1.1642e-08,13,3.4107e+05,1721,3.456e+05,1.0412e+09
14,13,1,3,0,0,0,0.0002191,4.5475e-13,0,15,-16.75,4.2848e-09,-2.528,-7.7672e-07,0.0067373,7.5363e-06,5153.7,3.456e+05,1.3039e-07,-2.9538,-3.3528e-08,0.97632,241.31,-2.0167,-7.8689e-09,-3.0287e-10,1,1721,0,2,0,-8.8476e-09,15,3.4107e+05,1721,3.456e+05,1.0412e+09
18,13,1,3,0,0,0,0.00023248,1.819e-12,0,27,44.688,5.671e-09,-0.84177,2.6152e-06,0.013631,5.7705e-06,5153.8,3.456e+05,-1.8626e-09,2.2171,3.0547e-07,0.92789,251.69,-2.1315,-8.7875e-09,1.5679e-10,1,1721,0,2,0,-1.071e-08,27,3.4107e+05,1721,3.456e+05,1.0412e+09
19,13,1,3,0,0,0,-0.00033646,-3.2969e-12,0,92,-80.031,4.3877e-09,-3.0554,-4.1239e-06,0.0087835,8.0559e-06,5153.7,3.456e+05,-1.1176e-07,0.20954,-4.0978e-08,0.96201,225.59,0.27523,-7.9396e-09,-1.6394e-10,1,1721,0,2,0,-1.4435e-08,92,3.4107e+05,1721,3.456e+05,1.0412e+09
22,13,1,3,0,0,0,0.00015483,7.9581e-13,0,5,42.969,5.5892e-09,-1.515,2.3469e-06,0.0061425,5.4073e-06,5153.7,3.456e+05,9.4995e-08,2.2201,9.3132e-08,0.92563,254.03,-2.024,-8.5925e-09,1.8286e-10,1,1721,0,2,0,-1.7229e-08,5,3.4107e+05,1721,3.456e+05,1.0412e+09
24,13,1,3,0,0,0,1.2997e-06,-6.8212e-13,0,16,30.813,4.4127e-09,2.3585,1.695e-06,0.00044165,9.8385e-06,5153.7,3.456e+05,-2.0489e-08,-1.9836,4.4703e-08,0.95932,187.28,-0.12613,-8.0575e-09,5.7145e-11,1,1721,0,2,0,4.191e-09,16,3.4107e+05,1721,3.456e+05,1.0412e+09
32,13,1,3,0,0,0,-0.00052263,-3.5243e-12,0,25,44.719,5.0874e-09,1.7452,2.2221e-06,0.011685,5.1949e-06,5153.8,3.456e+05,1.099e-07,2.3004,1.6578e-07,0.94989,273.59,-0.42123,-8.3153e-09,-4.3216e-11,1,1721,0,2,0,-3.2596e-09,25,3.4107e+05,1721,3.456e+05,1.0412e+09
3,13,1,3,0,0,0,0.00015004,5.1159e-12,0,67,-84.063,5.0691e-09,2.721,-4.34e-06,0.015929,5.7407e-06,5153.7,3.456e+05,1.3597e-07,-0.020437,-1.6391e-07,0.93348,251.44,1.2623,-8.1953e-09,-2.0537e-10,1,1721,0,2,0,-4.6566e-09,67,3.405e+05,1721,3.456e+05,1.0412e+09
6,13,1,3,0,0,0,0.00040232,-1.3529e-11,0,153,-78.344,4.9631e-09,-1.6639,-4.0531e-06,0.007562,6.9179e-06,5153.7,3.456e+05,-1.1548e-07,0.057884,-8.5682e-08,0.94021,236.78,-0.39852,-8.4029e-09,-8.9289e-11,1,1721,0,2,0,-5.1223e-09,153,3.3957e+05,1721,3.456e+05,1.0412e+09
15,13,1,3,0,0,0,-0.000104,-1.1369e-12,0,107,-18.469,5.1499e-09,-2.9691,-9.0525e-07,0.0051842,7.2401e-06,5153.7,3.456e+05,-7.0781e-08,-3.0489,0,0.94299,232.19,0.098141,-8.3236e-09,-3.7109e-10,1,1721,0,2.8,0,-1.0245e-08,107,3.393e+05,1721,3.456e+05,1.0412e+09
21,13,1,3,0,0,0,-0.00027221,-2.2737e-12,0,91,1.0938,5.1834e-09,0.26462,2.645e-07,0.019601,1.0272e-05,5153.8,3.456e+05,-2.2911e-07,1.1679,3.3155e-07,0.93123,170.56,-2.1911,-8.5407e-09,1.5751e-10,1,1721,0,2,0,-1.1176e-08,91,3.3858e+05,1721,3.456e+05,1.0412e+09
28,13,1,3,0,0,0,0.00021986,3.5243e-12,0,18,9.125,4.2498e-09,-1.589,7.1339e-07,0.018598,3.9209e-06,5153.6,3.456e+05,3.39e-07,-0.87452,3.241e-07,0.98156,313.94,-1.7982,-8.0614e-09,8.4646e-11,1,1721,0,2,0,-1.071e-08,18,3.4197e+05,1721,3.456e+05,1.0412e+09
17,13,1,2,23,59,44,6.3438e-05,-3.638e-12,0,18,-90.188,4.3352e-09,-2.3362,-4.6063e-06,0.0079577,7.8976e-06,5153.8,3.4558e+05,4.6566e-08,0.15719,-5.7742e-08,0.96474,228.38,-2.2657,-7.9082e-09,-1.6394e-10,1,1721,0,2,0,-1.071e-08,18,3.4245e+05,1721,3.4558e+05,1.0412e+09
20,13,1,2,23,59,44,7.8626e-05,1.3642e-12,0,14,46.875,5.6584e-09,-0.27505,2.3656e-06,0.0054451,5.5786e-06,5153.6,3.4558e+05,-1.1176e-08,2.1636,1.0617e-07,0.92851,260.03,1.281,-8.7293e-09,2.1001e-10,1,1721,0,2,0,-7.9162e-09,14,3.432e+05,1721,3.4558e+05,1.0412e+09
31,13,1,2,23,59,44,0.00029562,2.0464e-12,0,1,33.063,3.9523e-09,1.1152,1.5907e-06,0.0081275,8.7954e-06,5153.8,3.4558e+05,1.4715e-07,-1.9536,-1.1176e-07,0.98073,217.66,-0.822,-7.8157e-09,1.0715e-12,1,1721,0,2,0,-1.3504e-08,1,3.4434e+05,1721,3.4558e+05,1.0412e+09
12,13,1,3,0,0,0,0.00011026,2.0464e-12,0,80,10.125,4.2988e-09,0.89306,5.0664e-07,0.0041323,4.5039e-06,5153.6,3.456e+05,2.2352e-08,-0.89927,3.539e-08,0.98239,301.75,0.13773,-8.1571e-09,9.7861e-11,1,1721,0,2,0,-1.2107e-08,80,3.4467e+05,1721,3.456e+05,1.0412e+09
25,13,1,2,23,59,44,6.0328e-05,2.3874e-12,0,5,9.5938,4.5473e-09,-0.082038,4.4517e-07,0.0019512,4.4834e-06,5153.6,3.4558e+05,-3.1665e-08,-0.93588,1.1176e-08,0.97121,295.34,0.59769,-8.2786e-09,1.0215e-10,1,1721,0,2,0,5.1223e-09,5,3.4512e+05,1721,3.4558e+05,1.0412e+09
