29,13,1,2,0,0,0,0.00039361,3.979e-12,0,9,-98.219,4.323e-09,0.50969,-5.1223e-06,0.0018193,8.6874e-06,5153.7,2.592e+05,6.5193e-08,0.16658,-6.7055e-08,0.96535,216.97,-1.1105,-8.026e-09,-2.4751e-10,1,1721,0,2,0,-9.3132e-09,9,2.5865e+05,1721,2.592e+05,1.0411e+09
29,13,1,2,0,0,0,0.00039361,3.979e-12,0,9,-98.219,4.323e-09,0.50969,-5.1223e-06,0.0018193,8.6874e-06,5153.7,2.592e+05,6.5193e-08,0.16658,-6.7055e-08,0.96535,216.97,-1.1105,-8.026e-09,-2.4751e-10,0,1721,0,2,0,-9.3132e-09,9,2.52e+05,1721,2.592e+05,1.0411e+09
29,13,1,2,0,0,0,0.00039361,3.979e-12,0,9,-98.219,4.323e-09,0.50969,-5.1223e-06,0.0018193,8.6874e-06,5153.7,2.592e+05,6.5193e-08,0.16658,-6.7055e-08,0.96535,216.97,-1.1105,-8.026e-09,-2.4751e-10,1,1721,0,2,0,-9.3132e-09,9,2.52e+05,1721,2.592e+05,1.0411e+09
29,13,1,2,0,0,0,0.00039361,3.979e-12,0,9,-98.219,4.323e-09,0.50969,-5.1223e-06,0.0018193,8.6874e-06,5153.7,2.592e+05,6.5193e-08,0.16658,-6.7055e-08,0.96535,216.97,-1.1105,-8.026e-09,-2.4751e-10,0,1721,0,2,0,-9.3132e-09,9,2.52e+05,1721,2.592e+05,1.0411e+09
29,13,1,2,0,0,0,0.00039361,3.979e-12,0,9,-98.219,4.323e-09,0.50969,-5.1223e-06,0.0018193,8.6874e-06,5153.7,2.592e+05,6.5193e-08,0.16658,-6.7055e-08,0.96535,216.97,-1.1105,-8.026e-09,-2.4751e-10,1,1721,0,2,0,-9.3132e-09,9,2.5202e+05,1721,2.592e+05,1.0411e+09
29,13,1,2,0,0,0,0.00039361,3.979e-12,0,9,-98.219,4.323e-09,0.50969,-5.1223e-06,0.0018193,8.6874e-06,5153.7,2.592e+05,6.5193e-08,0.16658,-6.7055e-08,0.96535,216.97,-1.1105,-8.026e-09,-2.4751e-10,1,1721,0,2,0,-9.3132e-09,9,2.52e+05,1721,2.592e+05,1.0411e+09
29,13,1,2,0,0,0,0.00039361,3.979e-12,0,9,-98.219,4.323e-09,0.50969,-5.1223e-06,0.0018193,8.6874e-06,5153.7,2.592e+05,6.5193e-08,0.16658,-6.7055e-08,0.96535,216.97,-1.1105,-8.026e-09,-2.4751e-10,1,1721,0,2,0,-9.3132e-09,9,2.5668e+05,1721,2.592e+05,1.0411e+09
29,13,1,2,0,0,0,0.00039361,3.979e-12,0,9,-98.219,4.323e-09,0.50969,-5.1223e-06,0.0018193,8.6874e-06,5153.7,2.592e+05,6.5193e-08,0.16658,-6.7055e-08,0.96535,216.97,-1.1105,-8.026e-09,-2.4751e-10,1,1721,0,2,0,-9.3132e-09,9,2.5573e+05,1721,2.592e+05,1.0411e+09
29,13,1,2,0,0,0,0.00039361,3.979e-12,0,9,-98.219,4.323e-09,0.50969,-5.1223e-06,0.0018193,8.6874e-06,5153.7,2.592e+05,6.5193e-08,0.16658,-6.7055e-08,0.96535,216.97,-1.1105,-8.026e-09,-2.4751e-10,1,1721,0,2,0,-9.3132e-09,9,2.52e+05,1721,2.592e+05,1.0411e+09
29,13,1,2,0,0,0,0.00039361,3.979e-12,0,9,-98.219,4.323e-09,0.50969,-5.1223e-06,0.0018193,8.6874e-06,5153.7,2.592e+05,6.5193e-08,0.16658,-6.7055e-08,0.96535,216.97,-1.1105,-8.026e-09,-2.4751e-10,1,1721,0,2,0,-9.3132e-09,9,2.5873e+05,1721,2.592e+05,1.0411e+09
29,13,1,2,2,0,0,0.00039363,3.979e-12,0,44,-100.25,4.3741e-09,1.5602,-5.2582e-06,0.0018191,8.7619e-06,5153.7,2.664e+05,1.0058e-07,0.16652,-3.7253e-09,0.96535,212.09,-1.1109,-8.0068e-09,-2.6287e-10,1,1721,0,2,0,-9.3132e-09,44,2.6e+05,1721,2.664e+05,1.0411e+09
29,13,1,2,4,0,0,0.00039366,3.979e-12,0,48,-95.781,4.3166e-09,2.61,-5.0366e-06,0.0018187,8.896e-06,5153.7,2.736e+05,2.4214e-08,0.16646,4.8429e-08,0.96535,208.75,-1.1105,-7.9518e-09,-3.1537e-10,1,1721,0,2,0,-9.3132e-09,48,2.6642e+05,1721,2.736e+05,1.0411e+09
29,13,1,2,6,0,0,0.00039369,3.979e-12,0,49,-86.375,4.3502e-09,-2.6231,-4.5747e-06,0.0018202,8.6036e-06,5153.7,2.808e+05,-2.4214e-08,0.16641,5.0291e-08,0.96535,214.25,-1.1105,-7.9303e-09,-2.8323e-10,1,1721,0,2,0,-9.3132e-09,49,2.7362e+05,1721,2.808e+05,1.0411e+09
29,13,1,2,8,0,0,0.00039372,3.979e-12,0,63,-84.313,4.392e-09,-1.5724,-4.4759e-06,0.0018198,8.1453e-06,5153.7,2.88e+05,-1.3039e-07,0.16635,7.4506e-09,0.96534,221.94,-1.111,-8.0285e-09,-2.7394e-10,1,1721,0,2,0,-9.3132e-09,63,2.8082e+05,1721,2.88e+05,1.0411e+09
29,13,1,2,16,0,0,0.00039383,3.979e-12,0,102,-90.625,4.4666e-09,2.6279,-4.9155e-06,0.0018187,8.2962e-06,5153.7,3.168e+05,7.0781e-08,0.16611,4.4703e-08,0.96534,221.84,-1.1108,-8.0439e-09,-1.9537e-10,1,1721,0,2.8,0,-9.3132e-09,102,3.1564e+05,1721,3.168e+05,1.0412e+09
29,13,1,2,15,59,44,0.00039383,3.979e-12,0,10,-90.625,4.4666e-09,2.6256,-4.9137e-06,0.0018187,8.2962e-06,5153.7,3.1678e+05,7.0781e-08,0.16611,4.4703e-08,0.96534,221.84,-1.1108,-8.0439e-09,-1.9572e-10,1,1721,0,2,0,-9.3132e-09,10,3.1621e+05,1721,3.1678e+05,1.0412e+09
29,13,1,2,17,59,44,0.00039386,3.979e-12,0,11,-81.844,4.4105e-09,-2.6075,-4.2487e-06,0.00182,7.8883e-06,5153.7,3.2398e+05,-1.8626e-08,0.16606,6.5193e-08,0.96534,225.91,-1.1107,-8.0046e-09,-1.2965e-10,1,1721,0,2,0,-9.3132e-09,11,3.1682e+05,1721,3.2398e+05,1.0412e+09
29,13,1,2,0,0,0,0.00039361,3.979e-12,0,9,-98.219,4.323e-09,0.50969,-5.1223e-06,0.0018193,8.6874e-06,5153.7,2.592e+05,6.5193e-08,0.16658,-6.7055e-08,0.96535,216.97,-1.1105,-8.026e-09,-2.4751e-10,1,1721,0,2,0,-9.3132e-09,9,2.5865e+05,1721,2.592e+05,1.0411e+09
29,13,1,2,2,0,0,0.00039363,3.979e-12,0,44,-100.25,4.3741e-09,1.5602,-5.2582e-06,0.0018191,8.7619e-06,5153.7,2.664e+05,1.0058e-07,0.16652,-3.7253e-09,0.96535,212.09,-1.1109,-8.0068e-09,-2.6287e-10,1,1721,0,2,0,-9.3132e-09,44,2.5922e+05,1721,2.664e+05,1.0411e+09
29,13,1,2,4,0,0,0.00039366,3.979e-12,0,48,-95.781,4.3166e-09,2.61,-5.0366e-06,0.0018187,8.896e-06,5153.7,2.736e+05,2.4214e-08,0.16646,4.8429e-08,0.96535,208.75,-1.1105,-7.9518e-09,-3.1537e-10,1,1721,0,2,0,-9.3132e-09,48,2.6642e+05,1721,2.736e+05,1.0411e+09
29,13,1,2,6,0,0,0.00039369,3.979e-12,0,49,-86.375,4.3502e-09,-2.6231,-4.5747e-06,0.0018202,8.6036e-06,5153.7,2.808e+05,-2.4214e-08,0.16641,5.0291e-08,0.96535,214.25,-1.1105,-7.9303e-09,-2.8323e-10,1,1721,0,2,0,-9.3132e-09,49,2.7362e+05,1721,2.808e+05,1.0411e+09
29,13,1,2,8,0,0,0.00039372,3.979e-12,0,63,-84.313,4.392e-09,-1.5724,-4.4759e-06,0.0018198,8.1453e-06,5153.7,2.88e+05,-1.3039e-07,0.16635,7.4506e-09,0.96534,221.94,-1.111,-8.0285e-09,-2.7394e-10,1,1721,0,2,0,-9.3132e-09,63,2.8082e+05,1721,2.88e+05,1.0411e+09
29,13,1,2,8,0,0,0.00039372,3.979e-12,0,63,-84.313,4.392e-09,-1.5724,-4.4759e-06,0.0018198,8.1453e-06,5153.7,2.88e+05,-1.3039e-07,0.16635,7.4506e-09,0.96534,221.94,-1.111,-8.0285e-09,-2.7394e-10,1,1721,0,2,0,-9.3132e-09,63,2.8181e+05,1721,2.88e+05,1.0411e+09
29,13,1,2,10,0,0,0.00039375,3.979e-12,0,87,-87.844,4.5366e-09,-0.52254,-4.4238e-06,0.0018192,7.987e-06,5153.7,2.952e+05,1.4901e-08,0.16629,-5.7742e-08,0.96534,228.03,-1.1107,-8.1228e-09,-1.7251e-10,1,1721,0,2,0,-9.3132e-09,87,2.8802e+05,1721,2.952e+05,1.0412e+09
29,13,1,2,12,0,0,0.00039378,3.979e-12,0,89,-90.75,4.5855e-09,0.52747,-4.679e-06,0.0018193,8.0187e-06,5153.7,3.024e+05,2.9802e-08,0.16623,-3.7253e-08,0.96534,230.69,-1.1106,-8.1318e-09,-1.7501e-10,1,1721,0,2,0,-9.3132e-09,89,2.9522e+05,1721,3.024e+05,1.0412e+09
29,13,1,2,14,0,0,0.00039381,3.979e-12,0,99,-93.281,4.5716e-09,1.578,-4.8075e-06,0.0018191,8.2869e-06,5153.7,3.096e+05,9.3132e-08,0.16617,-1.1176e-08,0.96534,225.5,-1.111,-8.0736e-09,-1.8072e-10,1,1721,0,2.8,0,-9.3132e-09,99,3.0242e+05,1721,3.096e+05,1.0412e+09
29,13,1,2,16,0,0,0.00039383,3.979e-12,0,102,-90.625,4.4666e-09,2.6279,-4.9155e-06,0.0018187,8.2962e-06,5153.7,3.168e+05,7.0781e-08,0.16611,4.4703e-08,0.96534,221.84,-1.1108,-8.0439e-09,-1.9537e-10,1,1721,0,2.8,0,-9.3132e-09,102,3.0962e+05,1721,3.168e+05,1.0412e+09
29,13,1,2,2,0,0,0.00039363,3.979e-12,0,44,-100.25,4.3741e-09,1.5602,-5.2582e-06,0.0018191,8.7619e-06,5153.7,2.664e+05,1.0058e-07,0.16652,-3.7253e-09,0.96535,212.09,-1.1109,-8.0068e-09,-2.6287e-10,0,1721,0,2,0,-9.3132e-09,44,2.6457e+05,1721,2.664e+05,1.0411e+09
29,13,1,2,4,0,0,0.00039366,3.979e-12,0,48,-95.781,4.3166e-09,2.61,-5.0366e-06,0.0018187,8.896e-06,5153.7,2.736e+05,2.4214e-08,0.16646,4.8429e-08,0.96535,208.75,-1.1105,-7.9518e-09,-3.1537e-10,0,1721,0,2,0,-9.3132e-09,48,2.664e+05,1721,2.736e+05,1.0411e+09
29,13,1,2,20,0,0,0.00039389,3.979e-12,0,12,-79.719,4.3602e-09,-1.5545,-4.0978e-06,0.0018198,7.73e-06,5153.7,3.312e+05,-6.7055e-08,0.166,3.1665e-08,0.96534,232.72,-1.1112,-8.046e-09,-1.2215e-10,0,1721,0,2,0,-9.3132e-09,12,3.2451e+05,1721,3.312e+05,1.0412e+09
29,13,1,2,22,0,0,0.00039392,3.979e-12,0,13,-81.344,4.3909e-09,-0.50454,-4.1425e-06,0.0018194,7.5679e-06,5153.7,3.384e+05,-8.5682e-08,0.16594,-2.6077e-08,0.96534,236.91,-1.111,-8.0535e-09,-1.3858e-10,0,1721,0,2,0,-9.3132e-09,13,3.321e+05,1721,3.384e+05,1.0412e+09
29,13,1,2,6,0,0,0.00039369,3.979e-12,0,49,-86.375,4.3502e-09,-2.6231,-4.5747e-06,0.0018202,8.6036e-06,5153.7,2.808e+05,-2.4214e-08,0.16641,5.0291e-08,0.96535,214.25,-1.1105,-7.9303e-09,-2.8323e-10,1,1721,0,2,0,-9.3132e-09,49,2.7622e+05,1721,2.808e+05,1.0411e+09
29,13,1,2,8,0,0,0.00039372,3.979e-12,0,63,-84.313,4.392e-09,-1.5724,-4.4759e-06,0.0018198,8.1453e-06,5153.7,2.88e+05,-1.3039e-07,0.16635,7.4506e-09,0.96534,221.94,-1.111,-8.0285e-09,-2.7394e-10,1,1721,0,2,0,-9.3132e-09,63,2.8082e+05,1721,2.88e+05,1.0411e+09
29,13,1,2,10,0,0,0.00039375,3.979e-12,0,87,-87.844,4.5366e-09,-0.52254,-4.4238e-06,0.0018192,7.987e-06,5153.7,2.952e+05,1.4901e-08,0.16629,-5.7742e-08,0.96534,228.03,-1.1107,-8.1228e-09,-1.7251e-10,1,1721,0,2,0,-9.3132e-09,87,2.8802e+05,1721,2.952e+05,1.0412e+09
29,13,1,2,12,0,0,0.00039378,3.979e-12,0,89,-90.75,4.5855e-09,0.52747,-4.679e-06,0.0018193,8.0187e-06,5153.7,3.024e+05,2.9802e-08,0.16623,-3.7253e-08,0.96534,230.69,-1.1106,-8.1318e-09,-1.7501e-10,1,1721,0,2,0,-9.3132e-09,89,2.9522e+05,1721,3.024e+05,1.0412e+09
29,13,1,2,14,0,0,0.00039381,3.979e-12,0,99,-93.281,4.5716e-09,1.578,-4.8075e-06,0.0018191,8.2869e-06,5153.7,3.096e+05,9.3132e-08,0.16617,-1.1176e-08,0.96534,225.5,-1.111,-8.0736e-09,-1.8072e-10,1,1721,0,2.8,0,-9.3132e-09,99,3.0242e+05,1721,3.096e+05,1.0412e+09
29,13,1,2,8,0,0,0.00039372,3.979e-12,0,63,-84.313,4.392e-09,-1.5724,-4.4759e-06,0.0018198,8.1453e-06,5153.7,2.88e+05,-1.3039e-07,0.16635,7.4506e-09,0.96534,221.94,-1.111,-8.0285e-09,-2.7394e-10,1,1721,0,2,0,-9.3132e-09,63,2.8146e+05,1721,2.88e+05,1.0411e+09
29,13,1,2,10,0,0,0.00039375,3.979e-12,0,87,-87.844,4.5366e-09,-0.52254,-4.4238e-06,0.0018192,7.987e-06,5153.7,2.952e+05,1.4901e-08,0.16629,-5.7742e-08,0.96534,228.03,-1.1107,-8.1228e-09,-1.7251e-10,1,1721,0,2,0,-9.3132e-09,87,2.88e+05,1721,2.952e+05,1.0412e+09
29,13,1,2,12,0,0,0.00039378,3.979e-12,0,89,-90.75,4.5855e-09,0.52747,-4.679e-06,0.0018193,8.0187e-06,5153.7,3.024e+05,2.9802e-08,0.16623,-3.7253e-08,0.96534,230.69,-1.1106,-8.1318e-09,-1.7501e-10,1,1721,0,2,0,-9.3132e-09,89,2.952e+05,1721,3.024e+05,1.0412e+09
29,13,1,2,14,0,0,0.00039381,3.979e-12,0,99,-93.281,4.5716e-09,1.578,-4.8075e-06,0.0018191,8.2869e-06,5153.7,3.096e+05,9.3132e-08,0.16617,-1.1176e-08,0.96534,225.5,-1.111,-8.0736e-09,-1.8072e-10,1,1721,0,2.8,0,-9.3132e-09,99,3.024e+05,1721,3.096e+05,1.0412e+09
29,13,1,2,16,0,0,0.00039383,3.979e-12,0,102,-90.625,4.4666e-09,2.6279,-4.9155e-06,0.0018187,8.2962e-06,5153.7,3.168e+05,7.0781e-08,0.16611,4.4703e-08,0.96534,221.84,-1.1108,-8.0439e-09,-1.9537e-10,1,1721,0,2.8,0,-9.3132e-09,102,3.096e+05,1721,3.168e+05,1.0412e+09
29,13,1,2,0,0,0,0.00039361,3.979e-12,0,9,-98.219,4.323e-09,0.50969,-5.1223e-06,0.0018193,8.6874e-06,5153.7,2.592e+05,6.5193e-08,0.16658,-6.7055e-08,0.96535,216.97,-1.1105,-8.026e-09,-2.4751e-10,1,1721,0,2,0,-9.3132e-09,9,2.592e+05,1721,2.592e+05,1.0411e+09
29,13,1,2,2,0,0,0.00039363,3.979e-12,0,44,-100.25,4.3741e-09,1.5602,-5.2582e-06,0.0018191,8.7619e-06,5153.7,2.664e+05,1.0058e-07,0.16652,-3.7253e-09,0.96535,212.09,-1.1109,-8.0068e-09,-2.6287e-10,1,1721,0,2,0,-9.3132e-09,44,2.592e+05,1721,2.664e+05,1.0411e+09
29,13,1,2,8,0,0,0.00039372,3.979e-12,0,63,-84.313,4.392e-09,-1.5724,-4.4759e-06,0.0018198,8.1453e-06,5153.7,2.88e+05,-1.3039e-07,0.16635,7.4506e-09,0.96534,221.94,-1.111,-8.0285e-09,-2.7394e-10,1,1721,0,2,0,-9.3132e-09,63,2.8386e+05,1721,2.88e+05,1.0411e+09
29,13,1,2,10,0,0,0.00039375,3.979e-12,0,87,-87.844,4.5366e-09,-0.52254,-4.4238e-06,0.0018192,7.987e-06,5153.7,2.952e+05,1.4901e-08,0.16629,-5.7742e-08,0.96534,228.03,-1.1107,-8.1228e-09,-1.7251e-10,1,1721,0,2,0,-9.3132e-09,87,2.88e+05,1721,2.952e+05,1.0412e+09
29,13,1,2,12,0,0,0.00039378,3.979e-12,0,89,-90.75,4.5855e-09,0.52747,-4.679e-06,0.0018193,8.0187e-06,5153.7,3.024e+05,2.9802e-08,0.16623,-3.7253e-08,0.96534,230.69,-1.1106,-8.1318e-09,-1.7501e-10,1,1721,0,2,0,-9.3132e-09,89,2.952e+05,1721,3.024e+05,1.0412e+09
29,13,1,2,14,0,0,0.00039381,3.979e-12,0,99,-93.281,4.5716e-09,1.578,-4.8075e-06,0.0018191,8.2869e-06,5153.7,3.096e+05,9.3132e-08,0.16617,-1.1176e-08,0.96534,225.5,-1.111,-8.0736e-09,-1.8072e-10,1,1721,0,2.8,0,-9.3132e-09,99,3.024e+05,1721,3.096e+05,1.0412e+09
29,13,1,2,22,0,0,0.00039392,3.979e-12,0,13,-81.344,4.3909e-09,-0.50454,-4.1425e-06,0.0018194,7.5679e-06,5153.7,3.384e+05,-8.5682e-08,0.16594,-2.6077e-08,0.96534,236.91,-1.111,-8.0535e-09,-1.3858e-10,1,1721,0,2,0,-9.3132e-09,13,3.3333e+05,1721,3.384e+05,1.0412e+09
29,13,1,2,4,0,0,0.00039366,3.979e-12,0,48,-95.781,4.3166e-09,2.61,-5.0366e-06,0.0018187,8.896e-06,5153.7,2.736e+05,2.4214e-08,0.16646,4.8429e-08,0.96535,208.75,-1.1105,-7.9518e-09,-3.1537e-10,1,1721,0,2,0,-9.3132e-09,48,2.6907e+05,1721,2.736e+05,1.0411e+09
29,13,1,2,6,0,0,0.00039369,3.979e-12,0,49,-86.375,4.3502e-09,-2.6231,-4.5747e-06,0.0018202,8.6036e-06,5153.7,2.808e+05,-2.4214e-08,0.16641,5.0291e-08,0.96535,214.25,-1.1105,-7.9303e-09,-2.8323e-10,1,1721,0,2,0,-9.3132e-09,49,2.7615e+05,1721,2.808e+05,1.0411e+09
29,13,1,2,16,0,0,0.00039383,3.979e-12,0,102,-90.625,4.4666e-09,2.6279,-4.9155e-06,0.0018187,8.2962e-06,5153.7,3.168e+05,7.0781e-08,0.16611,4.4703e-08,0.96534,221.84,-1.1108,-8.0439e-09,-1.9537e-10,1,1721,0,2.8,0,-9.3132e-09,102,3.1227e+05,1721,3.168e+05,1.0412e+09
29,13,1,2,15,59,44,0.00039383,3.979e-12,0,10,-90.625,4.4666e-09,2.6256,-4.9137e-06,0.0018187,8.2962e-06,5153.7,3.1678e+05,7.0781e-08,0.16611,4.4703e-08,0.96534,221.84,-1.1108,-8.0439e-09,-1.9572e-10,1,1721,0,2,0,-9.3132e-09,10,3.162e+05,1721,3.1678e+05,1.0412e+09
29,13,1,2,17,59,44,0.00039386,3.979e-12,0,11,-81.844,4.4105e-09,-2.6075,-4.2487e-06,0.00182,7.8883e-06,5153.7,3.2398e+05,-1.8626e-08,0.16606,6.5193e-08,0.96534,225.91,-1.1107,-8.0046e-09,-1.2965e-10,1,1721,0,2,0,-9.3132e-09,11,3.1947e+05,1721,3.2398e+05,1.0412e+09
29,13,1,2,20,0,0,0.00039389,3.979e-12,0,12,-79.719,4.3602e-09,-1.5545,-4.0978e-06,0.0018198,7.73e-06,5153.7,3.312e+05,-6.7055e-08,0.166,3.1665e-08,0.96534,232.72,-1.1112,-8.046e-09,-1.2215e-10,1,1721,0,2,0,-9.3132e-09,12,3.2667e+05,1721,3.312e+05,1.0412e+09
29,13,1,2,12,0,0,0.00039378,3.979e-12,0,89,-90.75,4.5855e-09,0.52747,-4.679e-06,0.0018193,8.0187e-06,5153.7,3.024e+05,2.9802e-08,0.16623,-3.7253e-08,0.96534,230.69,-1.1106,-8.1318e-09,-1.7501e-10,1,1721,0,2,0,-9.3132e-09,89,2.9524e+05,1721,3.024e+05,1.0412e+09
29,13,1,2,14,0,0,0.00039381,3.979e-12,0,99,-93.281,4.5716e-09,1.578,-4.8075e-06,0.0018191,8.2869e-06,5153.7,3.096e+05,9.3132e-08,0.16617,-1.1176e-08,0.96534,225.5,-1.111,-8.0736e-09,-1.8072e-10,1,1721,0,2.8,0,-9.3132e-09,99,3.0242e+05,1721,3.096e+05,1.0412e+09
29,13,1,2,16,0,0,0.00039383,3.979e-12,0,102,-90.625,4.4666e-09,2.6279,-4.9155e-06,0.0018187,8.2962e-06,5153.7,3.168e+05,7.0781e-08,0.16611,4.4703e-08,0.96534,221.84,-1.1108,-8.0439e-09,-1.9537e-10,1,1721,0,2.8,0,-9.3132e-09,102,3.0962e+05,1721,3.168e+05,1.0412e+09
29,13,1,2,15,59,44,0.00039383,3.979e-12,0,10,-90.625,4.4666e-09,2.6256,-4.9137e-06,0.0018187,8.2962e-06,5153.7,3.1678e+05,7.0781e-08,0.16611,4.4703e-08,0.96534,221.84,-1.1108,-8.0439e-09,-1.9572e-10,1,1721,0,2,0,-9.3132e-09,10,3.1625e+05,1721,3.1678e+05,1.0412e+09
29,13,1,2,17,59,44,0.00039386,3.979e-12,0,11,-81.844,4.4105e-09,-2.6075,-4.2487e-06,0.00182,7.8883e-06,5153.7,3.2398e+05,-1.8626e-08,0.16606,6.5193e-08,0.96534,225.91,-1.1107,-8.0046e-09,-1.2965e-10,1,1721,0,2,0,-9.3132e-09,11,3.1682e+05,1721,3.2398e+05,1.0412e+09
29,13,1,2,20,0,0,0.00039389,3.979e-12,0,12,-79.719,4.3602e-09,-1.5545,-4.0978e-06,0.0018198,7.73e-06,5153.7,3.312e+05,-6.7055e-08,0.166,3.1665e-08,0.96534,232.72,-1.1112,-8.046e-09,-1.2215e-10,1,1721,0,2,0,-9.3132e-09,12,3.2402e+05,1721,3.312e+05,1.0412e+09
29,13,1,2,22,0,0,0.00039392,3.979e-12,0,13,-81.344,4.3909e-09,-0.50454,-4.1425e-06,0.0018194,7.5679e-06,5153.7,3.384e+05,-8.5682e-08,0.16594,-2.6077e-08,0.96534,236.91,-1.111,-8.0535e-09,-1.3858e-10,1,1721,0,2,0,-9.3132e-09,13,3.3122e+05,1721,3.384e+05,1.0412e+09
29,13,1,2,2,0,0,0.00039363,3.979e-12,0,44,-100.25,4.3741e-09,1.5602,-5.2582e-06,0.0018191,8.7619e-06,5153.7,2.664e+05,1.0058e-07,0.16652,-3.7253e-09,0.96535,212.09,-1.1109,-8.0068e-09,-2.6287e-10,0,1721,0,2,0,-9.3132e-09,44,2.592e+05,1721,2.664e+05,1.0411e+09
29,13,1,2,20,0,0,0.00039389,3.979e-12,0,12,-79.719,4.3602e-09,-1.5545,-4.0978e-06,0.0018198,7.73e-06,5153.7,3.312e+05,-6.7055e-08,0.166,3.1665e-08,0.96534,232.72,-1.1112,-8.046e-09,-1.2215e-10,0,1721,0,2,0,-9.3132e-09,12,3.2718e+05,1721,3.312e+05,1.0412e+09
29,13,1,2,22,0,0,0.00039392,3.979e-12,0,13,-81.344,4.3909e-09,-0.50454,-4.1425e-06,0.0018194,7.5679e-06,5153.7,3.384e+05,-8.5682e-08,0.16594,-2.6077e-08,0.96534,236.91,-1.111,-8.0535e-09,-1.3858e-10,0,1721,0,2,0,-9.3132e-09,13,3.312e+05,1721,3.384e+05,1.0412e+09
29,13,1,2,2,0,0,0.00039363,3.979e-12,0,44,-100.25,4.3741e-09,1.5602,-5.2582e-06,0.0018191,8.7619e-06,5153.7,2.664e+05,1.0058e-07,0.16652,-3.7253e-09,0.96535,212.09,-1.1109,-8.0068e-09,-2.6287e-10,1,1721,0,2,0,-9.3132e-09,44,2.6059e+05,1721,2.664e+05,1.0411e+09
29,13,1,2,4,0,0,0.00039366,3.979e-12,0,48,-95.781,4.3166e-09,2.61,-5.0366e-06,0.0018187,8.896e-06,5153.7,2.736e+05,2.4214e-08,0.16646,4.8429e-08,0.96535,208.75,-1.1105,-7.9518e-09,-3.1537e-10,1,1721,0,2,0,-9.3132e-09,48,2.6642e+05,1721,2.736e+05,1.0411e+09
29,13,1,2,6,0,0,0.00039369,3.979e-12,0,49,-86.375,4.3502e-09,-2.6231,-4.5747e-06,0.0018202,8.6036e-06,5153.7,2.808e+05,-2.4214e-08,0.16641,5.0291e-08,0.96535,214.25,-1.1105,-7.9303e-09,-2.8323e-10,1,1721,0,2,0,-9.3132e-09,49,2.7362e+05,1721,2.808e+05,1.0411e+09
29,13,1,2,8,0,0,0.00039372,3.979e-12,0,63,-84.313,4.392e-09,-1.5724,-4.4759e-06,0.0018198,8.1453e-06,5153.7,2.88e+05,-1.3039e-07,0.16635,7.4506e-09,0.96534,221.94,-1.111,-8.0285e-09,-2.7394e-10,1,1721,0,2,0,-9.3132e-09,63,2.8082e+05,1721,2.88e+05,1.0411e+09
29,13,1,2,17,59,44,0.00039386,3.979e-12,0,11,-81.844,4.4105e-09,-2.6075,-4.2487e-06,0.00182,7.8883e-06,5153.7,3.2398e+05,-1.8626e-08,0.16606,6.5193e-08,0.96534,225.91,-1.1107,-8.0046e-09,-1.2965e-10,1,1721,0,2,0,-9.3132e-09,11,3.1691e+05,1721,3.2398e+05,1.0412e+09
29,13,1,2,8,0,0,0.00039372,3.979e-12,0,63,-84.313,4.392e-09,-1.5724,-4.4759e-06,0.0018198,8.1453e-06,5153.7,2.88e+05,-1.3039e-07,0.16635,7.4506e-09,0.96534,221.94,-1.111,-8.0285e-09,-2.7394e-10,1,1721,0,2,0,-9.3132e-09,63,2.853e+05,1721,2.88e+05,1.0411e+09
29,13,1,2,10,0,0,0.00039375,3.979e-12,0,87,-87.844,4.5366e-09,-0.52254,-4.4238e-06,0.0018192,7.987e-06,5153.7,2.952e+05,1.4901e-08,0.16629,-5.7742e-08,0.96534,228.03,-1.1107,-8.1228e-09,-1.7251e-10,1,1721,0,2,0,-9.3132e-09,87,2.88e+05,1721,2.952e+05,1.0412e+09
29,13,1,2,12,0,0,0.00039378,3.979e-12,0,89,-90.75,4.5855e-09,0.52747,-4.679e-06,0.0018193,8.0187e-06,5153.7,3.024e+05,2.9802e-08,0.16623,-3.7253e-08,0.96534,230.69,-1.1106,-8.1318e-09,-1.7501e-10,1,1721,0,2,0,-9.3132e-09,89,2.952e+05,1721,3.024e+05,1.0412e+09
29,13,1,2,14,0,0,0.00039381,3.979e-12,0,99,-93.281,4.5716e-09,1.578,-4.8075e-06,0.0018191,8.2869e-06,5153.7,3.096e+05,9.3132e-08,0.16617,-1.1176e-08,0.96534,225.5,-1.111,-8.0736e-09,-1.8072e-10,1,1721,0,2.8,0,-9.3132e-09,99,3.024e+05,1721,3.096e+05,1.0412e+09
29,13,1,2,16,0,0,0.00039383,3.979e-12,0,102,-90.625,4.4666e-09,2.6279,-4.9155e-06,0.0018187,8.2962e-06,5153.7,3.168e+05,7.0781e-08,0.16611,4.4703e-08,0.96534,221.84,-1.1108,-8.0439e-09,-1.9537e-10,1,1721,0,2.8,0,-9.3132e-09,102,3.096e+05,1721,3.168e+05,1.0412e+09
29,13,1,2,6,0,0,0.00039369,3.979e-12,0,49,-86.375,4.3502e-09,-2.6231,-4.5747e-06,0.0018202,8.6036e-06,5153.7,2.808e+05,-2.4214e-08,0.16641,5.0291e-08,0.96535,214.25,-1.1105,-7.9303e-09,-2.8323e-10,1,1721,0,2,0,-9.3132e-09,49,2.7972e+05,1721,2.808e+05,1.0411e+09
29,13,1,2,8,0,0,0.00039372,3.979e-12,0,63,-84.313,4.392e-09,-1.5724,-4.4759e-06,0.0018198,8.1453e-06,5153.7,2.88e+05,-1.3039e-07,0.16635,7.4506e-09,0.96534,221.94,-1.111,-8.0285e-09,-2.7394e-10,1,1721,0,2,0,-9.3132e-09,63,2.808e+05,1721,2.88e+05,1.0411e+09
29,13,1,2,10,0,0,0.00039375,3.979e-12,0,87,-87.844,4.5366e-09,-0.52254,-4.4238e-06,0.0018192,7.987e-06,5153.7,2.952e+05,1.4901e-08,0.16629,-5.7742e-08,0.96534,228.03,-1.1107,-8.1228e-09,-1.7251e-10,1,1721,0,2,0,-9.3132e-09,87,2.88e+05,1721,2.952e+05,1.0412e+09
29,13,1,2,12,0,0,0.00039378,3.979e-12,0,89,-90.75,4.5855e-09,0.52747,-4.679e-06,0.0018193,8.0187e-06,5153.7,3.024e+05,2.9802e-08,0.16623,-3.7253e-08,0.96534,230.69,-1.1106,-8.1318e-09,-1.7501e-10,1,1721,0,2,0,-9.3132e-09,89,2.952e+05,1721,3.024e+05,1.0412e+09
29,13,1,2,14,0,0,0.00039381,3.979e-12,0,99,-93.281,4.5716e-09,1.578,-4.8075e-06,0.0018191,8.2869e-06,5153.7,3.096e+05,9.3132e-08,0.16617,-1.1176e-08,0.96534,225.5,-1.111,-8.0736e-09,-1.8072e-10,1,1721,0,2.8,0,-9.3132e-09,99,3.024e+05,1721,3.096e+05,1.0412e+09
29,13,1,2,16,0,0,0.00039383,3.979e-12,0,102,-90.625,4.4666e-09,2.6279,-4.9155e-06,0.0018187,8.2962e-06,5153.7,3.168e+05,7.0781e-08,0.16611,4.4703e-08,0.96534,221.84,-1.1108,-8.0439e-09,-1.9537e-10,1,1721,0,2.8,0,-9.3132e-09,102,3.096e+05,1721,3.168e+05,1.0412e+09
29,13,1,2,2,0,0,0.00039363,3.979e-12,0,44,-100.25,4.3741e-09,1.5602,-5.2582e-06,0.0018191,8.7619e-06,5153.7,2.664e+05,1.0058e-07,0.16652,-3.7253e-09,0.96535,212.09,-1.1109,-8.0068e-09,-2.6287e-10,1,1721,0,2,0,-9.3132e-09,44,2.639e+05,1721,2.664e+05,1.0411e+09
29,13,1,2,4,0,0,0.00039366,3.979e-12,0,48,-95.781,4.3166e-09,2.61,-5.0366e-06,0.0018187,8.896e-06,5153.7,2.736e+05,2.4214e-08,0.16646,4.8429e-08,0.96535,208.75,-1.1105,-7.9518e-09,-3.1537e-10,1,1721,0,2,0,-9.3132e-09,48,2.6645e+05,1721,2.736e+05,1.0411e+09
29,13,1,2,6,0,0,0.00039369,3.979e-12,0,49,-86.375,4.3502e-09,-2.6231,-4.5747e-06,0.0018202,8.6036e-06,5153.7,2.808e+05,-2.4214e-08,0.16641,5.0291e-08,0.96535,214.25,-1.1105,-7.9303e-09,-2.8323e-10,1,1721,0,2,0,-9.3132e-09,49,2.7365e+05,1721,2.808e+05,1.0411e+09
29,13,1,2,8,0,0,0.00039372,3.979e-12,0,63,-84.313,4.392e-09,-1.5724,-4.4759e-06,0.0018198,8.1453e-06,5153.7,2.88e+05,-1.3039e-07,0.16635,7.4506e-09,0.96534,221.94,-1.111,-8.0285e-09,-2.7394e-10,1,1721,0,2,0,-9.3132e-09,63,2.8085e+05,1721,2.88e+05,1.0411e+09
29,13,1,2,16,0,0,0.00039383,3.979e-12,0,102,-90.625,4.4666e-09,2.6279,-4.9155e-06,0.0018187,8.2962e-06,5153.7,3.168e+05,7.0781e-08,0.16611,4.4703e-08,0.96534,221.84,-1.1108,-8.0439e-09,-1.9537e-10,1,1721,0,2,0,-9.3132e-09,102,3.131e+05,1721,3.168e+05,1.0412e+09
29,13,1,2,17,59,44,0.00039386,3.979e-12,0,11,-81.844,4.4105e-09,-2.6075,-4.2487e-06,0.00182,7.8883e-06,5153.7,3.2398e+05,-1.8626e-08,0.16606,6.5193e-08,0.96534,225.91,-1.1107,-8.0046e-09,-1.2965e-10,1,1721,0,2,0,-9.3132e-09,11,3.1685e+05,1721,3.2398e+05,1.0412e+09
29,13,1,2,0,0,0,0.00039361,3.979e-12,0,9,-98.219,4.323e-09,0.50969,-5.1223e-06,0.0018193,8.6874e-06,5153.7,2.592e+05,6.5193e-08,0.16658,-6.7055e-08,0.96535,216.97,-1.1105,-8.026e-09,-2.4751e-10,1,1721,0,2,0,-9.3132e-09,9,2.5202e+05,1721,2.592e+05,1.0411e+09
29,13,1,2,2,0,0,0.00039363,3.979e-12,0,44,-100.25,4.3741e-09,1.5602,-5.2582e-06,0.0018191,8.7619e-06,5153.7,2.664e+05,1.0058e-07,0.16652,-3.7253e-09,0.96535,212.09,-1.1109,-8.0068e-09,-2.6287e-10,1,1721,0,2,0,-9.3132e-09,44,2.5922e+05,1721,2.664e+05,1.0411e+09
29,13,1,2,4,0,0,0.00039366,3.979e-12,0,48,-95.781,4.3166e-09,2.61,-5.0366e-06,0.0018187,8.896e-06,5153.7,2.736e+05,2.4214e-08,0.16646,4.8429e-08,0.96535,208.75,-1.1105,-7.9518e-09,-3.1537e-10,1,1721,0,2,0,-9.3132e-09,48,2.6642e+05,1721,2.736e+05,1.0411e+09
29,13,1,2,17,59,44,0.00039386,3.979e-12,0,11,-81.844,4.4105e-09,-2.6075,-4.2487e-06,0.00182,7.8883e-06,5153.7,3.2398e+05,-1.8626e-08,0.16606,6.5193e-08,0.96534,225.91,-1.1107,-8.0046e-09,-1.2965e-10,1,1721,0,2,0,-9.3132e-09,11,3.1964e+05,1721,3.2398e+05,1.0412e+09
29,13,1,2,20,0,0,0.00039389,3.979e-12,0,12,-79.719,4.3602e-09,-1.5545,-4.0978e-06,0.0018198,7.73e-06,5153.7,3.312e+05,-6.7055e-08,0.166,3.1665e-08,0.96534,232.72,-1.1112,-8.046e-09,-1.2215e-10,1,1721,0,2,0,-9.3132e-09,12,3.2402e+05,1721,3.312e+05,1.0412e+09
29,13,1,2,22,0,0,0.00039392,3.979e-12,0,13,-81.344,4.3909e-09,-0.50454,-4.1425e-06,0.0018194,7.5679e-06,5153.7,3.384e+05,-8.5682e-08,0.16594,-2.6077e-08,0.96534,236.91,-1.111,-8.0535e-09,-1.3858e-10,1,1721,0,2,0,-9.3132e-09,13,3.3122e+05,1721,3.384e+05,1.0412e+09
29,13,1,2,0,0,0,0.00039361,3.979e-12,0,9,-98.219,4.323e-09,0.50969,-5.1223e-06,0.0018193,8.6874e-06,5153.7,2.592e+05,6.5193e-08,0.16658,-6.7055e-08,0.96535,216.97,-1.1105,-8.026e-09,-2.4751e-10,1,1721,0,2,0,-9.3132e-09,9,2.592e+05,1721,2.592e+05,1.0411e+09
29,13,1,2,8,0,0,0.00039372,3.979e-12,0,63,-84.313,4.392e-09,-1.5724,-4.4759e-06,0.0018198,8.1453e-06,5153.7,2.88e+05,-1.3039e-07,0.16635,7.4506e-09,0.96534,221.94,-1.111,-8.0285e-09,-2.7394e-10,1,1721,0,2,0,-9.3132e-09,63,2.8623e+05,1721,2.88e+05,1.0411e+09
29,13,1,2,10,0,0,0.00039375,3.979e-12,0,87,-87.844,4.5366e-09,-0.52254,-4.4238e-06,0.0018192,7.987e-06,5153.7,2.952e+05,1.4901e-08,0.16629,-5.7742e-08,0.96534,228.03,-1.1107,-8.1228e-09,-1.7251e-10,1,1721,0,2,0,-9.3132e-09,87,2.88e+05,1721,2.952e+05,1.0412e+09
29,13,1,2,12,0,0,0.00039378,3.979e-12,0,89,-90.75,4.5855e-09,0.52747,-4.679e-06,0.0018193,8.0187e-06,5153.7,3.024e+05,2.9802e-08,0.16623,-3.7253e-08,0.96534,230.69,-1.1106,-8.1318e-09,-1.7501e-10,1,1721,0,2,0,-9.3132e-09,89,2.952e+05,1721,3.024e+05,1.0412e+09
29,13,1,2,14,0,0,0.00039381,3.979e-12,0,99,-93.281,4.5716e-09,1.578,-4.8075e-06,0.0018191,8.2869e-06,5153.7,3.096e+05,9.3132e-08,0.16617,-1.1176e-08,0.96534,225.5,-1.111,-8.0736e-09,-1.8072e-10,1,1721,0,2.8,0,-9.3132e-09,99,3.024e+05,1721,3.096e+05,1.0412e+09
29,13,1,2,22,0,0,0.00039392,3.979e-12,0,13,-81.344,4.3909e-09,-0.50454,-4.1425e-06,0.0018194,7.5679e-06,5153.7,3.384e+05,-8.5682e-08,0.16594,-2.6077e-08,0.96534,236.91,-1.111,-8.0535e-09,-1.3858e-10,1,1721,0,2,0,-9.3132e-09,13,3.3204e+05,1721,3.384e+05,1.0412e+09
29,13,1,2,0,0,0,0.00039361,3.979e-12,0,9,-98.219,4.323e-09,0.50969,-5.1223e-06,0.0018193,8.6874e-06,5153.7,2.592e+05,6.5193e-08,0.16658,-6.7055e-08,0.96535,216.97,-1.1105,-8.026e-09,-2.4751e-10,1,1721,0,2,0,-9.3132e-09,9,2.5668e+05,1721,2.592e+05,1.0411e+09
29,13,1,2,2,0,0,0.00039363,3.979e-12,0,44,-100.25,4.3741e-09,1.5602,-5.2582e-06,0.0018191,8.7619e-06,5153.7,2.664e+05,1.0058e-07,0.16652,-3.7253e-09,0.96535,212.09,-1.1109,-8.0068e-09,-2.6287e-10,1,1721,0,2,0,-9.3132e-09,44,2.592e+05,1721,2.664e+05,1.0411e+09
29,13,1,2,4,0,0,0.00039366,3.979e-12,0,48,-95.781,4.3166e-09,2.61,-5.0366e-06,0.0018187,8.896e-06,5153.7,2.736e+05,2.4214e-08,0.16646,4.8429e-08,0.96535,208.75,-1.1105,-7.9518e-09,-3.1537e-10,1,1721,0,2,0,-9.3132e-09,48,2.664e+05,1721,2.736e+05,1.0411e+09
29,13,1,2,6,0,0,0.00039369,3.979e-12,0,49,-86.375,4.3502e-09,-2.6231,-4.5747e-06,0.0018202,8.6036e-06,5153.7,2.808e+05,-2.4214e-08,0.16641,5.0291e-08,0.96535,214.25,-1.1105,-7.9303e-09,-2.8323e-10,1,1721,0,2,0,-9.3132e-09,49,2.736e+05,1721,2.808e+05,1.0411e+09
29,13,1,2,8,0,0,0.00039372,3.979e-12,0,63,-84.313,4.392e-09,-1.5724,-4.4759e-06,0.0018198,8.1453e-06,5153.7,2.88e+05,-1.3039e-07,0.16635,7.4506e-09,0.96534,221.94,-1.111,-8.0285e-09,-2.7394e-10,1,1721,0,2,0,-9.3132e-09,63,2.808e+05,1721,2.88e+05,1.0411e+09
29,13,1,2,10,0,0,0.00039375,3.979e-12,0,87,-87.844,4.5366e-09,-0.52254,-4.4238e-06,0.0018192,7.987e-06,5153.7,2.952e+05,1.4901e-08,0.16629,-5.7742e-08,0.96534,228.03,-1.1107,-8.1228e-09,-1.7251e-10,1,1721,0,2,0,-9.3132e-09,87,2.88e+05,1721,2.952e+05,1.0412e+09
29,13,1,2,0,0,0,0.00039361,3.979e-12,0,9,-98.219,4.323e-09,0.50969,-5.1223e-06,0.0018193,8.6874e-06,5153.7,2.592e+05,6.5193e-08,0.16658,-6.7055e-08,0.96535,216.97,-1.1105,-8.026e-09,-2.4751e-10,1,1721,0,2,0,-9.3132e-09,9,2.5573e+05,1721,2.592e+05,1.0411e+09
29,13,1,2,2,0,0,0.00039363,3.979e-12,0,44,-100.25,4.3741e-09,1.5602,-5.2582e-06,0.0018191,8.7619e-06,5153.7,2.664e+05,1.0058e-07,0.16652,-3.7253e-09,0.96535,212.09,-1.1109,-8.0068e-09,-2.6287e-10,1,1721,0,2,0,-9.3132e-09,44,2.5922e+05,1721,2.664e+05,1.0411e+09
29,13,1,2,4,0,0,0.00039366,3.979e-12,0,48,-95.781,4.3166e-09,2.61,-5.0366e-06,0.0018187,8.896e-06,5153.7,2.736e+05,2.4214e-08,0.16646,4.8429e-08,0.96535,208.75,-1.1105,-7.9518e-09,-3.1537e-10,1,1721,0,2,0,-9.3132e-09,48,2.6642e+05,1721,2.736e+05,1.0411e+09
29,13,1,2,6,0,0,0.00039369,3.979e-12,0,49,-86.375,4.3502e-09,-2.6231,-4.5747e-06,0.0018202,8.6036e-06,5153.7,2.808e+05,-2.4214e-08,0.16641,5.0291e-08,0.96535,214.25,-1.1105,-7.9303e-09,-2.8323e-10,1,1721,0,2,0,-9.3132e-09,49,2.7362e+05,1721,2.808e+05,1.0411e+09
29,13,1,2,0,0,0,0.00039361,3.979e-12,0,9,-98.219,4.323e-09,0.50969,-5.1223e-06,0.0018193,8.6874e-06,5153.7,2.592e+05,6.5193e-08,0.16658,-6.7055e-08,0.96535,216.97,-1.1105,-8.026e-09,-2.4751e-10,1,1721,0,2,0,-9.3132e-09,9,2.52e+05,1721,2.592e+05,1.0411e+09
29,13,1,2,2,0,0,0.00039363,3.979e-12,0,44,-100.25,4.3741e-09,1.5602,-5.2582e-06,0.0018191,8.7619e-06,5153.7,2.664e+05,1.0058e-07,0.16652,-3.7253e-09,0.96535,212.09,-1.1109,-8.0068e-09,-2.6287e-10,1,1721,0,2,0,-9.3132e-09,44,2.592e+05,1721,2.664e+05,1.0411e+09
29,13,1,2,17,59,44,0.00039386,3.979e-12,0,11,-81.844,4.4105e-09,-2.6075,-4.2487e-06,0.00182,7.8883e-06,5153.7,3.2398e+05,-1.8626e-08,0.16606,6.5193e-08,0.96534,225.91,-1.1107,-8.0046e-09,-1.2965e-10,1,1721,0,2,0,-9.3132e-09,11,3.2331e+05,1721,3.2398e+05,1.0412e+09
29,13,1,2,20,0,0,0.00039389,3.979e-12,0,12,-79.719,4.3602e-09,-1.5545,-4.0978e-06,0.0018198,7.73e-06,5153.7,3.312e+05,-6.7055e-08,0.166,3.1665e-08,0.96534,232.72,-1.1112,-8.046e-09,-1.2215e-10,1,1721,0,2,0,-9.3132e-09,12,3.24e+05,1721,3.312e+05,1.0412e+09
29,13,1,2,22,0,0,0.00039392,3.979e-12,0,13,-81.344,4.3909e-09,-0.50454,-4.1425e-06,0.0018194,7.5679e-06,5153.7,3.384e+05,-8.5682e-08,0.16594,-2.6077e-08,0.96534,236.91,-1.111,-8.0535e-09,-1.3858e-10,1,1721,0,2,0,-9.3132e-09,13,3.312e+05,1721,3.384e+05,1.0412e+09
29,13,1,2,8,0,0,0.00039372,3.979e-12,0,63,-84.313,4.392e-09,-1.5724,-4.4759e-06,0.0018198,8.1453e-06,5153.7,2.88e+05,-1.3039e-07,0.16635,7.4506e-09,0.96534,221.94,-1.111,-8.0285e-09,-2.7394e-10,1,1721,0,2,0,-9.3132e-09,63,2.8512e+05,1721,2.88e+05,1.0411e+09
29,13,1,2,10,0,0,0.00039375,3.979e-12,0,87,-87.844,4.5366e-09,-0.52254,-4.4238e-06,0.0018192,7.987e-06,5153.7,2.952e+05,1.4901e-08,0.16629,-5.7742e-08,0.96534,228.03,-1.1107,-8.1228e-09,-1.7251e-10,1,1721,0,2,0,-9.3132e-09,87,2.88e+05,1721,2.952e+05,1.0412e+09
29,13,1,2,12,0,0,0.00039378,3.979e-12,0,89,-90.75,4.5855e-09,0.52747,-4.679e-06,0.0018193,8.0187e-06,5153.7,3.024e+05,2.9802e-08,0.16623,-3.7253e-08,0.96534,230.69,-1.1106,-8.1318e-09,-1.7501e-10,1,1721,0,2,0,-9.3132e-09,89,2.952e+05,1721,3.024e+05,1.0412e+09
29,13,1,2,14,0,0,0.00039381,3.979e-12,0,99,-93.281,4.5716e-09,1.578,-4.8075e-06,0.0018191,8.2869e-06,5153.7,3.096e+05,9.3132e-08,0.16617,-1.1176e-08,0.96534,225.5,-1.111,-8.0736e-09,-1.8072e-10,1,1721,0,2.8,0,-9.3132e-09,99,3.024e+05,1721,3.096e+05,1.0412e+09
29,13,1,2,16,0,0,0.00039383,3.979e-12,0,102,-90.625,4.4666e-09,2.6279,-4.9155e-06,0.0018187,8.2962e-06,5153.7,3.168e+05,7.0781e-08,0.16611,4.4703e-08,0.96534,221.84,-1.1108,-8.0439e-09,-1.9537e-10,1,1721,0,2.8,0,-9.3132e-09,102,3.096e+05,1721,3.168e+05,1.0412e+09
29,13,1,2,6,0,0,0.00039369,3.979e-12,0,49,-86.375,4.3502e-09,-2.6231,-4.5747e-06,0.0018202,8.6036e-06,5153.7,2.808e+05,-2.4214e-08,0.16641,5.0291e-08,0.96535,214.25,-1.1105,-7.9303e-09,-2.8323e-10,1,1721,0,2,0,-9.3132e-09,49,2.8051e+05,1721,2.808e+05,1.0411e+09
29,13,1,2,8,0,0,0.00039372,3.979e-12,0,63,-84.313,4.392e-09,-1.5724,-4.4759e-06,0.0018198,8.1453e-06,5153.7,2.88e+05,-1.3039e-07,0.16635,7.4506e-09,0.96534,221.94,-1.111,-8.0285e-09,-2.7394e-10,1,1721,0,2,0,-9.3132e-09,63,2.8082e+05,1721,2.88e+05,1.0411e+09
29,13,1,2,10,0,0,0.00039375,3.979e-12,0,87,-87.844,4.5366e-09,-0.52254,-4.4238e-06,0.0018192,7.987e-06,5153.7,2.952e+05,1.4901e-08,0.16629,-5.7742e-08,0.96534,228.03,-1.1107,-8.1228e-09,-1.7251e-10,1,1721,0,2,0,-9.3132e-09,87,2.8802e+05,1721,2.952e+05,1.0412e+09
29,13,1,2,12,0,0,0.00039378,3.979e-12,0,89,-90.75,4.5855e-09,0.52747,-4.679e-06,0.0018193,8.0187e-06,5153.7,3.024e+05,2.9802e-08,0.16623,-3.7253e-08,0.96534,230.69,-1.1106,-8.1318e-09,-1.7501e-10,1,1721,0,2,0,-9.3132e-09,89,2.9522e+05,1721,3.024e+05,1.0412e+09
29,13,1,2,14,0,0,0.00039381,3.979e-12,0,99,-93.281,4.5716e-09,1.578,-4.8075e-06,0.0018191,8.2869e-06,5153.7,3.096e+05,9.3132e-08,0.16617,-1.1176e-08,0.96534,225.5,-1.111,-8.0736e-09,-1.8072e-10,1,1721,0,2.8,0,-9.3132e-09,99,3.0242e+05,1721,3.096e+05,1.0412e+09
29,13,1,2,2,0,0,0.00039363,3.979e-12,0,44,-100.25,4.3741e-09,1.5602,-5.2582e-06,0.0018191,8.7619e-06,5153.7,2.664e+05,1.0058e-07,0.16652,-3.7253e-09,0.96535,212.09,-1.1109,-8.0068e-09,-2.6287e-10,1,1721,0,2,0,-9.3132e-09,44,2.657e+05,1721,2.664e+05,1.0411e+09
29,13,1,2,4,0,0,0.00039366,3.979e-12,0,48,-95.781,4.3166e-09,2.61,-5.0366e-06,0.0018187,8.896e-06,5153.7,2.736e+05,2.4214e-08,0.16646,4.8429e-08,0.96535,208.75,-1.1105,-7.9518e-09,-3.1537e-10,1,1721,0,2,0,-9.3132e-09,48,2.6642e+05,1721,2.736e+05,1.0411e+09
29,13,1,2,6,0,0,0.00039369,3.979e-12,0,49,-86.375,4.3502e-09,-2.6231,-4.5747e-06,0.0018202,8.6036e-06,5153.7,2.808e+05,-2.4214e-08,0.16641,5.0291e-08,0.96535,214.25,-1.1105,-7.9303e-09,-2.8323e-10,1,1721,0,2,0,-9.3132e-09,49,2.7362e+05,1721,2.808e+05,1.0411e+09
29,13,1,2,16,0,0,0.00039383,3.979e-12,0,102,-90.625,4.4666e-09,2.6279,-4.9155e-06,0.0018187,8.2962e-06,5153.7,3.168e+05,7.0781e-08,0.16611,4.4703e-08,0.96534,221.84,-1.1108,-8.0439e-09,-1.9537e-10,1,1721,0,2.8,0,-9.3132e-09,102,3.1064e+05,1721,3.168e+05,1.0412e+09
29,13,1,2,15,59,44,0.00039383,3.979e-12,0,10,-90.625,4.4666e-09,2.6256,-4.9137e-06,0.0018187,8.2962e-06,5153.7,3.1678e+05,7.0781e-08,0.16611,4.4703e-08,0.96534,221.84,-1.1108,-8.0439e-09,-1.9572e-10,1,1721,0,2,0,-9.3132e-09,10,3.1622e+05,1721,3.1678e+05,1.0412e+09
29,13,1,2,17,59,44,0.00039386,3.979e-12,0,11,-81.844,4.4105e-09,-2.6075,-4.2487e-06,0.00182,7.8883e-06,5153.7,3.2398e+05,-1.8626e-08,0.16606,6.5193e-08,0.96534,225.91,-1.1107,-8.0046e-09,-1.2965e-10,1,1721,0,2,0,-9.3132e-09,11,3.1682e+05,1721,3.2398e+05,1.0412e+09
29,13,1,2,20,0,0,0.00039389,3.979e-12,0,12,-79.719,4.3602e-09,-1.5545,-4.0978e-06,0.0018198,7.73e-06,5153.7,3.312e+05,-6.7055e-08,0.166,3.1665e-08,0.96534,232.72,-1.1112,-8.046e-09,-1.2215e-10,1,1721,0,2,0,-9.3132e-09,12,3.2402e+05,1721,3.312e+05,1.0412e+09
29,13,1,2,2,0,0,0.00039363,3.979e-12,0,44,-100.25,4.3741e-09,1.5602,-5.2582e-06,0.0018191,8.7619e-06,5153.7,2.664e+05,1.0058e-07,0.16652,-3.7253e-09,0.96535,212.09,-1.1109,-8.0068e-09,-2.6287e-10,1,1721,0,2,0,-9.3132e-09,44,2.6642e+05,1721,2.664e+05,1.0411e+09
29,13,1,2,4,0,0,0.00039366,3.979e-12,0,48,-95.781,4.3166e-09,2.61,-5.0366e-06,0.0018187,8.896e-06,5153.7,2.736e+05,2.4214e-08,0.16646,4.8429e-08,0.96535,208.75,-1.1105,-7.9518e-09,-3.1537e-10,1,1721,0,2,0,-9.3132e-09,48,2.7362e+05,1721,2.736e+05,1.0411e+09
29,13,1,2,6,0,0,0.00039369,3.979e-12,0,49,-86.375,4.3502e-09,-2.6231,-4.5747e-06,0.0018202,8.6036e-06,5153.7,2.808e+05,-2.4214e-08,0.16641,5.0291e-08,0.96535,214.25,-1.1105,-7.9303e-09,-2.8323e-10,1,1721,0,2,0,-9.3132e-09,49,2.8082e+05,1721,2.808e+05,1.0411e+09
29,13,1,2,8,0,0,0.00039372,3.979e-12,0,63,-84.313,4.392e-09,-1.5724,-4.4759e-06,0.0018198,8.1453e-06,5153.7,2.88e+05,-1.3039e-07,0.16635,7.4506e-09,0.96534,221.94,-1.111,-8.0285e-09,-2.7394e-10,1,1721,0,2,0,-9.3132e-09,63,2.8802e+05,1721,2.88e+05,1.0411e+09
29,13,1,2,2,0,0,0.00039363,3.979e-12,0,44,-100.25,4.3741e-09,1.5602,-5.2582e-06,0.0018191,8.7619e-06,5153.7,2.664e+05,1.0058e-07,0.16652,-3.7253e-09,0.96535,212.09,-1.1109,-8.0068e-09,-2.6287e-10,1,1721,0,2,0,-9.3132e-09,44,2.6187e+05,1721,2.664e+05,1.0411e+09
29,13,1,2,4,0,0,0.00039366,3.979e-12,0,48,-95.781,4.3166e-09,2.61,-5.0366e-06,0.0018187,8.896e-06,5153.7,2.736e+05,2.4214e-08,0.16646,4.8429e-08,0.96535,208.75,-1.1105,-7.9518e-09,-3.1537e-10,1,1721,0,2,0,-9.3132e-09,48,2.6907e+05,1721,2.736e+05,1.0411e+09
29,13,1,2,6,0,0,0.00039369,3.979e-12,0,49,-86.375,4.3502e-09,-2.6231,-4.5747e-06,0.0018202,8.6036e-06,5153.7,2.808e+05,-2.4214e-08,0.16641,5.0291e-08,0.96535,214.25,-1.1105,-7.9303e-09,-2.8323e-10,1,1721,0,2,0,-9.3132e-09,49,2.7627e+05,1721,2.808e+05,1.0411e+09
29,13,1,2,16,0,0,0.00039383,3.979e-12,0,102,-90.625,4.4666e-09,2.6279,-4.9155e-06,0.0018187,8.2962e-06,5153.7,3.168e+05,7.0781e-08,0.16611,4.4703e-08,0.96534,221.84,-1.1108,-8.0439e-09,-1.9537e-10,1,1721,0,2.8,0,-9.3132e-09,102,3.1404e+05,1721,3.168e+05,1.0412e+09
29,13,1,2,15,59,44,0.00039383,3.979e-12,0,10,-90.625,4.4666e-09,2.6256,-4.9137e-06,0.0018187,8.2962e-06,5153.7,3.1678e+05,7.0781e-08,0.16611,4.4703e-08,0.96534,221.84,-1.1108,-8.0439e-09,-1.9572e-10,1,1721,0,2,0,-9.3132e-09,10,3.162e+05,1721,3.1678e+05,1.0412e+09
29,13,1,2,17,59,44,0.00039386,3.979e-12,0,11,-81.844,4.4105e-09,-2.6075,-4.2487e-06,0.00182,7.8883e-06,5153.7,3.2398e+05,-1.8626e-08,0.16606,6.5193e-08,0.96534,225.91,-1.1107,-8.0046e-09,-1.2965e-10,1,1721,0,2,0,-9.3132e-09,11,3.1947e+05,1721,3.2398e+05,1.0412e+09
29,13,1,2,20,0,0,0.00039389,3.979e-12,0,12,-79.719,4.3602e-09,-1.5545,-4.0978e-06,0.0018198,7.73e-06,5153.7,3.312e+05,-6.7055e-08,0.166,3.1665e-08,0.96534,232.72,-1.1112,-8.046e-09,-1.2215e-10,1,1721,0,2,0,-9.3132e-09,12,3.2667e+05,1721,3.312e+05,1.0412e+09
29,13,1,2,8,0,0,0.00039372,3.979e-12,0,63,-84.313,4.392e-09,-1.5724,-4.4759e-06,0.0018198,8.1453e-06,5153.7,2.88e+05,-1.3039e-07,0.16635,7.4506e-09,0.96534,221.94,-1.111,-8.0285e-09,-2.7394e-10,1,1721,0,2,0,-9.3132e-09,63,2.847e+05,1721,2.88e+05,1.0411e+09
29,13,1,2,10,0,0,0.00039375,3.979e-12,0,87,-87.844,4.5366e-09,-0.52254,-4.4238e-06,0.0018192,7.987e-06,5153.7,2.952e+05,1.4901e-08,0.16629,-5.7742e-08,0.96534,228.03,-1.1107,-8.1228e-09,-1.7251e-10,1,1721,0,2,0,-9.3132e-09,87,2.88e+05,1721,2.952e+05,1.0412e+09
29,13,1,2,12,0,0,0.00039378,3.979e-12,0,89,-90.75,4.5855e-09,0.52747,-4.679e-06,0.0018193,8.0187e-06,5153.7,3.024e+05,2.9802e-08,0.16623,-3.7253e-08,0.96534,230.69,-1.1106,-8.1318e-09,-1.7501e-10,1,1721,0,2,0,-9.3132e-09,89,2.952e+05,1721,3.024e+05,1.0412e+09
29,13,1,2,14,0,0,0.00039381,3.979e-12,0,99,-93.281,4.5716e-09,1.578,-4.8075e-06,0.0018191,8.2869e-06,5153.7,3.096e+05,9.3132e-08,0.16617,-1.1176e-08,0.96534,225.5,-1.111,-8.0736e-09,-1.8072e-10,1,1721,0,2.8,0,-9.3132e-09,99,3.024e+05,1721,3.096e+05,1.0412e+09
29,13,1,2,16,0,0,0.00039383,3.979e-12,0,102,-90.625,4.4666e-09,2.6279,-4.9155e-06,0.0018187,8.2962e-06,5153.7,3.168e+05,7.0781e-08,0.16611,4.4703e-08,0.96534,221.84,-1.1108,-8.0439e-09,-1.9537e-10,1,1721,0,2.8,0,-9.3132e-09,102,3.096e+05,1721,3.168e+05,1.0412e+09
29,13,1,2,8,0,0,0.00039372,3.979e-12,0,63,-84.313,4.392e-09,-1.5724,-4.4759e-06,0.0018198,8.1453e-06,5153.7,2.88e+05,-1.3039e-07,0.16635,7.4506e-09,0.96534,221.94,-1.111,-8.0285e-09,-2.7394e-10,1,1721,0,2,0,-9.3132e-09,63,2.8561e+05,1721,2.88e+05,1.0411e+09
29,13,1,2,10,0,0,0.00039375,3.979e-12,0,87,-87.844,4.5366e-09,-0.52254,-4.4238e-06,0.0018192,7.987e-06,5153.7,2.952e+05,1.4901e-08,0.16629,-5.7742e-08,0.96534,228.03,-1.1107,-8.1228e-09,-1.7251e-10,1,1721,0,2,0,-9.3132e-09,87,2.8802e+05,1721,2.952e+05,1.0412e+09
29,13,1,2,12,0,0,0.00039378,3.979e-12,0,89,-90.75,4.5855e-09,0.52747,-4.679e-06,0.0018193,8.0187e-06,5153.7,3.024e+05,2.9802e-08,0.16623,-3.7253e-08,0.96534,230.69,-1.1106,-8.1318e-09,-1.7501e-10,1,1721,0,2,0,-9.3132e-09,89,2.9522e+05,1721,3.024e+05,1.0412e+09
29,13,1,2,14,0,0,0.00039381,3.979e-12,0,99,-93.281,4.5716e-09,1.578,-4.8075e-06,0.0018191,8.2869e-06,5153.7,3.096e+05,9.3132e-08,0.16617,-1.1176e-08,0.96534,225.5,-1.111,-8.0736e-09,-1.8072e-10,1,1721,0,2.8,0,-9.3132e-09,99,3.0242e+05,1721,3.096e+05,1.0412e+09
29,13,1,2,16,0,0,0.00039383,3.979e-12,0,102,-90.625,4.4666e-09,2.6279,-4.9155e-06,0.0018187,8.2962e-06,5153.7,3.168e+05,7.0781e-08,0.16611,4.4703e-08,0.96534,221.84,-1.1108,-8.0439e-09,-1.9537e-10,1,1721,0,2.8,0,-9.3132e-09,102,3.0962e+05,1721,3.168e+05,1.0412e+09
29,13,1,2,6,0,0,0.00039369,3.979e-12,0,49,-86.375,4.3502e-09,-2.6231,-4.5747e-06,0.0018202,8.6036e-06,5153.7,2.808e+05,-2.4214e-08,0.16641,5.0291e-08,0.96535,214.25,-1.1105,-7.9303e-09,-2.8323e-10,0,1721,0,0,0,-9.3132e-09,49,2.7549e+05,1721,2.808e+05,1.0411e+09
29,13,1,2,8,0,0,0.00039372,3.979e-12,0,63,-84.313,4.392e-09,-1.5724,-4.4759e-06,0.0018198,8.1453e-06,5153.7,2.88e+05,-1.3039e-07,0.16635,7.4506e-09,0.96534,221.94,-1.111,-8.0285e-09,-2.7394e-10,0,1721,0,0,0,-9.3132e-09,63,2.8095e+05,1721,2.88e+05,1.0411e+09
29,13,1,2,10,0,0,0.00039375,3.979e-12,0,87,-87.844,4.5366e-09,-0.52254,-4.4238e-06,0.0018192,7.987e-06,5153.7,2.952e+05,1.4901e-08,0.16629,-5.7742e-08,0.96534,228.03,-1.1107,-8.1228e-09,-1.7251e-10,0,1721,0,0,0,-9.3132e-09,87,2.883e+05,1721,2.952e+05,1.0412e+09
29,13,1,2,12,0,0,0.00039378,3.979e-12,0,89,-90.75,4.5855e-09,0.52747,-4.679e-06,0.0018193,8.0187e-06,5153.7,3.024e+05,2.9802e-08,0.16623,-3.7253e-08,0.96534,230.69,-1.1106,-8.1318e-09,-1.7501e-10,0,1721,0,0,0,-9.3132e-09,89,3.0099e+05,1721,3.024e+05,1.0412e+09
29,13,1,2,14,0,0,0.00039381,3.979e-12,0,99,-93.281,4.5716e-09,1.578,-4.8075e-06,0.0018191,8.2869e-06,5153.7,3.096e+05,9.3132e-08,0.16617,-1.1176e-08,0.96534,225.5,-1.111,-8.0736e-09,-1.8072e-10,0,1721,0,1,0,-9.3132e-09,99,3.0282e+05,1721,3.096e+05,1.0412e+09
29,13,1,2,16,0,0,0.00039383,3.979e-12,0,102,-90.625,4.4666e-09,2.6279,-4.9155e-06,0.0018187,8.2962e-06,5153.7,3.168e+05,7.0781e-08,0.16611,4.4703e-08,0.96534,221.84,-1.1108,-8.0439e-09,-1.9537e-10,0,1721,0,1,0,-9.3132e-09,102,3.1008e+05,1721,3.168e+05,1.0412e+09
29,13,1,2,15,59,44,0.00039383,3.979e-12,0,10,-90.625,4.4666e-09,2.6256,-4.9137e-06,0.0018187,8.2962e-06,5153.7,3.1678e+05,7.0781e-08,0.16611,4.4703e-08,0.96534,221.84,-1.1108,-8.0439e-09,-1.9572e-10,0,1721,0,0,0,-9.3132e-09,10,3.1647e+05,1721,3.1678e+05,1.0412e+09
29,13,1,2,17,59,44,0.00039386,3.979e-12,0,11,-81.844,4.4105e-09,-2.6075,-4.2487e-06,0.00182,7.8883e-06,5153.7,3.2398e+05,-1.8626e-08,0.16606,6.5193e-08,0.96534,225.91,-1.1107,-8.0046e-09,-1.2965e-10,0,1721,0,0,0,-9.3132e-09,11,3.174e+05,1721,3.2398e+05,1.0412e+09
29,13,1,2,0,0,0,0.00039361,3.979e-12,0,9,-98.219,4.323e-09,0.50969,-5.1223e-06,0.0018193,8.6874e-06,5153.7,2.592e+05,6.5193e-08,0.16658,-6.7055e-08,0.96535,216.97,-1.1105,-8.026e-09,-2.4751e-10,1,1721,0,2,0,-9.3132e-09,9,2.5873e+05,1721,2.592e+05,1.0411e+09
29,13,1,2,2,0,0,0.00039363,3.979e-12,0,44,-100.25,4.3741e-09,1.5602,-5.2582e-06,0.0018191,8.7619e-06,5153.7,2.664e+05,1.0058e-07,0.16652,-3.7253e-09,0.96535,212.09,-1.1109,-8.0068e-09,-2.6287e-10,1,1721,0,2,0,-9.3132e-09,44,2.5922e+05,1721,2.664e+05,1.0411e+09
29,13,1,2,4,0,0,0.00039366,3.979e-12,0,48,-95.781,4.3166e-09,2.61,-5.0366e-06,0.0018187,8.896e-06,5153.7,2.736e+05,2.4214e-08,0.16646,4.8429e-08,0.96535,208.75,-1.1105,-7.9518e-09,-3.1537e-10,1,1721,0,2,0,-9.3132e-09,48,2.6642e+05,1721,2.736e+05,1.0411e+09
29,13,1,2,6,0,0,0.00039369,3.979e-12,0,49,-86.375,4.3502e-09,-2.6231,-4.5747e-06,0.0018202,8.6036e-06,5153.7,2.808e+05,-2.4214e-08,0.16641,5.0291e-08,0.96535,214.25,-1.1105,-7.9303e-09,-2.8323e-10,1,1721,0,2,0,-9.3132e-09,49,2.7362e+05,1721,2.808e+05,1.0411e+09
29,13,1,2,8,0,0,0.00039372,3.979e-12,0,63,-84.313,4.392e-09,-1.5724,-4.4759e-06,0.0018198,8.1453e-06,5153.7,2.88e+05,-1.3039e-07,0.16635,7.4506e-09,0.96534,221.94,-1.111,-8.0285e-09,-2.7394e-10,1,1721,0,2,0,-9.3132e-09,63,2.8082e+05,1721,2.88e+05,1.0411e+09
29,13,1,2,2,0,0,0.00039363,3.979e-12,0,44,-100.25,4.3741e-09,1.5602,-5.2582e-06,0.0018191,8.7619e-06,5153.7,2.664e+05,1.0058e-07,0.16652,-3.7253e-09,0.96535,212.09,-1.1109,-8.0068e-09,-2.6287e-10,1,1721,0,2,0,-9.3132e-09,44,2.6292e+05,1721,2.664e+05,1.0411e+09
29,13,1,2,6,0,0,0.00039369,3.979e-12,0,49,-86.375,4.3502e-09,-2.6231,-4.5747e-06,0.0018202,8.6036e-06,5153.7,2.808e+05,-2.4214e-08,0.16641,5.0291e-08,0.96535,214.25,-1.1105,-7.9303e-09,-2.8323e-10,1,1721,0,2,0,-9.3132e-09,49,2.7366e+05,1721,2.808e+05,1.0411e+09
29,13,1,2,16,0,0,0.00039383,3.979e-12,0,102,-90.625,4.4666e-09,2.6279,-4.9155e-06,0.0018187,8.2962e-06,5153.7,3.168e+05,7.0781e-08,0.16611,4.4703e-08,0.96534,221.84,-1.1108,-8.0439e-09,-1.9537e-10,1,1721,0,2.8,0,-9.3132e-09,102,3.1269e+05,1721,3.168e+05,1.0412e+09
29,13,1,2,20,0,0,0.00039389,3.979e-12,0,12,-79.719,4.3602e-09,-1.5545,-4.0978e-06,0.0018198,7.73e-06,5153.7,3.312e+05,-6.7055e-08,0.166,3.1665e-08,0.96534,232.72,-1.1112,-8.046e-09,-1.2215e-10,1,1721,0,2,0,-9.3132e-09,12,3.2403e+05,1721,3.312e+05,1.0412e+09
29,13,1,2,22,0,0,0.00039392,3.979e-12,0,13,-81.344,4.3909e-09,-0.50454,-4.1425e-06,0.0018194,7.5679e-06,5153.7,3.384e+05,-8.5682e-08,0.16594,-2.6077e-08,0.96534,236.91,-1.111,-8.0535e-09,-1.3858e-10,1,1721,0,2,0,-9.3132e-09,13,3.3123e+05,1721,3.384e+05,1.0412e+09
29,13,1,2,8,0,0,0.00039372,3.979e-12,0,63,-84.313,4.392e-09,-1.5724,-4.4759e-06,0.0018198,8.1453e-06,5153.7,2.88e+05,-1.3039e-07,0.16635,7.4506e-09,0.96534,221.94,-1.111,-8.0285e-09,-2.7394e-10,0,1721,0,2,0,-9.3132e-09,63,2.823e+05,1721,2.88e+05,1.0411e+09
29,13,1,2,10,0,0,0.00039375,3.979e-12,0,87,-87.844,4.5366e-09,-0.52254,-4.4238e-06,0.0018192,7.987e-06,5153.7,2.952e+05,1.4901e-08,0.16629,-5.7742e-08,0.96534,228.03,-1.1107,-8.1228e-09,-1.7251e-10,0,1721,0,2,0,-9.3132e-09,87,2.88e+05,1721,2.952e+05,1.0412e+09
29,13,1,2,12,0,0,0.00039378,3.979e-12,0,89,-90.75,4.5855e-09,0.52747,-4.679e-06,0.0018193,8.0187e-06,5153.7,3.024e+05,2.9802e-08,0.16623,-3.7253e-08,0.96534,230.69,-1.1106,-8.1318e-09,-1.7501e-10,0,1721,0,2,0,-9.3132e-09,89,2.952e+05,1721,3.024e+05,1.0412e+09
29,13,1,2,14,0,0,0.00039381,3.979e-12,0,99,-93.281,4.5716e-09,1.578,-4.8075e-06,0.0018191,8.2869e-06,5153.7,3.096e+05,9.3132e-08,0.16617,-1.1176e-08,0.96534,225.5,-1.111,-8.0736e-09,-1.8072e-10,0,1721,0,2.8,0,-9.3132e-09,99,3.024e+05,1721,3.096e+05,1.0412e+09
29,13,1,2,4,0,0,0.00039366,3.979e-12,0,48,-95.781,4.3166e-09,2.61,-5.0366e-06,0.0018187,8.896e-06,5153.7,2.736e+05,2.4214e-08,0.16646,4.8429e-08,0.96535,208.75,-1.1105,-7.9518e-09,-3.1537e-10,1,1721,0,2,0,-9.3132e-09,48,2.6907e+05,1721,2.736e+05,1.0411e+09
29,13,1,2,6,0,0,0.00039369,3.979e-12,0,49,-86.375,4.3502e-09,-2.6231,-4.5747e-06,0.0018202,8.6036e-06,5153.7,2.808e+05,-2.4214e-08,0.16641,5.0291e-08,0.96535,214.25,-1.1105,-7.9303e-09,-2.8323e-10,1,1721,0,2,0,-9.3132e-09,49,2.7627e+05,1721,2.808e+05,1.0411e+09
29,13,1,2,14,0,0,0.00039381,3.979e-12,0,99,-93.281,4.5716e-09,1.578,-4.8075e-06,0.0018191,8.2869e-06,5153.7,3.096e+05,9.3132e-08,0.16617,-1.1176e-08,0.96534,225.5,-1.111,-8.0736e-09,-1.8072e-10,1,1721,0,2.8,0,-9.3132e-09,99,3.0804e+05,1721,3.096e+05,1.0412e+09
29,13,1,2,16,0,0,0.00039383,3.979e-12,0,102,-90.625,4.4666e-09,2.6279,-4.9155e-06,0.0018187,8.2962e-06,5153.7,3.168e+05,7.0781e-08,0.16611,4.4703e-08,0.96534,221.84,-1.1108,-8.0439e-09,-1.9537e-10,1,1721,0,2.8,0,-9.3132e-09,102,3.1227e+05,1721,3.168e+05,1.0412e+09
29,13,1,2,15,59,44,0.00039383,3.979e-12,0,10,-90.625,4.4666e-09,2.6256,-4.9137e-06,0.0018187,8.2962e-06,5153.7,3.1678e+05,7.0781e-08,0.16611,4.4703e-08,0.96534,221.84,-1.1108,-8.0439e-09,-1.9572e-10,1,1721,0,2,0,-9.3132e-09,10,3.162e+05,1721,3.1678e+05,1.0412e+09
29,13,1,2,17,59,44,0.00039386,3.979e-12,0,11,-81.844,4.4105e-09,-2.6075,-4.2487e-06,0.00182,7.8883e-06,5153.7,3.2398e+05,-1.8626e-08,0.16606,6.5193e-08,0.96534,225.91,-1.1107,-8.0046e-09,-1.2965e-10,1,1721,0,2,0,-9.3132e-09,11,3.1947e+05,1721,3.2398e+05,1.0412e+09
29,13,1,2,20,0,0,0.00039389,3.979e-12,0,12,-79.719,4.3602e-09,-1.5545,-4.0978e-06,0.0018198,7.73e-06,5153.7,3.312e+05,-6.7055e-08,0.166,3.1665e-08,0.96534,232.72,-1.1112,-8.046e-09,-1.2215e-10,1,1721,0,2,0,-9.3132e-09,12,3.2667e+05,1721,3.312e+05,1.0412e+09
29,13,1,2,17,59,44,0.00039386,3.979e-12,0,11,-81.844,4.4105e-09,-2.6075,-4.2487e-06,0.00182,7.8883e-06,5153.7,3.2398e+05,-1.8626e-08,0.16606,6.5193e-08,0.96534,225.91,-1.1107,-8.0046e-09,-1.2965e-10,1,1721,0,2,0,-9.3132e-09,11,3.1682e+05,1721,3.2398e+05,1.0412e+09
29,13,1,2,16,0,0,0.00039383,3.979e-12,0,102,-90.625,4.4666e-09,2.6279,-4.9155e-06,0.0018187,8.2962e-06,5153.7,3.168e+05,7.0781e-08,0.16611,4.4703e-08,0.96534,221.84,-1.1108,-8.0439e-09,-1.9537e-10,1,1721,0,2.8,0,-9.3132e-09,102,0,1721,3.168e+05,1.0412e+09
29,13,1,2,22,0,0,0.00039392,3.979e-12,0,13,-81.344,4.3909e-09,-0.50454,-4.1425e-06,0.0018194,7.5679e-06,5153.7,3.384e+05,-8.5682e-08,0.16594,-2.6077e-08,0.96534,236.91,-1.111,-8.0535e-09,-1.3858e-10,1,1721,0,2,0,-9.3132e-09,13,3.3122e+05,1721,3.384e+05,1.0412e+09
29,13,1,2,17,59,44,0.00039386,3.979e-12,0,11,-81.844,4.4105e-09,-2.6075,-4.2487e-06,0.00182,7.8883e-06,5153.7,3.2398e+05,-1.8626e-08,0.16606,6.5193e-08,0.96534,225.91,-1.1107,-8.0046e-09,-1.2965e-10,1,1721,0,2,0,-9.3132e-09,11,3.1691e+05,1721,3.2398e+05,1.0412e+09
29,13,1,2,16,0,0,0.00039383,3.979e-12,0,102,-90.625,4.4666e-09,2.6279,-4.9155e-06,0.0018187,8.2962e-06,5153.7,3.168e+05,7.0781e-08,0.16611,4.4703e-08,0.96534,221.84,-1.1108,-8.0439e-09,-1.9537e-10,1,1721,0,2.8,0,-9.3132e-09,102,0,1721,3.168e+05,1.0412e+09
29,13,1,2,16,0,0,0.00039383,3.979e-12,0,102,-90.625,4.4666e-09,2.6279,-4.9155e-06,0.0018187,8.2962e-06,5153.7,3.168e+05,7.0781e-08,0.16611,4.4703e-08,0.96534,221.84,-1.1108,-8.0439e-09,-1.9537e-10,1,1721,0,2.8,0,-9.3132e-09,102,0,1721,3.168e+05,1.0412e+09
29,13,1,2,16,0,0,0.00039383,3.979e-12,0,102,-90.625,4.4666e-09,2.6279,-4.9155e-06,0.0018187,8.2962e-06,5153.7,3.168e+05,7.0781e-08,0.16611,4.4703e-08,0.96534,221.84,-1.1108,-8.0439e-09,-1.9537e-10,1,1721,0,2.8,0,-9.3132e-09,102,0,1721,3.168e+05,1.0412e+09
29,13,1,2,16,0,0,0.00039383,3.979e-12,0,102,-90.625,4.4666e-09,2.6279,-4.9155e-06,0.0018187,8.2962e-06,5153.7,3.168e+05,7.0781e-08,0.16611,4.4703e-08,0.96534,221.84,-1.1108,-8.0439e-09,-1.9537e-10,1,1721,0,2.8,0,-9.3132e-09,102,0,1721,3.168e+05,1.0412e+09
29,13,1,2,22,0,0,0.00039392,3.979e-12,0,13,-81.344,4.3909e-09,-0.50454,-4.1425e-06,0.0018194,7.5679e-06,5153.7,3.384e+05,-8.5682e-08,0.16594,-2.6077e-08,0.96534,236.91,-1.111,-8.0535e-09,-1.3858e-10,1,1721,0,2,0,-9.3132e-09,13,3.456e+05,1721,3.384e+05,1.0412e+09
